epoch,0,1,2,3,4,5,6,7,8,9,10,11,12,13,14,15,16,17,18,19,20,21,22,23,24,25,26,27,28,29,30
0,3.181232004989636,2.8340319794009368,3.718838806396998,3.231534009223204,3.1949720972963638,2.623036533741325,2.9313699887910483,2.7953457013420273,2.892966133084415,2.4826105538456864,3.1597420276074395,2.740426782924022,2.979849597630564,2.8389076690815176,3.054135861224265,3.040164080066517,2.9686557323580485,2.526787093912483,2.641674269116435,3.132777279176248,2.6015121092464053,3.044015017406588,3.1652654701804894,2.7343453418597896,3.8999670464976752,2.9748586023808015,2.8474365029634474,3.291853789185805,3.273901682854226,2.792747015145273,3.1108335571800154
1,3.174072028103423,2.828030893510174,3.711501020968303,3.224293516937693,3.187779986922245,2.6279259194630993,2.9378130665044697,2.8011717484574405,2.8992550098820464,2.4866630653467934,3.152628473981549,2.7459145984068623,2.9732622829820237,2.8332535909345644,3.0473766124255643,3.033424757381387,2.9740113506638033,2.531143270081792,2.6467056428151374,3.1391629557781515,2.6062566277509793,3.037591871894927,3.158138359157263,2.7289633056820857,3.892987486378021,2.9683598694252753,2.8413762224160646,3.284493984842697,3.2665776721938036,2.7873937126409962,3.1039727722009305
2,3.1669107791063875,2.8221091204200763,3.704133768644603,3.217049466370037,3.180587857400401,2.6328140965278983,2.944261365049157,2.807051403921414,2.9055110550004257,2.4907588114337362,3.145787694198752,2.7514857703298548,2.9668644382895977,2.8274523131949167,3.0406028507870633,3.026735431576224,2.9703845643523232,2.5355402269615106,2.651789567429051,3.145108212166411,2.6110636261825633,3.031029245402412,3.1510285313022894,2.7235404158870438,3.886064523967942,2.9618502952725283,2.8353429057409634,3.2771291757316394,3.259246311528293,2.782545226677567,3.0971378487671277
3,3.159745366157013,2.816315547915968,3.6967286936905217,3.209789129432812,3.1733901917387453,2.637745110594213,2.9506700923502613,2.8129695758127973,2.9117863134970454,2.4948944864374325,3.138995513326798,2.7571151993657175,2.9604369801824535,2.821705060244935,3.033809383007976,3.020034363624285,2.965631875997571,2.539978531241797,2.656901605640653,3.1481765385898424,2.6159341099838027,3.0243961499272887,3.143917368641226,2.7180990814259336,3.8791294206267164,2.955327573863944,2.829342064448304,3.269751914483334,3.251901420733912,2.7779560137758557,3.090283246305866
4,3.152588232486228,2.810662884818054,3.6892818607881575,3.202518908631062,3.1661846951371015,2.642736360499932,2.957048803804417,2.818934347680643,2.918128846071866,2.499071368233342,3.1321201868838626,2.7627852182181085,2.9539878847352306,2.816309850357576,3.0270082814578974,3.0133031556316405,2.9603037355708053,2.544454992711848,2.6620195118945804,3.1480205312222997,2.620865563587725,3.0177112907518806,3.136788347339563,2.7126809443204722,3.872128008933952,2.948797168951206,2.823380850859081,3.2623568819634325,3.2445390365201527,2.773353286889518,3.0834053530780485
5,3.145460234276033,2.8051190293496377,3.6817943433138125,3.1952543202041848,3.1589745140971246,2.647796617948846,2.9634502607260043,2.82496029259291,2.924548789870297,2.5032935595650576,3.1251624026558864,2.768499872409235,2.9478145195569607,2.811785855965523,3.020223098856554,3.0065570420023016,2.954600341534368,2.548970517598864,2.6671495506673017,3.1462519273956313,2.6258582138750985,3.0110172903053347,3.129657340040402,2.7074505269182527,3.865048392816469,2.9422855162456885,2.817480205892511,3.254942869210218,3.2371527623484546,2.7686240041777,3.07652235909842
6,3.1383817932091427,2.799618204213978,3.674270036295708,3.188008856605534,3.1517683700820083,2.652931816556566,2.9699294580516353,2.8310533387309866,2.931044910993474,2.5075645166711715,3.1181956209629087,2.7742642832850057,2.9424881439663513,2.8087419882076663,3.0134874739434596,2.9998408722507133,2.948753562877277,2.5535308742719645,2.6723158129837805,3.1443288961005975,2.6309142558450938,3.004565999948092,3.122581496299043,2.7027973036234423,3.8579257601523826,2.935853631099139,2.81167153439753,3.247514313411826,3.229739168726926,2.763759046505982,3.069665614179378
7,3.131366687566848,2.7940888764941096,3.6667114513518486,3.1807870179582554,3.144578626732195,2.6581450718693946,2.976517122571365,2.8372123025567273,2.937608661854432,2.5118847609239427,3.1113028656822452,2.780069196738539,2.938515034470073,2.8074892595354517,3.006842985365985,2.9932200068782646,2.9431866501332538,2.5581432840324223,2.677542307831312,3.1439047936059876,2.636036609497901,2.998948304747774,3.1156480403868057,2.699306804018402,3.850827641664261,2.9295939573820746,2.805987040480089,3.2400799592839733,3.2223016690063355,2.758791011379232,3.062870534819475
8,3.1244213074289973,2.7884876199408435,3.6591202794142763,3.173586831872559,3.1374205767047956,2.6634360095923406,2.983211946113949,2.8434259865485663,2.944215762517516,2.516253416715645,3.1045590807173915,2.7858973786352217,2.9360385181245943,2.8079314449935904,3.000339742510628,2.9867745135859334,2.938596239317444,2.5628136320141333,2.6828432272775,3.1456879312079726,2.641227806079781,2.994956161236109,3.1089502226927417,2.697374970832522,3.84382831234283,2.9236059169672695,2.8004487168397945,3.2326503347847853,3.2148504003827982,2.753769745717428,3.0561622671353352
9,3.117544978710677,2.7828020345299707,3.651497861581332,3.1664046154892818,3.1303113900956556,2.6688010521411845,2.9899877098778607,2.8496659553191765,2.9508213591589465,2.520667158957616,3.09801197207671,2.7917286381955897,2.9348868859707027,2.809739193168241,2.9940345823212846,2.980593180249466,2.935718353335327,2.5675466564866634,2.688224313495216,3.1491338154961857,2.646488297047804,2.993049123011907,3.102565351763202,2.696954809367229,3.836984929541874,2.9179713353004164,2.7950726217157356,3.225237627583956,3.207400985818834,2.7487628680190324,3.049547055422811
10,3.110730227697731,2.777036228709015,3.643844133296846,3.159238763149032,3.1232693680733807,2.674234130071648,2.996801074054418,2.8558809378580694,2.957350793755009,2.5251181958745557,3.091661720338522,2.797539983158428,2.93476177582592,2.8125825408270404,2.987987738337976,2.974764493316947,2.934822210405619,2.572346341185329,2.693686485438114,3.1536728093531776,2.6518149662816057,2.9930990655295213,3.096541522378397,2.6977456206595263,3.83032288132995,2.9127364561758937,2.789880473599226,3.2178572447845935,3.199973798808911,2.7438668397184998,3.0430179606992134
11,3.1039658182192795,2.771201061131174,3.636156405057384,3.1520920621213175,3.116312940861018,2.679727336163908,3.003600100282079,2.8619973542331936,2.9636911398180885,2.5295938769635558,3.0854584640158746,2.8033025424027773,2.935349069353711,2.816205235409253,2.9822575084538423,2.969365611271436,2.935649943445032,2.57721537210885,2.699227032198954,3.1589629239398187,2.6572003129918578,2.994694053590959,3.0908955749977722,2.6994355825243996,3.8238339651362856,2.907914626119524,2.7849105052846976,3.2105294633384354,3.192593657679948,2.7392331541563797,3.0365715600183902
12,3.0972401038971134,2.765310507939268,3.628428749802209,3.1449718731371146,3.109458845707807,2.685271283603044,3.010332214291228,2.867927787608728,2.969685438514506,2.534077911813147,3.079318892525488,2.8089801510647243,2.936365289525984,2.820422069325157,2.9768957054147034,2.9644569377289103,2.937797523770291,2.582154947165642,2.7048403990536123,3.1647891726239483,2.662632684888147,2.9974348243082516,3.0856206767515983,2.7017800611988285,3.817485118301374,2.903499753582882,2.7802221631971262,3.203279738869087,3.185288811093954,2.735100289728627,3.03022294378778
13,3.0905440676730613,2.7593816749932216,3.620652889169637,3.137888559935133,3.1027202541750087,2.6908554262389837,3.016947582829971,2.873582831735867,2.9751333983926873,2.5385524397979826,3.0731507487249017,2.8145297707015597,2.937573654636897,2.8250967410038754,2.971941507157581,2.9600778527298903,2.940924974281816,2.5871646815630713,2.7105190479409504,3.1709914539220447,2.668097553560136,3.0010132031990744,3.0806956972763917,2.7045983042018715,3.811229431594789,2.899477214940193,2.7758951337124347,3.1961376285798484,3.178088967167284,2.7317992005986995,3.0240144706029386
14,3.0838741630022244,2.7534361725869543,3.612820168955091,3.1308533927980386,3.096107151056915,2.6964690889470475,3.0233998154159334,2.8788849667838545,2.979820633533092,2.5430014286101272,3.066878420091425,2.8199032247387983,2.938784265476505,2.8301194832056145,2.967410588955371,2.9562356654964868,2.9447738499654696,2.5922417438509466,2.716253311438459,3.177425414279268,2.6735785171770976,3.0051917646032216,3.076088120897017,2.7077542608106953,3.8050145107883324,2.8958280590310554,2.772020934619535,3.1891341929121677,3.1710228739385995,2.729672367680336,3.0180157802064853
15,3.077233213472695,2.7475000034306074,3.604922383956506,3.1238754239729962,3.089626430308641,2.7021022252891678,3.0296416619953375,2.8837771800178853,2.9835691645164486,2.5474138251167524,3.060455970780631,2.825047696245864,2.9398455436263573,2.835391220300403,2.9632880826477743,2.9528985255789904,2.9491408033665127,2.597379793981127,2.7220306403821994,3.183935905000885,2.6790577731049665,3.0097702803294193,3.0717523722368476,2.7111388540478716,3.798786721985177,2.892526406616036,2.7686850737211675,3.182297474736769,3.1641148591013053,2.7289115080778004,3.012314857683231
16,3.0706300907616777,2.741601807724957,3.59695194241643,3.1169586978160644,3.0832826536843934,2.7077465482423437,3.035621212146532,2.8882264249746754,2.986285984697207,2.5517857973431277,3.0538676831764326,2.829908093716762,2.9406361469815883,2.8408134327772623,2.959529037017118,2.9499955431262546,2.953849861332398,2.602567954236347,2.727834298882173,3.190327978990834,2.684515765335229,3.014553917550867,3.0676251370021346,2.714651448743713,3.7924921871613027,2.889530926107501,2.7659433107953113,3.1756469975576995,3.1573811486923757,2.729475190425704,3.007001167442631
17,3.064077963221013,2.7357683588846147,3.588901614237845,3.110100569301511,3.0770775678178452,2.713395606933231,3.041277888828785,2.8922202387118032,2.987979875707194,2.5561220363521917,3.0471212808061123,2.834428187060367,2.94105085206101,2.8462818143393633,2.956065463688944,2.947424430820142,2.9587311662159177,2.607790021774764,2.733641458714769,3.196327326751797,2.689930226413562,3.0193257629594896,3.0636229415249794,2.7181821118517426,3.786077923854142,2.886778561650048,2.763807472805456,3.169190084215487,3.1508279016060907,2.7311719748107386,3.0021425558492068
18,3.057591949266463,2.7300186955327685,3.580763936548388,3.1032918611735276,3.0710095005764377,2.719044687125434,3.0465433643409305,2.8957607958291045,2.988740533227663,2.560435660185279,3.040241701764769,2.838557074201996,2.9410036697749873,2.8516900533128235,2.9528192557338775,2.945064976290012,2.9636065690212714,2.613024367046136,2.739421333333997,3.201539975513387,2.6952748172463763,3.023823201278101,3.0596440435688823,2.7215926348261634,3.7794943065561286,2.8841811484369746,2.762244762005998,3.1629209866378796,3.144450957104376,2.7337765512111885,2.9977641379128173
19,3.0511858768982445,2.724359021533992,3.572531323307893,3.096518777557475,3.0650722631586884,2.7246908975884336,3.051353191488042,2.89886567111257,2.988708853747186,2.564747866311797,3.033271789870672,2.842267046585196,2.940446113009715,2.856944094180708,2.9497166241954504,2.9427959417970007,2.9682866473428207,2.6182454213840733,2.7451355012891097,3.205480875598388,2.700519410967489,3.027739955969415,3.055580819644313,2.7247096091595875,3.7727006552091726,2.8816300813148903,2.761189130788506,3.156822765663916,3.1382373737643112,2.7370895445267798,2.993844482349163
20,3.044868126351317,2.7187796835503244,3.5641967156436243,3.089765797953399,3.059253986063077,2.7303326920146036,3.0556613155891417,2.9015710407933444,2.988052847034417,2.5690866435659396,3.0262779297230162,2.845572967096463,2.939387350751444,2.8619810656114417,2.9466982005723596,2.940510250634925,2.9725802390695772,2.6234263379938,2.7507397110271894,3.2077171141897307,2.705631481325661,3.0307650493076093,3.051334562689631,2.7273306456140998,3.76566968800611,2.87900776825299,2.7605567992041395,3.1508710063252146,3.132167745738989,2.7409476526313528,2.9903262261358687
21,3.0386404582670177,2.7132582902609963,3.555754589855109,3.083018983521953,3.0535388993912056,2.7359701015284967,3.059453208676371,2.9039297231064456,2.986945739673878,2.5734833367671386,3.0193561870686327,2.8485401381663182,2.9379099461871383,2.866792433118081,2.943729455035795,2.9381314202330118,2.976318836172946,2.6285422823973645,2.756186785381679,3.208050081184947,2.7105772273994595,3.0326466038806443,3.0468281340631664,2.7292509522343904,3.7583890501497956,2.8762045167836194,2.760263603160932,3.145040186214384,3.126221248277756,2.7452187609772665,2.987134827326062
22,3.0324982766006086,2.7077660612771086,3.547201668466031,3.0762677184277805,3.047908004612495,2.7416041821632176,3.062749496006206,2.906007301680879,2.9855549279519726,2.577968721928949,3.01263866972881,2.851279491323176,2.9361678775309064,2.8714302930522964,2.9408034978895237,2.9356210008555004,2.9793831396049315,2.633573614388068,2.761431214953598,3.2065735142481846,2.7153239067519976,3.03325397849624,3.0420144424276456,2.730309007124952,3.7508597146906366,2.8731352879032404,2.7602384961992654,3.1393093878772063,3.120380078543906,2.7497958151893016,2.9841982243395586
23,3.026432650217024,2.70227588189338,3.5385375006279522,3.069505226509531,3.0423399046173323,2.747236436646381,3.065599599173332,2.9078771305533953,2.9840387702692177,2.582569861168242,3.0062966455189057,2.8539368045079656,2.9343869084033347,2.8759974536970825,2.9379393853665032,2.9329790426476126,2.981723107383067,2.638508818768463,2.766435631373107,3.203560833821705,2.719843435660263,3.0325961250525104,3.0368785150648607,2.7304275809166656,3.7430927117344672,2.8697505361122726,2.760431906122582,3.1336661390942946,3.114632833056491,2.754594920510403,2.9814632612648486
24,3.020433242451796,2.6967687500313717,3.529764679785827,3.0627280309550455,3.0368117502327268,2.752868143017005,3.068068672914026,2.9096147557159124,2.9825472097890087,2.5873081700830105,3.000534977262283,2.856678288882687,2.9328665153579654,2.8806259977275968,2.9351780823701574,2.930240477273883,2.9833649310041896,2.6433466624739443,2.771177936056503,3.1993224381110226,2.724116720038701,3.0307879439847722,3.0314332850045176,2.7296212760800165,3.7351054006437585,2.866036476099394,2.7608172541613376,3.128107722969834,3.1089762251514212,2.7595557701265783,2.9789035002639803
25,3.0144912234997614,2.691237224296815,3.5208885467645463,3.05593474595469,3.0313003681007915,2.7584996619676914,3.0702209657057056,2.911290431895952,2.9812222309467553,2.5921986787439675,2.9955714637325515,2.8596714988786505,2.931962742727268,2.8854491571660716,2.9325773557098653,2.9274692694823443,2.984404295008364,2.6480970243202346,2.7756572096700323,3.1941323727835096,2.7281372615411192,3.027997704608825,3.0257119824913388,2.727969485407238,3.7269178587608747,2.8620060823273024,2.7613859758569386,3.122640024622345,3.103414839515777,2.7646402768620657,2.9765161605418906
26,3.0086019725966127,2.6856862284590064,3.511916685824434,3.049125005142867,3.02578410409531,2.7641303613813495,3.072108268346288,2.9129653832037197,2.980201419136,2.597251118191253,2.9916091597398276,2.8630694060657866,2.9320359461930945,2.8905787533330107,2.9302085270294222,2.9247538629850425,2.9849970827348105,2.652780653287469,2.7798969349998806,3.1882153837292337,2.7319129704195797,3.0244060716782544,3.019759934542166,2.725579949344387,3.718549810940772,2.8576859947346804,2.762136619932404,3.1172739288680136,3.097958547390445,2.7698266406761567,2.974309774284801
27,3.0027670185432602,2.6801327807070514,3.502858366483352,3.042299171515378,3.020245339433285,2.7697587889279665,3.0737658194345077,2.9146932603349,2.9796213427486764,2.6024716663716685,2.9888088431951125,2.8669935860214357,2.9333492574224413,2.8960918937951368,2.928154523795049,2.9222038481553483,2.985353692212481,2.6574283307327944,2.783944986368972,3.1817597362091328,2.7354664080778104,3.0201857611647576,3.0136277386361314,2.722562096715179,3.710018062044033,2.8531045303490563,2.763062731909166,3.112020726662191,3.0926188705431557,2.775101442646351,2.972289220729899
28,2.996994130353862,2.67460386470067,3.4937236023589557,3.035458481484185,3.014672193151615,2.775382333891149,3.075211965770724,2.9165213460830937,2.979612213182115,2.6078641300118535,2.9872682480786548,2.871518432668396,2.935981732917091,2.9020281587191645,2.9265086273971495,2.919949124744117,2.985738556184425,2.6620792962098947,2.787870421106588,3.174934235974472,2.738832303247374,3.0154932178862435,3.0073644905222787,2.719009083425619,3.70133384352485,2.8482807101276495,2.764140154916336,3.1068870506994397,3.087404970538384,2.7804513729121885,2.970441961005931
29,2.9912962274594426,2.669134284768199,3.484522411018645,3.028605654635246,3.009059650922694,2.7809972271759005,3.076454843749104,2.918493530098063,2.9802903127401708,2.6134309601724937,2.987019138229915,2.8766683111050106,2.9398428027229997,2.908396324383033,2.9253739082424293,2.9181395795230034,2.98646542005428,2.666779264390449,2.791758094047527,3.1679028210585356,2.742053989817567,3.010466421560248,3.0010133207936027,2.714992430597737,3.69250199371494,2.843219045561468,2.765318760557758,3.10187104776492,3.0823198219243237,2.785855210314727,2.968730110488271
30,2.9856893447044737,2.6637637548609856,3.4752642744672895,3.0217454117625513,3.0034096085923467,2.786598189580994,3.077500174188855,2.9206517641150045,2.981747647475294,2.619173527519608,2.9880355916476766,2.8824249269596547,2.944757095007756,2.915184245044941,2.9248600344437685,2.916941788252708,2.9878698209366137,2.6715775187522657,2.7957015206815705,3.1608333815493066,2.7451788747849553,3.005222513856783,2.9946078972269743,2.710562161961912,3.683521521818795,2.837909257599472,2.7665180295352645,3.0969601764806334,3.077357328934076,2.7912777677423977,2.967090240401457
31,2.9801901331477936,2.6585335881486474,3.4659578191070866,3.0148847283052116,2.9977294481872323,2.7921777383065174,3.0783540849875606,2.923034071288763,2.9840397569982855,2.6250917558153546,2.990246891533117,2.888741187011411,2.950540260909836,2.922367224893678,2.9250751449326833,2.9165265930370365,2.9902419107256533,2.676522830878971,2.7997943473669067,3.153899882451413,2.7482537251854,2.9998550156281745,2.98817015736418,2.7057517080833278,3.6743874880756673,2.832331656374071,2.767627185971527,3.092131186195007,3.0725009846712297,2.7966661134772384,2.965441107684577
32,2.974813665430438,2.6534833187237084,3.456610984212454,3.0080326113047793,2.992029873102408,2.797725145883711,3.079019136313721,2.9256678801754257,2.9871769693373724,2.6311834702755927,2.993550812428145,2.8955567180309645,2.9570340824575942,2.929914224439478,2.926111226791436,2.9170446112118253,2.993740695258462,2.681658664998543,2.8041216449155417,3.1472778673205797,2.7513209737948916,2.9944320558180335,2.9817101669991812,2.7005858678117343,3.6650937540217168,2.8264660123495897,2.768510906150983,3.087352202533184,3.0677243407143795,2.8019477628153973,2.9636950706782232
33,2.969571611396921,2.648647467265754,3.4472314962539876,3.0011992667734155,2.9863223176361315,2.8032250441634075,3.079483220978924,2.9285592355174037,2.9911221070410816,2.637443627328932,2.997825428832678,2.9028099306110104,2.964113397561276,2.937792169133659,2.928025972555839,2.9185939975417776,2.9983593917742217,2.687018523782501,2.808752176830844,3.1411356853550867,2.7544171443562373,2.988998873422964,2.97522891214712,2.69508934392069,3.655635911783614,2.820301141177032,2.7690231441718423,3.082586919702811,3.062993746466715,2.807032704783256,2.9617712759872337
34,2.964470136344569,2.6440507103276714,3.4378271824689755,2.9943943667344746,2.9806154365573163,2.80865547550143,3.0797048783210585,2.931681106808889,2.995795501655765,2.6438633365340305,3.0029381196260263,2.9104441496322586,2.9716811129942853,2.9459687862715382,2.930829861352526,2.9211972033722557,3.0039749510694413,2.6926226538600107,2.813733452514759,3.1356283890645287,2.7575749937456484,2.9835882815051638,2.968724279405056,2.689292462508995,3.6460139077829155,2.8138415277489255,2.769031219397564,3.0778011106401495,3.0582745214206,2.811826625315765,2.959612993164769
35,2.959509648927727,2.639707320660943,3.428406842558526,2.98762638978369,2.974913641324222,2.8139863517135804,3.079596154345903,2.9349556740011726,3.00107837551402,2.6504284130177695,3.008751035957766,2.918406740862064,2.9796576400793344,2.9544117342357445,2.934480225791866,2.924798929602866,3.0104261743411187,2.6984773158656363,2.819090222389992,3.130895971857646,2.7608274653008746,2.978238560372045,2.962201224059335,2.683234858181656,3.6362345341492643,2.8071107167727387,2.7684504653630073,3.072970648545221,3.053538740583818,2.816251305768348,2.95720117613035
36,2.9546864752541526,2.6356226291288904,3.4189814302183756,2.9809029072189577,2.969217153657802,2.819178343437125,3.079013773497188,2.938234858886881,3.006808825632465,2.6571165337262324,3.0151176382077693,2.926639710580223,2.98796357600901,2.963081816898935,2.9388852343002214,2.929285665569362,3.017562034129214,2.704576002852889,2.824826090729613,3.127065214190173,2.7642126855843436,2.9730170233787607,2.9556835998633413,2.676966987582107,3.6263140486715186,2.8001507031420094,2.7672726802790866,3.0680887622320205,3.0487730251480047,2.8202741483909834,2.954565335975218
37,2.949996724218413,2.631799488472147,3.409565900089786,2.974232584316021,2.963525060237956,2.8241849980016696,3.0777753106255066,2.9412877566776605,3.0127678875088417,2.6638942850606213,3.0218723845250763,2.935060545272127,2.996489969260394,2.97191691557975,2.943914240411148,2.9345123227837613,3.025254201597762,2.710901990868678,2.830928045050482,3.124255432378039,2.7677780976564232,2.968049622060917,2.9492285445559556,2.6705549707642056,3.6162823963387214,2.7930231295392014,2.7655806595121986,3.063173017795101,3.043986226231496,2.8239372933070874,2.951791438076854
38,2.945440820428342,2.628246842427056,3.400181072200262,2.9676276224457636,2.957838197614304,2.8289551012638006,3.075694480827564,2.943794999126177,3.01864335903314,2.670712800332359,3.0288035296218343,2.9435253247781477,3.005038783670854,2.9807982333471683,2.9493987262613706,2.940313891932627,3.033387689125312,2.717429523235075,2.837369673743119,3.12256828654558,2.7715780464782362,2.9635426358457155,2.942939092116625,2.664092806335181,3.606188950762322,2.7858165647147275,2.763550498401928,3.058270333219907,3.0392150826788695,2.8273700437932905,2.9490224940345504
39,2.9410307396888706,2.62499659643558,3.390859215050367,2.9611106087971324,2.95216871431227,2.833442824849601,3.072638401830554,2.9453759986877497,3.023971280769126,2.677499899498796,3.0355953241615006,2.9517484854884253,3.0131832986194382,2.9894716850893173,2.955108994992684,2.946493506830631,3.0418408123022527,2.7241240429747586,2.844114451470596,3.1220753438145157,2.7756706731441882,2.9598070434250534,2.936986627236228,2.6577371901529077,3.5961161845983787,2.778673523854552,2.7614811261676966,3.0534666062935787,3.034534003333337,2.8307976473030236,2.9464611911921095
40,2.9367895681652563,2.6221014501838713,3.381641556776423,2.9547132778117113,2.9465405776577005,2.8376157752061517,3.0685707177876207,2.9456916822834502,3.028154045268728,2.6841584420071927,3.0417898760903834,2.9592243086179204,3.020127440553198,2.9974643072448375,2.9607424347867206,2.9528186811436026,3.050474982898808,2.730946393813449,2.8511228351634235,3.1228184087607858,2.7801115785541177,2.957229459595931,2.9316132125670933,2.6517367267179455,3.586184770969565,2.7718079629867276,2.759773165505793,3.048874684796205,3.030042680788155,2.8344840101807076,2.9443341968475853
41,2.9327445686815503,2.619621192350312,3.372566389456007,2.9484699378039934,2.9409920497323974,2.8414781043202755,3.063594715910919,2.9446622175830965,3.0307782471417393,2.6905983745544644,3.04694000031299,2.9653902558278507,3.0250290901657078,3.004195371175185,2.965974947396036,2.9590485794941315,3.0591439697477893,2.7378575588946212,2.8583514245094936,3.1247542268176773,2.7849265532165264,2.956074206995307,2.927047249131081,2.6463623062429535,3.576514662357841,2.7654410903313775,2.758773351060254,3.044591207635814,3.025827876512863,2.8386182183861757,2.9428164570383246
42,2.9289227680380754,2.617611603022919,3.3636661736009645,2.9424135642123157,2.935567358781765,2.8450547887806996,3.0578607856094377,2.9423818889445386,3.0316938719579056,2.696741486266112,3.0506853790737694,2.9697808442522886,3.0273959578806013,3.0091180646271494,2.970473246627102,2.9649217230140885,3.067681218418481,2.744817141433327,2.8657518036738217,3.1277688512200226,2.790114595723984,2.9564380577428273,2.923484890981992,2.6418922840699817,3.5672263242435847,2.7598002034821585,2.758758046836274,3.040702711528948,3.0219689637624034,2.843315611808823,2.9420231156504544
43,2.925351485368526,2.616124939099923,3.354969160143082,2.9365760838322403,2.930319242098913,2.848388134605312,3.0515327591771966,2.939033833470704,3.030984547828557,2.702527254379805,3.0528247274872133,2.972173071900503,3.0272647965577675,3.0119058024419605,2.973932999846531,2.970156577183648,3.075886686713329,2.751781026869331,2.8732675111479065,3.1317002033824637,2.795652428529144,2.9582626095246565,2.9210617477172782,2.6385648145770246,3.5584344596560484,2.7550977431395145,2.759891149459323,3.037281854917497,3.0185338097748353,2.8486152877780815,2.941993496208061
44,2.9220572061749865,2.6152081186490532,3.3464997527612317,2.9309873021883037,2.925309707857399,2.851534928521204,3.0447791219777796,2.9348389749013983,3.028882763156326,2.707923320850552,3.0533514712867085,2.972623992196905,3.02501454859457,3.0125493532892067,2.9761381370879523,2.9744752963854757,3.0835188695123756,2.758699236323894,2.8808290864921613,3.136347074846324,2.801496444486413,2.9613842099288825,2.919826667861831,2.6365139672412052,3.550232959335724,2.751491851647402,2.762202834521574,3.034381108404027,3.0155733142866175,2.8544954227609085,2.942691777222686
45,2.9190642431560865,2.614899909374686,3.3382790705710947,2.92567369599838,2.920608718131596,2.8545636044445866,3.0377734464272788,2.9300332744052757,3.0256865324381477,2.7129346624243027,3.0524209584412354,2.971381367366487,3.021102332706749,3.0112829297797954,2.9770037818324733,2.9776504796490437,3.0903051454325663,2.7655152677743704,2.88835087485526,3.141468839886456,2.8075836909162857,2.965590613509853,2.919735614130347,2.635738530999425,3.5426772110964517,2.749051378698117,2.7656128804973963,3.0320263890932346,3.0131154859065536,2.8608941810102255,2.944023673467651
46,2.916394399689789,2.6152295031837167,3.3303267074212175,2.9206586915350328,2.9162922693775446,2.8575525874981897,3.0306995465828654,2.924867237277218,3.021714930341917,2.7176063790242337,3.0502831543580076,2.968767600907276,3.015933763830933,3.0084417528035825,2.976573926377088,2.979550180405787,3.0959755460406218,2.7721661280121235,2.8957293190290656,3.1467745415169768,2.8138316814603384,2.9706560455378566,2.9206663701247972,2.6361230579814654,3.5357698647182456,2.7477448154706057,2.769978384475078,3.030212250263706,3.0111598201444068,2.8677251324050426,2.945858485291949
47,2.914067298532869,2.616216041859592,3.3226636288910925,2.9159649245889523,2.912441852511822,2.860590675114654,3.0237614406613256,2.9196201958110377,3.01730239351837,2.7220196981696354,3.047229402702679,2.9651109266646873,3.0098425599387295,3.004365047297467,2.974984007119832,2.9801533669087297,3.100308285186949,2.778582294463943,2.902841402631092,3.1519047561761386,2.8201362553130416,2.976348706411126,2.9224401024409086,2.6374830855234213,3.5294538505362913,2.7474529452448078,2.7751330939827525,3.0288987163135754,3.009672640669959,2.8748823307998097,2.948045394947805
48,2.9121003928742017,2.617867194040995,3.315314338708565,2.911617216656574,2.909144378680935,2.8637772528855514,3.0171955585087256,2.9146203798717654,3.0128141740157295,2.7262834916513854,3.043569446945983,2.9607253861728235,3.003110293882353,2.999360867608994,2.972418075691125,2.9795330013756463,3.103167474787299,2.784688516084822,2.909545087840015,3.1564224660057367,2.8263683636639563,2.9824190649494327,2.9248380528760674,2.639601616195102,3.5236154933284274,2.747993109205799,2.7809052938259704,3.0280112552645413,3.008586040390439,2.8822375726172025,2.9504212367391704
49,2.910508010890447,2.620176848622775,3.3083070262378285,2.907644358561942,2.9064892127497486,2.867218530416133,3.0112770741579196,2.910253563137786,3.0086598501433244,2.730522282769851,3.039626446179475,2.9559139301378057,2.995990202884163,2.993703539746799,2.9690757057970036,2.9778216276423315,3.1045165443218075,2.7904059949618647,2.9156843726991193,3.159843985826483,2.8323731759921023,2.9885806675507394,2.927612093891656,2.6422468180028127,3.5180991173888203,2.7491431791939234,2.787118809509376,3.0274461990910004,3.0078027344557148,2.8896352983147673,2.952815027104093
50,2.909298023020612,2.623119795565845,3.3016682854198733,2.9040731652468947,2.904546944199964,2.871003446284149,3.006273506764881,2.9068952911973156,3.0052410932548,2.7348503015385592,3.035715280981198,2.9509641746139295,2.9887176385836725,2.987637478273785,2.9651501209051503,2.975179136840178,3.1044121959446995,2.7956604716098745,2.921108970032668,3.1617522162763088,2.837985073715637,2.9945147369632665,2.930507458229018,2.6451897294025435,3.5127369587269643,2.750673708341348,2.793596863742716,3.0270878932636163,3.0072116266607747,2.896898942317643,2.9550625916812834
51,2.908470853440283,2.6266549119834526,3.2954191170016998,2.9009235787995546,2.9033554695444304,2.875189402216916,3.0023933984573556,2.904822207809749,3.0028801735455355,2.7393554649426823,3.032121880447102,2.946144234809031,2.9815135031018527,2.981384470425157,2.960820781674694,2.9717751263850456,3.1029859415921828,2.800393661693282,2.9257000871068417,3.161921410892522,2.843048453675394,2.9998896093959004,2.9332793667106642,2.6482081035156506,3.507371691997705,2.7523599624223998,2.8001566316170075,3.0268194944357836,3.0066980749066117,2.903835414568427,2.957015662006331
52,2.9080194249637126,2.630732057780222,3.2895740426705267,2.89820739681722,2.902920607035166,2.879803976262413,2.99976539147349,2.90416812021164,3.0017803875311304,2.7440989278625825,3.0290926654700616,2.941701830699569,2.9745862936203498,2.9751519061165026,2.9562537000244866,2.9677796939659427,3.1004148929298903,2.8045699480043815,2.929385753080354,3.1603478001341165,2.847433718178504,3.0043887961929348,2.935703567515123,2.651085671729147,3.5018685686678617,2.753983601469899,2.806600364115228,3.0265280972465245,3.006149233857159,2.9102397536249907,2.95854822974087
53,2.90792787130761,2.6352953757375372,3.284139080907547,2.895925739578397,2.9032184122410705,2.884848558062489,2.9984304335549297,2.904924607027306,3.00201431154861,2.749117880146726,3.0268210257605297,2.9378549188715253,2.9681271599446717,2.969134340515188,2.951601036732259,2.963357577626681,3.0968963817710558,2.8081796219125934,2.9321467412822084,3.1571910383515545,2.8510510257980664,3.007754815743998,2.9375923005329585,2.653622124789564,3.4961247640925563,2.7553425206942883,2.812717211705034,3.026112068952971,3.0054619594230596,2.9159145664734263,2.9595686546005977
54,2.908171178208085,2.640286128764074,3.279109378306707,2.8940665628593756,2.9041977425128493,2.8903013276846266,2.998345272861285,2.9069765830628884,3.003539134745809,2.7544275983086957,3.0254324037949827,2.934775323290596,2.962300323467392,2.9635098480784072,2.947000807535692,2.958665339753489,3.0926324210286675,2.8112399172601226,2.934015241339404,3.1526907081997773,2.853860308427395,3.0098331975932116,2.938812035457316,2.65565219206714,3.4900749222926626,2.7562681579522517,2.8182990527103176,3.0254887173763243,3.0045507543745504,2.920695932177201,2.9600260433054855
55,2.908715770594747,2.6456443856279828,3.2744669269411597,2.892603321677477,2.905783698510369,2.8961199803562576,2.999396526993998,2.9101483074270647,3.006229436977632,2.76002321506341,3.0249760497774822,2.9325726511596937,2.957232024774096,2.958432467086986,2.942576767047699,2.9538503143095673,3.0878219414443357,2.8137941126200126,2.935067898215035,3.14710561570201,2.8558736893455356,3.0105920754358313,2.9392954052000744,2.6570659338728895,3.4836919250365965,2.756643775827707,2.823168468924173,3.0246010197154956,3.0033552057675856,2.9244797758723973,2.9599105193528135
56,2.9095212716945644,2.6513099961042874,3.2701792362500175,2.8914951546861736,2.9078813200641584,2.9022438512387643,3.0014191021849865,2.914238274077051,3.0099102920095584,2.7658814143100767,3.025427840905513,2.9312860790153836,2.9530016957488154,2.954023219503807,2.9384382964220936,2.9490500653809306,3.08265680833951,2.815908459131093,2.9354154888469854,3.1406850828298483,2.8571502176171713,3.0101097412629887,2.9390429135523504,2.6578211803457643,3.4769837013489515,2.7564164448195685,2.827210285877415,3.023422103321539,3.001845480865753,2.927238997477277,2.9592490192776166
57,2.9105430795686815,2.6572229751606216,3.266199654653918,2.8906884249381255,2.910378796781023,2.9085948308181813,3.004211456242449,2.919036692315647,3.014379597392648,2.7719620955903235,3.0267022304384477,2.930887424482492,2.9496381557206073,2.9503626151689906,2.9346795330971522,2.9443912730743245,3.077319123870226,2.8176673926765563,2.9351922372833226,3.133661731034749,2.8577860874977574,3.0085439100256908,2.93811585995697,2.6579443217436576,3.469988083672455,2.7555988202340074,2.8303939403938223,3.0219568087264426,3.000024661804466,2.9290252648326094,2.958099559806662
58,2.911735224260631,2.663323746813934,3.262469881034162,2.8901195788779255,2.91315040544671,2.9150773511086565,3.007544445535918,2.924329047190007,3.0194173251901866,2.778209732993045,3.028666935094047,2.931291989799004,2.947120686751034,2.9474859128641553,2.9313763903682455,2.9399869718981,3.0719779602115738,2.8191676080585637,2.93454657854048,3.126254178414544,2.857904281148892,3.00610155704902,2.9366253435269325,2.6575220725280317,3.4627675457403653,2.754262400592493,2.8327784061458408,3.0202400278641504,2.9979271200083506,2.9299566253616947,2.956545054370264
59,2.9130524514192357,2.6695526545102477,3.2589234219647407,2.8897179968699054,2.9160579651706713,2.9215764244941314,3.011160925615654,2.929889003253197,3.024782566182662,2.7845537622779246,3.0311543759115147,2.9323718286316405,2.9453843840536473,2.9453830763249935,2.9285829908428154,2.9359336551947397,3.066786291536965,2.8205120298017707,2.9336340134308254,3.1186722213777545,2.8576455685120306,3.003018466939673,2.9347211663186137,2.6566899566928126,3.455404731725789,2.752527206282097,2.834502033839746,3.018332870288078,2.995614117937078,2.9301999922578412,2.9546884691239446
60,2.914451002202468,2.6758485825095817,3.255489035151867,2.8894083858746415,2.918951640134585,2.9279546547479454,3.0147702353188572,2.935465971131747,3.0302039920657418,2.7909084318105384,3.0339691234041024,2.9339683332884823,2.944328609026116,2.9440036638518468,2.9263292694531824,2.932309367084242,3.0618787520874964,2.821804384035171,2.932611794953403,3.111121148426975,2.8571616181599726,2.9995496664406653,2.9325831417708033,2.6556226824467943,3.447999483677653,2.7505529499610546,2.8357661520427957,3.0163179026744817,2.993168164401407,2.929955374666716,2.952648352270863
61,2.915889384221185,2.682148665175692,3.2520954514930627,2.8891146780520978,2.9216751885885275,2.93405356186551,3.0180509795356776,2.940777882939538,3.035375453537499,2.7971746252152405,3.0368957554958627,2.9359045837612263,2.943827888145747,2.9432657394009873,2.9246208696079963,2.929172676320663,3.057369286407755,2.8231434671620135,2.9316328057836283,3.103801375631101,2.85660729577588,2.9959623321103863,2.9304105472952804,2.6545225184696792,3.440664616825905,2.7485281742364065,2.8368126057665446,3.014291523173684,2.9906848134386905,2.9294389508168712,2.9505505072793516
62,2.9173297883329767,2.6883901534239207,3.248677349330602,2.8887659825607837,2.9240782096657054,2.939703535875142,3.020674927694201,2.945521064795467,3.0399700250810007,2.803245905923303,3.0397126852686753,2.938000010643976,2.943745756899448,2.9430685697140664,2.923443322059498,2.9265637360297,3.0533493938844094,2.8246174208030284,2.930837475901378,3.096901211097485,2.8561304731268464,2.9925235190951653,2.9284060844253474,2.6536010883656953,3.433518296595176,2.746653444013318,2.8378943845399216,3.0123528524742813,2.98826183852394,2.928862524831308,2.948514605314542
63,2.9187402071685504,2.694514656284195,3.2451822962717545,2.8883041688121933,2.926034867942719,2.9447445821816998,3.022357570948529,2.949406465882989,3.043680459841071,2.8090182852612617,3.0422119963736343,2.940085800423504,2.9439478881921595,2.9433045454233246,2.922767317681073,2.9245045781135572,3.0498846124856955,2.826297753142233,2.930343294742061,3.0905821277661074,2.8558603471288277,2.989480321980775,2.926755964906142,2.6530557790413267,3.4266728623150575,2.745119859418378,2.8392442159931015,3.0105916437171505,2.9859880838754638,2.9284118439174476,2.9466390964125795
64,2.920094844354481,2.7004707602209157,3.2415735881211063,2.8876877517151183,2.927456714419352,2.9490446968752533,3.0229016770036212,2.9522003538563073,3.046261000947257,2.814397119559625,3.0442118692631803,2.942012063596475,2.944307614229822,2.9438646645447775,2.922551045944009,2.922997145276604,3.0470108648971657,2.8282353033970153,2.93023738352261,3.0849672019229266,2.8559009658718284,2.9870432480102576,2.925615539668295,2.653050512134747,3.4202279399244846,2.7440921936871,2.8410526564389036,3.009081343420101,2.9839375646174067,2.9282346147204894,2.9449942044041197
65,2.921374394702971,2.7062167842974003,3.237831122728332,2.886893830567187,2.9283003071684126,2.9525151211879885,3.0222217822597957,2.9537606990516414,3.0475621477945043,2.819303554433458,3.045567861373082,2.9436533623972547,2.9447103773985512,2.944643060843818,2.922742925429414,2.922022198656294,3.0447329066488895,2.830458254709594,2.930572007179037,3.080133343137477,2.8563276052703963,2.985371275270187,2.925098564658924,2.653700634366687,3.414264968813395,2.7436943835448444,2.8434531997632106,3.0078750162589127,2.9821662697167994,2.928434312571201,2.943620496861543
66,2.922566890241228,2.7117245731671553,3.233951615594629,2.885918918972835,2.928569449629737,2.955120066203881,3.020341738708182,2.9540546947370476,3.0475454156308315,2.823681100609048,3.0461834029966415,2.9449142271275686,2.9450588060857985,2.945541877956265,2.923284781977356,2.9215396190552605,3.043024861229075,2.8329716988498888,2.9313629221303312,3.0761074906083588,2.8571846666414578,2.9845601758522857,2.925270100144173,2.655064339657046,3.408841333603588,2.7439984017588817,2.846514838699437,3.007002554452855,2.9807098090675685,2.9290674307479865,2.942530902235183
67,2.9236685045454935,2.71698311034206,3.2299478032639604,2.8847780992338548,2.928311026656275,2.9568775601016837,3.017369410510362,2.953149223326736,3.0462720291625147,2.827500814091022,3.0460159685548756,2.94573330154413,2.94527745428813,2.946475936571563,2.9241148640747574,2.9214902758116468,3.0418329924558893,2.835758777495744,2.9325910424337875,3.0728676625668916,2.8584855435719425,2.9846384624707976,2.9261451782189773,2.657144092592665,3.4039856438315175,2.745021102588037,2.8502448610651085,3.006469996826923,2.979582332050782,2.930145383441116,2.941715512514193
68,2.924683697215843,2.7220004695287416,3.2258464311612816,2.8835022636741394,2.927605663605516,2.9578518340110413,3.013463852252153,2.9511831483833393,3.043875202949696,2.830763741362435,3.045076618029836,2.9460849910655753,2.9453160684029025,2.947376401239463,2.9251703290588402,2.92179958873361,3.0410802853966232,2.838783163582344,2.9342069486834994,3.0703482986023887,2.8602144457853114,2.98557196332207,2.9276930639220544,2.659896192532641,3.3996953510394476,2.7467295960815714,2.8545996550494195,3.0062612011896155,2.978777026341845,2.93164056367841,2.941147626385816
69,2.9256243206723633,2.726803074352493,3.2216850726038313,2.882133781399866,2.92655576634565,2.9581407447748878,3.0088077387212793,2.948336598995013,3.040530353018956,2.8334999849545257,3.0434232505356498,2.945977966521926,2.9451505103031472,2.948192822326671,2.926389219382429,2.9223825901184197,3.040672390451248,2.841992591104889,2.936137294669405,3.0684484884662893,2.862329786501174,2.9872743899372693,2.929844967355903,2.6632433536385323,3.3959371642985503,2.749051735038034,2.859498175234025,3.0063412842695323,2.9782680720032557,2.9334945349993538,2.940789401420679
70,2.926507670451805,2.7314320932998464,3.217508065888464,2.8807213443333732,2.925273468619044,2.9578623399114443,3.0035894378272445,2.944807150361666,3.036432382288676,2.8357648186460955,3.0411502642106214,2.9454509957526867,2.9447812678356846,2.9488935369590745,2.9277121896493465,2.9231500102812475,3.040504320729621,2.8453230343947773,2.93829189632351,3.0670413255024114,2.8647683330488416,2.9896195729209247,2.932502452699526,2.66708567468799,3.392649928460705,2.7518872978144615,2.864833606129496,3.006660911809457,2.9780137159858837,2.935626552599489,2.9405965705872306
71,2.9273538418959446,2.735937656345756,3.213362033607693,2.879314912116784,2.923870384794588,2.9571434923777966,2.997993493210214,2.94079514291119,3.0317820196546466,2.837632918778341,3.038377632737488,2.9445672246414265,2.9442301379133897,2.949464803377034,2.9290842701761672,2.92401469694171,3.0404674615218945,2.848703228546002,2.9405707164542623,3.065983205410234,2.867449555683058,2.9924521853082116,2.9355447162055053,2.671307927496457,3.3897492061522074,2.7551168745711134,2.8704811724223287,3.0071605196285636,2.9779599820220204,2.937941207341422,2.9405220970319634
72,2.9281829057264295,2.7403720629592447,3.2092915177648202,2.877961481555884,2.9224501504499694,2.956111745418694,2.9921964487695387,2.9364958748169276,3.02677877775776,2.8391917412253593,3.0352410879354204,2.943408005734599,2.9435358901622886,2.949909095373099,2.9304566313412264,2.924897464230366,3.0404563238935207,2.8520592537875635,2.9428703261021467,3.0651226045634177,2.870279899495924,2.99559596010028,2.938834259726387,2.6757833602373906,3.3871328828622835,2.7586077275510528,2.876302130991647,3.0077738187985132,2.978044474369063,2.940334447109867,2.940518352168256
73,2.9290124848797405,2.744783311300536,3.2053353189968568,2.8767021447200305,2.921104014404002,2.9548902649052033,2.9863654249488816,2.932095602602267,3.021617069774178,2.8405348310010474,3.031883841376283,2.942066847626815,2.942749545517606,2.9502428346252763,2.9317881490108784,2.92573149896063,3.0403745819047003,2.8553190284168313,2.945089782835195,3.0643084973384145,2.8731571469831074,2.998860422850562,2.942221692537278,2.68037557723481,3.384687542675352,2.762217605403455,2.8821453243784907,3.008430522112159,2.978199952860146,2.942697962231845,2.9405376002641503
74,2.929856006371124,2.7492097871233803,3.2015237666708254,2.87557016542009,2.9199083754073643,2.9535942720465025,2.9806564599584653,2.927767784944413,3.0164815910520963,2.8417550322138694,3.02844871438308,2.940642823013274,2.941929106384572,2.9504932979782774,2.9330463704469834,2.926464737797181,3.040140220653767,2.858416764497503,2.947136405473779,3.0633994146942265,2.875975735580666,3.0020489538946404,2.9455516722698762,2.684941132748713,3.382296148248636,2.7657988794738975,2.887849060330638,3.009059069790906,2.97835798745876,2.9449232112893156,2.9405315981042346
75,2.9307212980958606,2.7536759378969813,3.1978764862257307,2.8745890016256954,2.918921627757598,2.952325972557719,2.975208596293769,2.923665316503483,3.011537620666817,2.842936576856825,3.025067944427584,2.9392316044905367,2.9411326381975864,2.9506937402563596,2.9342071342083176,2.927059945087051,3.0396896904661705,2.861297515079522,2.948932205186585,3.06227441048532,2.8786344904225243,3.004972179086556,2.948673055321449,2.6893366875041402,3.3798484834901217,2.76920686798914,2.8932483287659205,3.009591199157475,2.9784539546020214,2.946908646104661,2.9404533236319415
76,2.931610474018547,2.758191115230533,3.194402413473843,2.8737717520584103,2.9181829843524976,2.951171401787684,2.9701387878565733,2.91991423732242,3.0069224738760463,2.8441498245559864,3.021855861289268,2.9379188696330534,2.940413419456422,2.9508795605409013,2.935254590685921,2.927494044532141,3.0389809178603753,2.863920954635383,2.9504192728490404,3.0608422817456615,2.8810444343642017,3.0074631421053475,2.951450557675237,2.6934291618681927,3.377250531185575,2.7723099914103524,2.8981859254190105,3.009966690773128,2.9784316124083725,2.948567453980201,2.9402600118777
77,2.932520774788128,2.7627510792497274,3.1911014612301796,2.8731216603845526,2.9177124933293017,2.9501983600059054,2.9655375088964435,2.9166091719460594,3.0027391860884753,2.84544861053162,3.018904080040569,2.9367759987818127,2.9398171273450537,2.9510855906414792,2.936181602653867,2.9277573695145023,3.0379949860686204,2.8662638660320834,2.9515634316242254,3.059047618438514,2.8831355512954904,3.009391628252666,2.95377601706953,2.6971072572660324,3.374431780811964,2.7750003242231087,2.9025266050898533,3.0101379456020654,2.978246975657345,2.9498353589295014,2.939917969636486
78,2.933445951827891,2.767341280550046,3.1879671605706528,2.8726335962526774,2.917512394908034,2.9494557284236,2.961466564370157,2.913812147314453,2.9990548718191574,2.8468702554623606,3.016279760295526,2.935858312166201,2.939381038377074,2.951344696230726,2.9369906518181015,2.927853550918542,3.0367367409896735,2.8683213490703023,2.952356097056274,3.056873308302316,2.8848619755138474,3.0106750909943756,2.955577525276546,2.7002922392140807,3.3713498686944163,2.7772029042597097,2.9061720292172453,3.010073950059971,2.9778713280090967,2.9506773082628936,2.9394081738573186
79,2.9343773911663007,2.771940126670448,3.1849889783250305,2.872295721707844,2.9175687310599487,2.948972950954454,2.9579580759950677,2.9115533291446756,2.9959023604924337,2.8484365392996653,3.0140250792856906,2.935204089684177,2.939133567985089,2.951686509466314,2.937694142615579,2.9277993716750945,3.0352338136434556,2.8701066469350573,2.952814222767566,3.054339659516818,2.886205294159211,3.0112843481040943,2.9568251024056122,2.702945935251199,3.3679924016936074,2.778882368785853,2.909073262388908,3.0097631659470148,2.977293311406653,2.951091841465738,2.938730871990365
80,2.9353050285105806,2.7765219444991818,3.1821541019670296,2.872091514285886,2.917854192994472,2.9487608398213965,2.955016232379399,2.909834616805984,2.9932854846142583,2.8501556851466687,3.0121585659495453,2.9348349214509213,2.9390942439553225,2.9521364327869293,2.938313886204253,2.9276241237095935,3.033533844073697,2.8716494514673405,2.952978004987726,3.0515002080241285,2.8871750997795953,3.011242456093964,2.957531163806459,2.7050732109352844,3.3643755401602524,2.7800445938108975,2.9112358671038967,3.0092140935170306,2.9765192613624727,2.9511106682450183,2.937906214972033
81,2.9362180613123217,2.781059436626729,3.1794485804804724,2.872001895124769,2.9183321478171855,2.9488138187329964,2.952621495335626,2.9086352189629983,2.9911861738939782,2.8520249097500754,3.01067802333353,2.93475728131673,2.939273963400411,2.952714827765096,2.938879583431744,2.927367931463785,3.0317000097606748,2.872992755825692,2.952906415291965,3.0484347775522056,2.887806456401343,3.0106172454182367,2.957745548051286,2.7067180248589238,3.3605395413759593,2.780732681308135,2.9127157108764528,3.0084530044160536,2.9755714770131343,2.9507930319168123,2.93697025565489
82,2.937105630919673,2.785525736125643,3.176858042316056,2.8720071816716626,2.918961365402917,2.9491132796553394,2.95073625648948,2.907917818752484,2.989571256920671,2.8540330589895113,3.009564481431246,2.9349648011777014,2.939675306662613,2.953436250794244,2.939426336758752,2.9270788688879374,3.0298053681953925,2.874188642628628,2.9526711747584127,3.0452408189949014,2.8881548033088933,3.0095099281217976,2.95754658352127,2.707954534820881,3.3565421695206337,2.781018633512363,2.9136075790075173,3.0075193413826597,2.9744847437600352,2.9502164674107965,2.9359676440802915
83,2.9379575563874667,2.789896254285793,3.1743683176832027,2.872088692767715,2.9197008952602816,2.94963170448151,2.949311181755098,2.9076346198549827,2.9883980942305737,2.8561632457356625,3.0087869265682823,2.935440984567064,2.9402929813345544,2.954308741265272,2.9399914849323903,2.926809010145517,3.0279265527839656,2.8752935079660924,2.9523499592795917,3.042024055242412,2.8882893891875723,3.0080426485216982,2.957030615816703,2.708876118055592,3.352451434952309,2.780993379126785,2.9140310561760323,3.006460154679368,2.9733020108570676,2.949466679327344,2.9349436950352277
84,2.9387650858830496,2.7941502745797138,3.1719660855146423,2.872229789286119,2.920514026525559,2.9503364845676687,2.9482906494389596,2.907731975888712,2.9876180165507793,2.858394907403191,3.0083066557702764,2.9361616496615426,2.9411142578189624,2.9553331360902577,2.9406111621330333,2.926609910455565,3.0261374584578045,2.8763632363753113,2.9520195674400194,3.0388890930400034,2.888286095519366,3.0063463868946365,2.9563014974617716,2.7095841815633968,3.3483385045327205,2.780756717255983,2.9141166736273183,3.005324651634327,2.9720698714789098,2.9486283821029424,2.933937881141728
85,2.939521533318089,2.7982721519535523,3.169639561707819,2.87241635886678,2.9213706549955596,2.951192752811484,2.947616508118614,2.908153281568358,2.9871779012034314,2.8607051096547322,3.0080806619943203,2.937096838256653,2.942119504095563,2.9565026003483554,2.9413170593427314,2.9265281355016866,3.0245034745867363,2.87744876257773,2.951749663220985,3.0359306542065463,2.8882204342462816,3.0045499581562787,2.9554611191349283,2.7101780944055403,3.344271516200557,2.7804082195718607,2.91399403976764,3.004159711154274,2.9708343756236864,2.9477782068951637,2.932979897143997
86,2.9402226544521914,2.802251982851992,3.1673791949668986,2.8726369628039814,2.9222480326068547,2.9521651770304294,2.947230333336159,2.90884066589427,2.9870210984571743,2.8630693188241105,3.008064083689632,2.938212253719801,2.9432829983210276,2.957802604924505,2.9421337525715394,2.926601374641213,3.0230767799059644,2.878592422764232,2.951597697987409,3.033226288264894,2.8881614895928642,3.002770737365998,2.9546018216902983,2.7107472338698213,3.3403108999187308,2.780039777807974,2.9137826326639336,3.003006805135308,2.9696375289075823,2.9469800799901202,2.932088485229591
87,2.9408666279446267,2.8060855269826668,3.1651781604954565,2.872882736054054,2.923129990665741,2.9532186462670684,2.947074273475465,2.909735780622309,2.9870883839567877,2.8654617912880465,3.0082117767016676,2.939470341177532,2.9445741050038015,2.9592115547276547,2.943076859306279,2.9268555480336444,3.0218930912279243,2.8798253414444535,2.951605363076272,3.0308311810333715,2.8881671736419507,3.001107289350558,2.9538008222672927,2.711365315543387,3.336506274911825,2.779729808830436,2.9135849360942707,3.0019001963952676,2.968514579321436,2.946282854569236,2.931272559174807
88,2.941453621246199,2.8097733231486393,3.163032502883589,2.8731471426170128,2.9240051989189206,2.9543182400489503,2.947091057427132,2.9107802046213562,2.9873193735177477,2.8678558665802,3.0084792971272916,2.9408313132802473,2.9459588329543047,2.9607021168101957,2.944152095965214,2.927303127374259,3.0209701169697043,2.8811660135897053,2.9517968155992143,3.028775590398947,2.888281109161303,2.9996343231721565,2.953116730964929,2.7120870568195072,3.3328948317227924,2.7795391560857716,2.9134816100924534,3.0008660856089113,2.967492176191516,2.945719859428608,2.930533982503773
89,2.9419850571041097,2.813319144957588,3.1609408578620517,2.8734256353163956,2.9248651772326513,2.955429034137371,2.947223863187556,2.9119159304262054,2.9876543948916208,2.870224428992953,3.0088236464393425,2.9422544194780613,2.9474017043728895,2.962243142894744,2.945355188011591,2.9279427168901777,3.020307730276873,2.8826200934538795,2.952178685753797,3.0270650555197296,2.8885312553562184,2.9984002845819786,2.9525880496471997,2.7129469809282063,3.3295009380226492,2.7795086887248734,2.913528512759937,2.999922342694621,2.966587436030533,2.9453098905138937,2.9298711377715474
90,2.9424627894311057,2.8167281222419143,3.158903800718604,2.8737152559283574,2.925702730031282,2.9565162998893584,2.9474167022218207,2.9130862985204313,2.9880365542872505,2.8725407051647958,3.0092040882291644,2.9436995201025855,2.9488676962560665,2.9638018843215304,2.9466724657135606,2.928759781305348,3.0198896159725264,2.8841812480947024,2.9527416239650597,3.025683040400346,2.888930149981796,2.99742754875973,2.952233357697528,2.7139599460323995,3.3263366121452096,2.779658508300671,2.9137554941628894,2.9990785468254115,2.965807853491726,2.94505899290953,2.9292821385476007
91,2.942888402053883,2.8200049112299883,3.1569229449865057,2.874014171910683,2.9265111343168506,2.9575463446111736,2.9476156124757344,2.91423746690435,2.9884136103801238,2.8747793709684375,3.009583138457314,2.9451287865286933,2.9503239451804233,2.9653461056019044,2.9480819457241676,2.9297282971465544,3.0196859379174814,2.8858328029494924,2.9534629314704555,3.024595235737056,2.8894763723341153,2.9967146883245617,2.952052729115805,2.71512281176093,3.323402503206653,2.7799885561892914,2.914166866227389,2.9983361998855784,2.96515188399868,2.944962313725595,2.9287665002286314
92,2.9432628106682586,2.823152306257846,3.155000000668632,2.874321172994045,2.92728407739499,2.9584879435190286,2.947770613122567,2.9153203267983767,2.9887394708069177,2.876917816380989,3.009927678569425,2.9465083431618355,2.951741058574779,2.9668458522413816,2.9495548120445214,2.930813150111277,3.019656616594802,2.887549915450358,2.954309821542327,3.0237546710432195,2.8901567746921093,2.996240138627201,2.952030020006475,2.716416803646323,3.3206891891104524,2.780480468512565,2.91474351287677,2.997689166131336,2.96461001853657,2.9450055877994235,2.9283245882158253
93,2.9435862467021865,2.8261705825710917,3.1531360131861987,2.8746351631212903,2.928016029859717,2.959314014315846,2.9478380112281135,2.916292568341035,2.988975330218806,2.8789373500973343,3.010210048597327,2.947809724284997,2.9530940720180765,2.9682748461326693,2.9510573259362816,2.9319731486188862,3.019754951304566,2.889302084506128,2.9552429537688436,3.0231069567300057,2.8909491018876485,2.995966651671295,2.952135827647311,2.7178103732121643,3.318178794274753,2.7811006092585924,2.915446625683381,2.997124524324085,2.964166242782163,2.9451663438647935,2.927955205906465
94,2.9438585950421214,2.8290577047062073,3.1513309620530583,2.8749547232481327,2.9287026548606967,2.9600030987602794,2.9477825148749934,2.917120536284009,2.98909064434966,2.8808241790725533,3.0104090529156067,2.949011103032255,2.9543632410896725,2.9696116671586097,2.9525532474271334,2.9331645294913065,3.0199314649238644,2.891055888877993,2.956220021140973,3.0225952537223955,2.891824769968803,2.9958461560352783,2.9523310662862956,2.7192625646262636,3.3158470416733072,2.781804241224301,2.9162229982212198,2.9966240270121984,2.963799865206912,2.9454153893752717,2.9276526915553545
95,2.9440799410028218,2.8318103011441798,3.1495837795757415,2.875277829833617,2.929340934670822,2.9605402820086737,2.9475786247991236,2.9177804907207867,2.9890640536064867,2.8825700653029207,3.0105108614585676,2.9500982962720306,2.9555348821099208,2.9708409421111575,2.954006816481221,2.934344803734258,3.0201379444548664,2.8927779082267477,2.957199300306833,3.0221648329078152,2.8927517411305415,2.9958248744649305,2.9525711547525275,2.7207269851112876,3.313665836641687,2.782540713848227,2.917011667698572,2.996166239792029,2.9634877192943323,2.9457192265643637,2.927405247190629
96,2.944251128582562,2.8344251174483164,3.1478927289226686,2.875601816979686,2.9299289437467264,2.9609174219801155,2.947211015289265,2.918258990174326,2.988884118822919,2.884172589503577,3.0105096958006117,2.9510654995664996,2.9566022897273836,2.9719545672496763,2.955386081047962,2.935476570301462,3.020331446336244,2.8944376551551265,2.958142991471166,3.021767044577173,2.893697375026698,2.995848439542727,2.9528105560849225,2.7221562132871773,3.311606236582899,2.783259187146192,2.9177512746050995,2.995729158790483,2.963206610167271,2.946043575289224,2.9271955828571254
97,2.944374116687507,2.836900509279171,3.146255986318042,2.8759236239246544,2.9304654404523367,2.9611328404766164,2.9466740072827453,2.918552440960637,2.988549695325534,2.885635103190058,3.010408348156581,2.9519159136483517,2.957566813868395,2.972953049673694,2.9566664271081375,2.9365311185065686,3.020478197958168,2.8960104246821823,2.9590203209076726,3.021362701831217,2.8946312441319093,2.995866845314085,2.9530073346651307,2.723506348609564,3.309641525977146,2.783914216351028,2.918387258444333,2.9952929107336868,2.9629357346657788,2.946357514733613,2.9270037516458633
98,2.944451994835684,2.8392375318891476,3.144672207264102,2.876240240622601,2.930949452424219,2.9611906224593323,2.9459702798926806,2.9186658341983795,2.98806945823382,2.886966282694297,3.010218205784432,2.9526619292427094,2.9584386078418183,2.9738464508874776,2.9578336039989344,2.9374911882752857,3.020556749081707,2.8974796390322464,2.959810040329156,3.020924555398243,2.8955276388973505,2.9958387198599783,2.9531270892105406,2.7247410480657166,3.3077499060666122,2.784470275124613,2.9188777241273227,2.994842001690227,2.9626586756836515,2.9466371896216628,2.9268109411621603
99,2.9444886596657254,2.841440367454865,3.143140925652511,2.876549221468759,2.9313800824101888,2.961099791817259,2.945109262738477,2.9186110663214304,2.987460522203931,2.8881793641774984,3.0099587039434086,2.9533246662823593,2.9592366460837987,2.9746544885253456,2.9588856470554243,2.938352460060744,3.0205598372051545,2.8988383077427304,2.960501981956813,3.0204385724755323,2.896367437060326,2.9957343249283497,2.9531455791113297,2.725834275360813,3.305916295322554,2.78490433137072,2.9191968485971476,2.9943666065517087,2.962364561712827,2.946867902440159,2.9266025539239964
100,2.9444882439967826,2.843516002928919,3.141662694690279,2.8768490643756626,2.9317565551884144,2.9608734507153796,2.944105507675581,2.9184051964748976,2.986746359720727,2.8892911797687404,3.0096562827735784,2.9539328935911326,2.9599879275982985,2.9754057278658053,2.959833563351809,2.939123883790705,3.0204949889060106,2.900089572579028,2.9610976823223267,3.0199041584853785,2.897139323083474,2.995537217556575,2.9530499108061044,2.7267715395846994,3.3041331153909583,2.7852063319342824,2.9193355606616156,2.9938627807329405,2.962048290919414,2.947044146431163,2.926369519935321
101,2.944454513978972,2.8454733407188937,3.140238967808932,2.8771392956616015,2.9320783587978134,2.9605277991965533,2.9429770647102305,2.9180687131853533,2.9859542138243764,2.8903209402603087,3.0093426421878853,2.954521117277367,2.960725608512217,2.976135584699422,2.9607004162422523,2.9398266014823022,3.0203834899116897,2.9012460923714753,2.961609784621193,3.0193331004756008,2.897840075543864,2.995244252619008,2.952838117572942,2.7275494254068033,3.3023999817316265,2.7853776887604713,2.9192995924080067,2.9933316466071256,2.9617098700502176,2.9471677186129637,2.9261076344898465
102,2.9443904345531515,2.8473220492971505,3.1388717968659856,2.877420231262483,2.932345349181701,2.9600810064443714,2.9417439296727546,2.9176239533118493,2.9851125752955987,2.891288949149979,3.0090525713229264,2.955127168944247,2.9614864327858976,2.97688352956563,2.9615191410406463,2.9404918229408423,3.020258072691432,2.9023284777188794,2.9620603840771356,3.0187474588060184,2.8984739895138896,2.9948641455147045,2.952517475604391,2.7281737554124894,3.3007225337868986,2.785428400549195,2.9191056653611054,2.9927778870468544,2.9613531340805626,2.94724467106854,2.9258155205476344
103,2.9442980225634425,2.849071447885644,3.1375634385433626,2.8776924983774164,2.9325576885999354,2.9595518953107485,2.94042649839371,2.9170936225611843,2.984249122618553,2.8922154058097886,3.00882167914856,2.9557896629761147,2.9623079582643506,2.9776900431025255,2.9623296089876754,2.94115808957976,3.0201598171184125,2.903363115107245,2.9624786132761485,3.0181767439105074,2.899051625628177,2.9944150169128276,2.95210209355232,2.7286569712329065,3.299110757374615,2.7853736279611745,2.9187768515521784,2.9922079861958384,2.960984194449529,2.947282045130307,2.9254921552920425
104,2.9441785016446502,2.8507296541787372,3.136315957592882,2.877956491906022,2.932715576546218,2.9589584704652427,2.9390439593535307,2.9164992841286974,2.98338923768463,2.893119390162742,3.00868427934827,2.956545623505725,2.9632260047602146,2.9785938028723846,2.9631753991299004,2.941868218369554,3.0201346338466726,2.904379659880825,2.962897716164002,3.017654634264173,2.899588038450811,2.9939212651274,2.951610203227384,2.729015224355835,3.2975770833465345,2.7852303396228155,2.9183379836293932,2.991628574275093,2.9606098904663245,2.9472850924283795,2.9251347233153355
105,2.9440326614778716,2.8523030851379496,3.1351308895505565,2.878211937683921,2.932818813497391,2.9583163982743743,2.9376126389951094,2.9158597693629327,2.9825550047465823,2.894018097114637,3.0086716602700347,2.957428599355863,2.9642727256453307,2.979629548000484,2.964100749582254,2.9426662494293794,3.020229721989755,2.9054084937361346,2.963351925426339,3.01721554652176,2.9001006981446125,2.9934101229956114,2.95106148072065,2.729265548663375,3.296134485841353,2.7850144198525406,2.9178117335703497,2.991045113104077,2.960236432857754,2.9472553572557234,2.924737263063596
106,2.943861257168933,2.8537962810280866,3.1340089898217363,2.8784576526493275,2.932866266587613,2.9576375606621044,2.936144374540252,2.9151895626422086,2.981764452850098,2.8949263216270382,3.0088108549657617,2.9584674587200324,2.965475517425409,2.9808268679413468,2.9651480328064004,2.9435946767200036,3.0204903293223526,2.9064783983941695,2.963873467771629,3.0168913731719247,2.90060733903555,2.9929082264182743,2.9504745939583463,2.729423324410921,3.2947947294474336,2.7847383964772257,2.917215674698673,2.99046101833743,2.9598683436935738,2.9471897147667816,2.9242902930194736
107,2.9436652957408005,2.8552119737897486,3.1329500843983156,2.878691506005892,2.9328553444335173,2.956928840067281,2.934645096359337,2.914497372342929,2.9810308768326106,2.895856173565453,3.0091239633097073,2.9596858967334336,2.9668567626258566,2.982209921190483,2.9663559226320264,2.944692175048197,3.0209570577428315,2.9076146311858055,2.964489993974934,3.016708669897138,2.9011239566382354,2.9924384792543375,2.949865063992463,2.7295001161080705,3.2935668580812854,2.7844097810255195,2.916560363269227,2.989877187825059,2.959507728346737,2.9470802589763045,2.923781367291213
108,2.9434461055965984,2.856551291908802,3.131953022265423,2.8789105078289206,2.932781575710032,2.956191269628466,2.9331138196869073,2.9137851467221303,2.980362209633851,2.8968169723766617,3.0096279800618255,2.96110252033201,2.968434191389544,2.9837978499894335,2.9677582126537088,2.945991912157874,3.0216638195392695,2.908837490364844,2.965222632799958,3.0166864825184057,2.9016631148133913,2.992017429034127,2.9492434644493533,2.7295018984513293,3.292455984985676,2.7840299327665776,2.9158482754787154,2.989291820972008,2.9591538589291098,2.9469147937679105,2.9231962726875405
109,2.943205139150882,2.8578139484742717,3.1310156825210247,2.8791108939911387,2.9326382991492546,2.9554195719013316,2.931542120096951,2.9130476590796226,2.9797605070113278,2.897815248477162,3.01033501490806,2.962731341371266,2.9702216171812434,2.9856056284792065,2.969383223367119,2.947520565263308,3.0226366169810635,2.910161484775451,2.9660848863058678,3.016835058645065,2.9022327685214044,2.99165345740389,2.9486140928202236,2.729427794330109,3.2914625000310136,2.7835934439990897,2.9150734463800134,2.9887004265647183,2.958803041610194,2.9466776640244188,2.922520412261016
110,2.942943620920535,2.858998483732484,3.130135093021857,2.879288244847921,2.932416740524378,2.954602412749681,2.9299145707071528,2.912273189921936,2.979222297051897,2.898855193995837,3.0112534176905106,2.9645831412385277,2.972230381948651,2.987645639179142,2.971254209399522,2.949298582662432,3.0238937463095708,2.9115954246262574,2.967082731655984,3.0171558342896576,2.9028358873702254,2.9913461670822246,2.9479743511085,2.729269529224389,3.290581794746913,2.783088068309357,2.9142216335662043,2.9880958998058427,2.958448671669739,2.946350531054236,2.9217397391396918
111,2.9426621285650016,2.8601024523975953,3.129307608162377,2.879437551052461,2.9321062952267845,2.9537230835176707,2.9282096992643103,2.9114446896530595,2.978739303433431,2.899939102675728,3.012388877883202,2.966666666092844,2.974470439036314,2.9899287897914046,2.9733896076562276,2.9513404792574,3.025446090171202,2.913142647343724,2.9682149853235806,3.017641675102687,2.9034701776040475,2.991086072009004,2.947314252907867,2.7290110330191757,3.289804126727272,2.7824945873229554,2.9132702416899727,2.9874683538894327,2.9580811887641225,2.945912405978663,2.920840487757059
112,2.9423602226145498,2.8611225425294218,3.1285290826044085,2.8795532595609017,2.931695034685181,2.9527606414877727,2.9264016153992887,2.910541655306103,2.9783002497744304,2.9010683816566893,3.0137465139308297,2.9689907788073446,2.9769522673048927,2.992466506146883,2.9758045922747565,2.953656756633613,3.0272993475206205,2.914802462006056,2.969475124356349,3.0182787232570547,2.904128913190791,2.99085592571004,2.9466170856922878,2.7286291794384465,3.2891151807696124,2.781787417080352,2.912188870976337,2.986805087193787,2.957688205987672,2.9453395103635533,2.91980808072583
113,2.9420362102521564,2.8620546651849628,3.1277951172863006,2.879629407715181,2.9311704589976286,2.9516914554873632,2.924462121203428,2.909542288936202,2.977893149782426,2.902244640270512,3.0153326788189103,2.9715658645731837,2.9796877551409535,2.995271404958114,2.9785115107074884,2.9562546613878364,3.0294550605704265,2.9165710245283716,2.9708525238487224,3.019047755154853,2.904801524214043,2.990632018000996,2.9458602547310857,2.728094812107684,3.288496733182,2.78093521619652,2.910939752179134,2.986090389388369,2.957254479511957,2.9446043423656443,2.918625008183836
114,2.941687245971255,2.86289427390963,3.1271013533348704,2.8796598633056205,2.930520332417951,2.95049101534161,2.9223632372354125,2.908426131592167,2.9775086050936634,2.9034716040047694,3.017158175593978,2.974406974010623,2.9826928450314893,2.9983599146081583,2.981522714278846,2.9591415270042623,3.0319145318987832,2.918443875592604,2.972335455560982,3.0199273434865224,2.9054753646992424,2.990386948157907,2.9450172488245197,2.727374790967093,3.287927818890278,2.779902184740574,2.9094789908543754,2.985305665172375,2.956762158863857,2.9436753071182,2.9172693409422346
115,2.9413095326496808,2.8636364226236037,3.1264436101972297,2.8796384349986024,2.92973299620302,2.9491351230819607,2.920078842935353,2.9071755819754586,2.9771418822922886,2.904756275769022,3.0192398290043636,2.977535029045347,2.9859883188227148,3.001752921300072,2.98485167533556,2.9623262242297086,3.0346807076122344,2.9204174114412527,2.973912838327463,3.0208957930334566,2.9061367212996707,2.990091520062447,2.9440592349683232,2.726433770688736,3.2873856157146126,2.7786490995317523,2.907757682968484,2.984429517812763,2.9561909575933867,2.94251628253333,2.915713799483129
116,2.9408986892962705,2.864275898980895,3.125818018324143,2.8795590423511004,2.9287975753720397,2.9476009689067975,2.9175861259785547,2.9057772086497273,2.9767946637401708,2.906110022706902,3.0216017088765197,2.9809774957928306,2.98960015965616,3.005476008027955,2.988514012030742,2.9658204748964683,3.037759946145769,2.9224903765182844,2.9755760340537627,3.0219333289347925,2.9067721422911728,2.9897170209087744,2.9429571107221077,2.7252365033242096,3.2868465379651735,2.777134939868168,2.905723852532838,2.9834381825652967,2.955518569031021,2.941086934802658,2.9139261483241854
117,2.9404502264044723,2.8648075009804472,3.1252211771177905,2.879415987937435,2.9277042405752622,2.945868150237006,2.9148667802764727,2.9042227769540183,2.9764761400729336,2.9075492443384947,3.024275415564216,2.98476813540229,2.9935591462523186,3.0095589593033734,2.9925280483862267,2.969639656256379,3.041163294916208,2.9246651649199578,2.977320536526815,3.0230243877787433,2.90737002783126,2.989237840997796,2.941684000845295,2.723750696572807,3.2862875908089864,2.7753193010888113,2.9033254292467916,2.9823064283757876,2.954721426823551,2.93934400351369,2.911870895760903
118,2.9399601681524388,2.865226682273853,3.1246504686601133,2.8792044395667427,2.9264447827045568,2.943919774616415,2.9119079500336564,2.9025098787181562,2.9762030354338758,2.909095094454698,3.027298449389713,2.9889448260489453,2.9978986464596185,3.014033392434686,2.9969135832631206,2.9738016918993395,3.0449056784158044,2.9269478811020413,2.9791463729993444,3.0241586170097063,2.907921434572975,2.988633072297662,2.9402171839130813,2.7219494779601137,3.2856875144906503,2.7731650576552997,2.90051369258975,2.98100875285433,2.953775685935872,2.9372434309380866,2.9095120720298437
119,2.9394256943467196,2.8655305144284076,3.1241045722008924,2.8789212321294415,2.925013939632696,2.941744208984165,2.90870376384293,2.9006432145271717,2.9759998227440043,2.9107729762656116,3.0307119361633585,2.9935466777630553,3.00265166893868,3.018929530093764,3.0016897251785517,2.978324918428278,3.0490039183451287,2.929347583251981,2.9810575683103804,3.0253307216255747,2.908419987082495,2.9878866966952886,2.9385389430695943,2.7198127421509364,3.2850273936565366,2.7706405807314662,2.8972462693970473,2.979520500736281,2.952658153249942,2.9347428923170713,2.9068164474151663
120,2.938845554592365,2.8657185412321264,3.12358394222288,2.878565634570177,2.923410830638229,2.939336819216223,2.9052567688161166,2.8986358602952897,2.975898821171143,2.912611770445813,3.0345578711850707,2.998610607064524,3.007847415340901,3.02427253030872,3.006872215545485,2.983225451383509,3.053474147263513,2.931875047616825,2.9830611071294744,3.026539670487021,2.908861270157606,2.9869866709157793,2.9366363532634487,2.7173272586417996,3.2842905912497296,2.7677209586152394,2.893488951771151,2.9778186007290888,2.951346882020413,2.9318037967452693,2.9037561058395154
121,2.9382202653155725,2.8657934419209266,3.123091185221168,2.8781399810615853,2.9216402616324246,2.9367012961112104,2.9015787926250836,2.8965100007375657,2.9759398108263087,2.9146426693971463,3.038875864856206,3.004167593667086,3.013507598997462,3.0300786970953135,3.012470507886288,2.988514433332961,3.0583291921834865,2.934541485810314,2.9851658992338956,3.0277878953682835,2.909242300837551,2.9859239209004027,2.9345007923908444,2.7144863854356522,3.2834625060809923,2.764388805458476,2.889216900885016,2.9758821165507294,2.949821619601577,2.928393019464724,2.9003103338272744
122,2.9375521128473703,2.865761548048377,3.122631374584565,2.877650179401356,2.9197138071800524,2.933850429869079,2.8976911742034597,2.894296972936025,2.976168976634299,2.9168975894186495,3.0436994355468414,3.010238834318879,3.0196426939265213,3.036351667422471,3.018484507057748,2.9941950108676356,3.06357574369408,2.93735706848891,2.987381569891583,3.029080323939078,2.9095610269130505,2.984691315244799,2.932127237394219,2.7112895576960216,3.2825303238713195,2.7606347848926545,2.884415380353334,2.973692679193962,2.948064186702452,2.9244843857002034,2.896466726236417
123,2.9368450626625355,2.865633376757483,3.1222124076529085,2.877106179064313,2.9176506474077195,2.9308062934280334,2.893624423645056,2.8920367969923246,2.976637447977513,2.9194074448930527,3.0490524933313727,3.016832405708866,3.0262486922213774,3.043079164312223,3.0249015044090504,3.0002595572840485,3.0692118315624537,2.9403295222049364,2.9897173887225295,3.030423621617482,2.9098161657891453,2.9832831100760746,2.929513658603602,2.7077417872772402,3.281482936863418,2.756457978727229,2.8790801850666017,2.97123491429537,2.9460588894486257,2.9200599901580073,2.892221581033386
124,2.9361046657898853,2.865424187055724,3.121845362267317,2.8765223761743393,2.915477997391042,2.9275997551767423,2.889417262363759,2.8897771662989,2.9773991781698106,2.922200035825201,3.054945948896612,3.023940352070936,3.0333043810436844,3.0502303485606554,3.031693349441032,3.006687142826475,3.0752246465881017,2.943462823169724,2.992181433664028,3.0318257678324425,2.9100074622727163,2.981695033823195,2.926660717375132,2.703853324112472,3.2803111862115735,2.7518661903830495,2.8732178202707406,2.9684968862691585,2.9437929161996506,2.915111206007996,2.8875797250992195
125,2.9353381079693373,2.865155004627828,3.1215449887044837,2.8759180690581503,2.91323111113367,2.92426953001001,2.885115353077313,2.8875719769267145,2.9785078984375506,2.9252973609413573,3.0613744727861825,3.0315360004752363,3.0407688694622426,3.057753574756738,3.038813913923976,3.0134413113102694,3.0815886022187953,2.9467557647870404,2.994779900630719,3.033296164887588,2.91013655275509,2.9799251958578106,2.923571983679197,2.699639684199923,3.2790085417264883,2.746876204155475,2.8668455186669384,2.9654707297434957,2.9412568186535237,2.909639261523468,2.8825538941019246
126,2.9345549170057863,2.864854587108653,3.1213303065645515,2.87531788068684,2.9109529724848633,2.920861119177699,2.8807699746838358,2.8854795554580006,2.9800134799642657,2.9287125309350075,3.068313577673936,3.039571450245506,3.0485791296220244,3.0655742287230616,3.0461966298035015,3.0204679689927696,3.0882635130568827,2.9502003707794966,2.9975163220395435,3.0348459148547646,2.9102082554483566,2.977975938977415,2.9202548632239327,2.6951218553940404,3.2775723246441535,2.741514287744566,2.8599915976694135,2.9621536411328404,2.9384452181267986,2.9036562458239037,2.877164872558873
127,2.9337682420710953,2.8645615608579025,3.1212249606600877,2.8747517752117018,2.90869326904118,2.917425225873659,2.8764362737957976,2.8835603543895956,2.9819576234112812,2.932446176002815,3.075716824288133,3.0479751281145844,3.0566475528287116,3.0735927600790105,3.053752230277656,3.0276930498318038,3.0951922029032843,2.9537797358221454,3.0003900865575144,3.0364875650623406,2.9102317009835708,2.9758558497430525,2.9167215353142257,2.690326187943419,3.27600508942817,2.7358164958454942,2.8526956561889794,2.9585491213772253,2.935357911435995,2.8971868230522726,2.871442139959573
128,2.932996139695505,2.8643263812239574,3.1212576472882114,2.874254957603002,2.9065068903253257,2.9140158719627465,2.8721721497918393,2.881875265114963,2.984369657246442,2.93648299030155,3.0835139861446668,3.056650191445806,3.0648604504361505,3.0816837962568417,3.0613674720159265,3.0350202770490724,3.1022978404811172,2.9574656855765484,3.0033945156159554,3.0382342287668327,2.9102206550795398,2.9735803393181905,2.9129884594784192,2.6852830059128636,3.2743148392808186,2.7298272350166757,2.8450070384164072,2.9546675329063716,2.9320004630040404,2.8902679719213076,2.8654232201644354
129,2.932262734929377,2.8642125965450878,3.1214620096016326,2.873866821529372,2.904451190241125,2.9106877681699204,2.868037212767603,2.8804837861244232,2.987262851611775,2.9407895538121194,3.0916107152789736,3.0654740225457506,3.073077985197257,3.0896971076112836,3.068905808971225,3.0423301853004556,3.109482318233165,2.9612170732300753,3.0065147912646424,3.0400979871371687,2.9101929031116525,2.9711711341584803,2.9090747415205818,2.680023996649398,3.272514115155327,2.723596535970815,2.836982128374464,2.9505257583055275,2.928384093608333,2.882947132563678,2.859152670153094
130,2.931598687736395,2.8642964998924207,3.1218756224225865,2.873628755550299,2.9025818997666253,2.90749292310459,2.8640914659481993,2.8794414567803495,2.9906313842597934,2.9453137101461637,3.099889696337459,3.074299355487236,3.081136592117088,3.097461811526882,3.0762112319666333,3.0494816054045737,3.1166267815518705,2.96497943840738,3.0097262737127872,3.042087755190358,2.9101686925621943,2.96865465184033,2.904999710067499,2.6745789442160044,3.270617995779687,2.7171760388875104,2.8286804475221063,2.946145603710181,2.92452453830765,2.8752782436081805,2.8526788291378864
131,2.9310407992736662,2.864664124951128,3.122537572811665,2.873580894991629,2.900948421670509,2.904476930523806,2.860393013914868,2.8787954954960098,2.9944476070147577,2.9499853779179364,3.1082128585295905,3.082957028058477,3.088854873499244,3.104794780141611,3.083115899711426,3.0563167406078033,3.1235949252439448,2.968686168201575,3.012993446843714,3.044206813548989,2.9101679611574287,2.966058721216486,2.900780070263632,2.668972553787424,3.268641562020661,2.7106143475885958,2.820160034609221,2.9415512918685973,2.9204404903533376,2.8673172171091057,2.8460486593454015
132,2.9306306563318496,2.8654058959135535,3.1234852363726295,2.873758342335514,2.89958962338341,2.9016760981992755,2.8569956088870145,2.878580167668103,2.998661658921867,2.9547198690599523,3.116426519642293,3.091262585325425,3.0960443709461805,3.111514236332008,3.0894526548370185,3.0626711721130544,3.1302403409470965,2.9722620427262827,3.016269970930301,3.0464502309113284,2.910207255288996,2.9634097406880775,2.896428283247157,2.663222384150897,3.266597539003704,2.703953179712627,2.8114735466043475,2.9367666664492966,2.9161518189748628,2.8591179580595063,2.8393025589085297
133,2.9304112496381425,2.866607624440244,3.124750033105392,2.8741868011277294,2.8985292694981806,2.8991136718348525,2.8539436330537784,2.8788103070542514,3.0032012023229826,2.959422011263801,3.1243682159684814,3.099026185749014,3.1025237553232445,3.117455349722734,3.095068422662914,3.0683850520046803,3.136413938172094,2.975626825712818,3.0194986056359268,3.0488020722843503,2.9102965391412505,2.9607301215876793,2.891952844179167,2.6573393060750936,3.2644953437326807,2.6972257190829114,2.8026665607753065,2.931813785305554,2.9116790324277666,2.8507304328194873,2.8324705276005284
134,2.930422283697735,2.868340037653108,3.126353191935779,2.874879106410705,2.897773431840046,2.8967974505805794,2.8512671285062208,2.879476107729084,3.0079729218568207,2.9639913539088925,3.1318754413195466,3.1060659484833693,3.108135472942741,3.1224865477132315,3.099838622275648,3.073317467270503,3.1419745256206966,2.97870047877111,3.022613284875961,3.051234838160359,2.9104373786458266,2.958036472125668,2.887359849510671,2.65132924564897,3.262340918355666,2.6904560223269467,2.7937766041187544,2.9267120920814405,2.9070429077285667,2.842199164614586,2.825568978491285
135,2.93069494302002,2.870648452855045,3.128302154119538,2.875832956492682,2.8973095401737545,2.8947188572992406,2.848976999560363,2.8805399778614733,3.0128659251767402,2.968327851538439,3.1387954818723465,3.112222761413366,3.1127607402875035,3.1265213797146623,3.103677846529277,3.0773596080833348,3.146799741263132,2.9814087205476145,3.025542439903538,3.053710172854732,2.910622507708702,2.955338684623405,2.8826553003652853,2.6451957890431563,3.2601372701715863,2.683659867524899,2.7848335155181934,2.9214784903858715,2.902264564868169,2.8335630370590295,2.8185994566126844
136,2.9312469113486608,2.8735451498426503,3.130588329947571,2.8770302767909115,2.8971069160960994,2.892853223866598,2.8470614928654294,2.881936339422553,3.0177566819163055,2.9723370921803056,3.144994600602072,3.1173732994780488,3.1163286634819434,3.129522224985619,3.1065436616944266,3.0804429162142783,3.150794571519971,2.983687654604744,3.0282131321832826,3.0561805522943084,2.9108364189619675,2.9526396285668266,2.8778471155475818,2.6389426918546453,3.257885231434387,2.6768465804071857,2.77586080191276,2.91612824949471,2.897365720684113,2.8248557200794364,2.811549430283566
137,2.93207859185096,2.877006148345253,3.133186846690564,2.8784384255329916,2.897118440557747,2.8911612577823345,2.8454851179210117,2.8835752953252416,3.0225157246725507,2.9759345556368615,3.150365063172953,3.1214386130209704,3.1188175444295316,3.1314954271967332,3.108433129645383,3.0825403199294876,3.153895805603512,2.9854870426193045,3.0305557844968205,3.0585918735088176,2.9110568833639054,2.9499355027113605,2.8729459993833313,2.632575587908945,3.2555839782597333,2.670021264819945,2.7668774538707432,2.9106764626932584,2.8923689265825807,2.816105822205249,2.8043949856237544
138,2.9331718749749056,2.880973121387941,3.1360582511826864,2.88001305644882,2.8972836267045885,2.8895920704491216,2.8441911491658938,2.885349798208694,3.0270153287877055,2.9790490363278384,3.1548294807051387,3.1243864497380924,3.120248942928981,3.1324808186822084,3.109374000882365,3.083661284381467,3.156072460528297,2.9867717765942094,3.0325091242263422,3.0608870409262865,2.911256995318674,2.947216437831079,2.867964476811176,2.626102401404931,3.25323096161077,2.663186563250106,2.757899210427409,2.9051389411251076,2.887296542493967,2.8073348251752206,2.797102149950782
139,2.934491428887405,2.8853594066404424,3.1391520914184237,2.8817022708875757,2.8975325180313307,2.8880871874313083,2.84310708994831,2.8871456934946416,3.031137958970487,2.9816254010946084,3.1583423535459936,3.126227948641226,3.120677380220634,3.1325390822634445,3.1094139088501165,3.083842982291664,3.157322917038896,2.9875221134911287,3.034024912506215,3.063010352070603,2.911407717418184,2.9444676093615474,2.8629145586386473,2.6195327654117904,3.2508213592916144,2.656343848289411,2.748939278540167,2.8995325157163174,2.882169017797494,2.7985537035012946,2.7896281204364746
140,2.9359885765354656,2.890058907385577,3.1424117937888685,2.8834515060871935,2.897790420884088,2.886585152170408,2.8421519791696537,2.8888532253010024,3.03478497995224,2.9836270385512615,3.160889495866504,3.127010924590454,3.120179085727208,3.131740698370434,3.1086110437417034,3.083140744518021,3.1576708365607646,2.987733382132939,3.0350720146386356,3.064912644634641,2.911480808430886,2.9416707930138943,2.85780492413511,2.6128771556716552,3.248347669098811,2.64949413354878,2.740008824951479,2.8938750551215398,2.8770032483095545,2.789759970355292,2.781924247782315
141,2.937607324704299,2.8949569954824366,3.145780124867284,2.885208619763297,2.897983480020411,2.8850263693578877,2.8412442677864003,2.8903784848486334,3.0378851960766537,2.9850384564068095,3.1624867395346725,3.126812427379303,3.1188426822521333,3.1301591547647574,3.1070286083313396,3.081620762287093,3.1571619348249174,2.9874160872684294,3.035639919004331,3.0665572251113877,2.9114521913601963,2.9388065977600464,2.8526389845782214,2.6061465493894374,3.2458002221327673,2.642639136006583,2.731117850790466,2.888185677211718,2.871811768330917,2.780937135915445,2.7739423807574557
142,2.939291073150419,2.8999424430431886,3.149204703323343,2.8869287494641407,2.898045007883984,2.883358515791837,2.8403099247129617,2.891653681660002,3.040402714471451,2.9858686898790214,3.163179937796224,3.1257331600011753,3.1167646221285166,3.1278699210668996,3.1047346671038425,3.0793578050649995,3.1558634713583738,2.9865977050846086,3.0357423341783427,3.067926485427569,2.9113064081700726,2.9358582252195853,2.847415187420831,2.5993532807534967,3.243169313373153,2.635782712593849,2.7222768495809486,2.8824852183232283,2.8666027730451606,2.7720574685412562,2.7656443032433025
143,2.94098921272991,2.9049188053202952,3.152642463373344,2.888578187706314,2.89792219185289,2.88154168966453,2.8392891746430293,2.892644102885643,3.0423434182700237,2.9861545679634682,3.163045807512808,3.123894166584714,3.114048767226728,3.12495440408805,3.1018065569165083,3.0764378303885227,3.1538670342773996,2.985326160464214,3.03542070067267,3.0690289121567145,2.9110417105287345,2.932816739734254,2.8421302773717647,2.592513447239307,3.240449574788112,2.6289332327843162,2.713499781923031,2.876797686414501,2.8613819777572167,2.7630893852063743,2.7570138767148316
144,2.9426615613551093,2.909812265206628,3.1560620351932593,2.890136268159207,2.8975810751019586,2.8795514625980125,2.8381399169702277,2.893349456905042,3.0437571812934454,2.9859616222807985,3.1621917383570795,3.1214344586478395,3.1108085377302324,3.121506597645166,3.0983373537180894,3.0729637424503657,3.151292859242292,2.983673501005577,3.034746692004699,3.0699047887454847,2.910674499856575,2.9296866654580724,2.8367846283174374,2.585649946561089,3.237645606512477,2.622106367244331,2.704807881878152,2.8711526390011723,2.8561563739330564,2.754008456403158,2.748068341421434
145,2.9442793810579575,2.9145744461624674,3.159443994494824,2.8915951025835924,2.8970085454800447,2.87737978298982,2.8368386591704544,2.8938010184715925,3.044735933797928,2.9853824312212724,3.1607546359491563,3.1185087732004866,3.1071696661843298,3.1176391910579575,3.094440983746892,3.0690610172326878,3.1482925939931645,2.981737818652057,3.0338227770610837,3.0706292054343787,2.9102424479360542,2.9264911757798906,2.831388383487984,2.578795247324292,3.2347774616933096,2.615327441826555,2.6962331924338194,2.8655875696996658,2.850938853323263,2.7448082786719152,2.73886365097022
146,2.9458249174647184,2.919182178321716,3.1627792489284055,2.8929575963993592,2.8962112377387186,2.875033107874021,2.835377495745828,2.8940535972295702,3.045405442555268,2.9845303377693897,3.1588939965211686,3.115281510215667,3.1032683255143056,3.113483288966526,3.090251056969322,3.0648766942162267,3.1450449505364824,2.979639793193752,3.032776820339943,3.0713083642224666,2.909803132877592,2.9232716322825336,2.825963721775252,2.571991436431224,3.231882919526004,2.6086312573403125,2.6878188927492044,2.8601474841528347,2.8457502207392356,2.7355048917201596,2.7294899233828764
147,2.947288845631184,2.9236311232202996,3.1660647693155104,2.8942326130281097,2.8952090418877874,2.8725267753600576,2.8337573469452484,2.8941728975448626,3.045909478899505,2.983528562673012,3.1567811621870074,3.111918304147286,3.0992462838508237,3.1091833832459823,3.0859148476550295,3.060573027950696,3.141744764412344,2.9775132984144794,3.0317501073171242,3.07206763262883,2.9094269216910105,2.9200817480612327,2.82054305305304,2.5652868893344243,3.2290151416165007,2.602059467429017,2.6796165291208913,2.854881508815642,2.8406184482636148,2.7261353490689895,2.720060223256185
148,2.9486659156445434,2.9279240826263724,3.169297478842368,2.89542813382349,2.8940260778086757,2.869879842453627,2.8319833455806016,2.8942241672444515,3.0463914385323525,2.9824974811928944,3.1545868906138166,3.1085767783127967,3.095244075071357,3.1048893053159503,3.081584613187037,3.0563182685181474,3.1385890341903617,2.975493865447528,3.0308837189352924,3.073036960346633,2.909188381580454,2.9169823795274237,2.8151676143460005,2.558733272899352,3.226239266676307,2.595657573801472,2.6716822519427765,2.8498380702069435,2.8355751624087238,2.7167501949817856,2.7106948617118327
149,2.949951591239759,2.9320611215169663,3.1724685419532888,2.896542757285966,2.8926726914360748,2.8670964105271146,2.830042187209581,2.8942414840621415,3.046953587707157,2.9815294387258597,3.1524523596168983,3.1053842043880833,3.091383575460536,3.1007387594675846,3.0774010412421227,3.052269379980259,3.1357545855529008,2.9737015827083866,3.0302971128204668,3.0743239231209243,2.909145408975212,2.9140159811204547,2.8098696611315805,2.552371845221068,3.2236145408717523,2.589462862069241,2.6640639409279627,2.845054686988929,2.8306481522473224,2.7074009480527885,2.7015019213790517
150,2.9511401878314123,2.9360350525292267,3.175562742403936,2.897565659723652,2.891145478824799,2.8641667991487045,2.827906774274796,2.894231104657655,3.047653284280704,2.980684965567171,3.1504836449241598,3.102431868798164,3.0877593618984447,3.096843894343162,3.0734786089387485,3.048555083609514,3.1333787476091715,2.9722287816077735,3.030076734351545,3.0760029897930403,2.9093338614668065,2.9112034445827337,2.804669933560388,2.5462307420327477,3.221189056729304,2.5835016817188396,2.6567958330059995,2.840553112715881,2.8258563544967035,2.6981298208518223,2.6925593254705196
151,2.9522249037690136,2.9398288045859413,3.1785583673744737,2.898476879641336,2.8894264359642285,2.8610668001085084,2.8255374155228545,2.8941711620149473,3.0484978031166583,2.979989071984603,3.148746472048965,3.099771991070461,3.0844331244464094,3.0932821538775,3.069896322727011,3.0452642533371845,3.131547230446543,2.9711320949101307,3.030268432287576,3.0781072239041043,2.9097622013670144,2.908539145697088,2.799573227975657,2.540321179348399,3.218993041982344,2.5777861548800187,2.649893610940411,2.8363358261456812,2.8212058974928733,2.6889633400693187,2.683903931770698
152,2.9531992422170017,2.943416294503829,3.181429091620769,2.899250335117551,2.8874871968914384,2.857762143453006,2.822888361721289,2.894018531510093,3.0494513096752165,2.9794353191937515,3.147269687256208,3.097423106236711,3.0814350031442244,3.0900946801425118,3.066696080777645,3.0424425161221302,3.1302935217216192,2.970431834046436,3.030878423994412,3.0806296261325166,2.910412676720262,2.905993736512648,2.79456922241979,2.5346376928689613,3.2170372166313186,2.5723146805502983,2.643354349273799,2.832387218021734,2.8166903417530547,2.679913077213024,2.6755323080983526
153,2.954059592175983,2.946766562507384,3.1841472833551654,2.8998588104373333,2.885296823185427,2.854216306688571,2.8199171580337805,2.893720787752261,3.0504515065082436,2.97899598472981,3.146056038829255,3.0953817053930326,3.0787710069069916,3.0872919577318068,3.0638882458352255,3.040097489535948,3.1296089077196942,2.9701182514789153,3.031881827192105,3.083532457959178,2.9112484635818987,2.9035238293916508,2.7896380177365057,2.529162131991036,3.215316176774392,2.5670758205177577,2.6371610181010303,2.8286791284716157,2.8122947962541227,2.6709821662832702,2.6674128579980434
154,2.9548079493979342,2.949849829791725,3.1866879055713864,2.9002795723988957,2.882830840072114,2.8503993919495336,2.8165939794484927,2.8932299394659857,3.051430548751714,2.978634949085172,3.145096072181395,3.0936357465267603,3.0764334410843484,3.0848637604870546,3.0614616150166905,3.0382097926769283,3.129458616107751,2.970162005085991,3.033235353823766,3.0867608650561684,2.912224350938387,2.901085291280269,2.7847583151164756,2.5238699762484047,3.2138152908403184,2.5620540107157663,2.6312896498302054,2.82517891694864,2.8080021355151397,2.662174026174247,2.6595040611784837
155,2.955453275545776,2.9526436567242493,3.1890322972777008,2.9004992254197974,2.8800794202136197,2.8462962061379824,2.8129087318697783,2.8925145829895857,3.052334444756741,2.9783196248366064,3.1443802193524517,3.092175581960632,3.0744103503825735,3.082789463398389,3.0593938478046483,3.036745262329156,3.1297984934341665,2.970525250700434,3.034890181431858,3.0902567494775095,2.9132977522619656,2.898646186018662,2.7799156960879614,2.5187370335368695,3.2125186707730764,2.5572351007105105,2.6257166764976616,2.821857681655934,2.803799156274551,2.653499629205796,2.6517718395328274
156,2.956010832836286,2.955137502814032,3.191170938396829,2.9005165019066688,2.877052372842463,2.841911282143582,2.8088739055359073,2.8915671756547137,3.0531351870801497,2.97802839611383,3.1439049981446296,3.0909988491779856,3.072690901085086,3.0810453485912332,3.0576589619348558,3.0356643471234603,3.1305872049613077,2.9711701226771297,3.0368013704908057,3.093968802214211,2.9144367065285017,2.896195200330001,2.7751081249736833,2.5137444104211233,3.2114153167869937,2.5526096922143346,2.6204238971597316,2.818695967298808,2.799680255050843,2.6449802859509663,2.64419979319817
157,2.9564995717036684,2.957334685294877,3.193104720388086,2.900342563766592,2.8737800590400546,2.837270033004535,2.8045232591714555,2.890405517391726,3.0538332994791455,2.9777522238640666,3.1436721490873616,3.090108302286629,3.0712653656434012,3.0796069467802347,3.056229930230081,3.0349261553398055,3.131791026892945,2.9720627028977686,3.0389319182724854,3.097856615902479,2.9156231130850165,2.8937435812548475,2.770347243035736,2.508880676568303,3.2105016680108402,2.5481733119019405,2.615399664542926,2.8156852422438003,2.7956472287715703,2.636644804579228,2.636789480440888
158,2.9569384026786913,2.959251637120741,3.19484456445941,2.899999033476327,2.870310328868736,2.8324162067035386,2.7999074390123058,2.8890690116929854,3.054451667684418,2.977491107390903,3.143682277234454,3.0895043644439038,3.070120669721584,3.078446914697534,3.0550767915483528,3.034487326642295,3.133381474392432,2.9731724873960967,3.0412516509169105,3.1018889712551854,2.916851119122406,2.891320708241663,2.765655476617468,2.504141205633501,3.209780322158147,2.5439237762912246,2.610636532523417,2.812825197030972,2.79170570666659,2.6285223682640595,2.6295526031331793
159,2.957343129146496,2.9609154734431833,3.1964097048994558,2.8995146491353814,2.866702521195351,2.827406890186876,2.7950884781997107,2.88761159208332,3.055024365119584,2.9772479493211907,3.143926419923961,3.089176214376229,3.069234069856061,3.077530813625199,3.054162303234551,3.03429812086464,3.135328327525071,2.974469129082122,3.043732869507582,3.106038536864795,2.9181222339618844,2.8889652598799658,2.761060472034788,2.499525725036724,3.209256373497424,2.5398573586600084,2.6061272517866523,2.810118932546226,2.7878606227289118,2.62063455975464,2.6225001618331314
160,2.9577242999086133,2.962360299796556,3.197825050428227,2.8989215479607133,2.8630206876032407,2.8223064320208353,2.7901342911095797,2.8860937814979026,3.0555854395319706,2.977022691616204,3.1443800680845175,3.0890954154833112,3.0685686073451786,3.076813608061548,3.0534386032162577,3.034298970087146,3.137592723541843,2.975918873342376,3.0463457904080453,3.110276274992964,2.919439803410791,2.8867158939092983,2.7565891232302526,2.495035399027346,3.208933205949101,2.5359654410505597,2.6018609814249483,2.8075678537877717,2.784112314214422,2.6129892680185267,2.6156337263585865
161,2.958086418428697,2.9636231800188595,3.199118318379104,2.8982520786489587,2.8593279589034584,2.8171809820103637,2.7851142129390363,2.8845758202247183,3.056162026926458,2.9768090401850826,3.145002698974476,3.089214841107675,3.0680727933818197,3.0762391535277045,3.0528469772285183,3.0344201727570477,3.140123314756578,2.977482895916223,3.0490559492944413,3.1145683447479713,2.9208048617246285,2.8846038752986356,2.7522631871101395,2.490670783377971,3.208810031027067,2.532233407122974,2.5978218702756313,2.8051688083643507,2.7804556299503225,2.6055796225674195,2.608943247987028
162,2.958429351625136,2.964741146832342,3.2003173137402294,2.8975366291255447,2.8556824277458714,2.8120941206162855,2.780096015795377,2.8831129946481333,3.0567725028758845,2.9765945646834426,3.14574251789511,3.08947336128462,3.0676846449746367,3.0757433135350434,3.0523213732792556,3.0345853831598815,3.142857301323885,2.9791183398280605,3.05182498919276,3.11887669258207,2.922214903878761,2.8826498769685953,2.7480975694743135,2.4864311773022343,3.2088818306475737,2.528642015022403,2.593990350515191,2.802913967405992,2.7768815295456233,2.598387353039818,2.6024111221112873
163,2.958751096193703,2.9657490948831433,3.2014476592454857,2.896802295894953,2.85213476725846,2.8071039529682675,2.7751439823018806,2.8817531190827257,3.0574286480042465,2.976363209757345,3.1465443209230854,3.0898042912953763,3.067338559867279,3.0752596307997133,3.051794457547267,3.034717894143192,3.1457254380492796,2.9807816601627697,3.054614198261743,3.1231626736155436,2.9236652523620172,2.880864488923068,2.744101074716473,2.4823152477293493,3.2091416198011924,2.525170695360811,2.590346486242721,2.8007930169382815,2.773380258775971,2.591388903113469,2.596019778299201
164,2.9590505046488955,2.9666779652959354,3.2025311531331253,2.896072014890642,2.8487273442729313,2.8022615660916417,2.7703172949314836,2.8805354322573287,3.058139335043112,2.9760984115901516,3.1473575822346884,3.0901445516069814,3.0669727977752608,3.074725623050872,3.0512042127068293,3.034747694269041,3.1486588387991734,2.98243297277836,3.0573890662720697,3.1273920134078175,2.925151602033677,2.879250798765718,2.7402785466198853,2.478322233491586,3.2095837647233014,2.521801413368448,2.586873909421472,2.7987964188289567,2.769944623759004,2.584561753875094,2.5897587035762273
165,2.959329020266243,2.967552944072958,3.2035847364830072,2.89536377059665,2.845494012089407,2.7976102563905716,2.7656681331509088,2.8794899626388473,3.0589127219132153,2.975785010795028,3.1481416810089895,3.0904413594415963,3.0665349471212062,3.074087420239222,3.0504987862830375,3.034616753121176,3.151595012422608,2.9840397091505677,3.06012301178977,3.1315390654725226,2.9266722561661886,2.8778073182596264,2.736633050005575,2.474452879866788,3.210206668254841,2.51852153527969,2.5835625916102853,2.796917984821349,2.766571700841828,2.577888470255181,2.5836273603269078
166,2.959590901091434,2.968391609510384,3.2046199863987646,2.8946896957957837,2.842459734469907,2.7931847641946614,2.76123903404931,2.8786364173082664,3.059755143767115,2.9754091281266772,3.1488668900316883,3.090654960700732,3.0659842353232203,3.0733018268962864,3.0496386292021227,3.034281308513032,3.154481593822107,2.985578440901717,3.0627989196863994,3.1355886472392545,2.9282287695550338,2.876529668109573,2.733166932607482,2.4707094589718426,3.211013488341063,2.515324641575309,2.580409342966799,2.7951555825604046,2.763262322749339,2.57135761687794,2.5776330704395995
167,2.9598422420691977,2.969202858953971,3.2056433758308023,2.8940556300540283,2.8396404718824706,2.7890109287143234,2.7570607936190354,2.8779838328978364,3.060668410169409,2.974957077045488,3.149512289927944,3.090757771309949,3.0652908108267507,3.0723358053269267,3.0485958643295885,3.0337110505934,3.1572774013076006,2.9870348230596453,3.065408695707223,3.1395358480054476,2.9298255261798,2.8754116072594336,2.7298820434623376,2.4670951020770016,3.2120110373453965,2.512209410048972,2.5774161187388347,2.7935098530906606,2.7600188340491263,2.5649621982866657,2.571785271442484
168,2.9600891332619472,2.969986388945924,3.206656860780546,2.8934609990895526,2.83704279018042,2.7851052810931387,2.7531509222548713,2.877530295398207,3.0616461279393743,2.9744138139277867,3.1500618045409574,3.090731238129691,3.0644333148523972,3.0711648217541905,3.047352465666325,3.032886998712839,3.159952284868644,2.988402621838617,3.0679518800471923,3.14338463110025,2.931468714361208,2.8744455824309734,2.7267793085802783,2.463612738401811,3.2132073643812427,2.509177147758306,2.5745869014790297,2.7919817349988283,2.7568423937761075,2.5586972153302883,2.5660892881447985
169,2.960335857097202,2.970733483005817,3.2076588673575945,2.8928994833282444,2.8346639292240177,2.781475073319468,2.749513575307869,2.877263672490635,3.0626718171111342,2.973762496669765,3.1505009552711116,3.0905628363355238,3.0633966947955784,3.069771677611481,3.04589884492644,3.0317998126011143,3.162487135700096,2.989682772186576,3.0704344535046904,3.147146445796782,2.933165606929153,2.8736236686256653,2.72385845881138,2.460264201400397,3.214609225156466,2.5062291128838705,2.571924513293979,2.790570056857047,2.7537311525556945,2.552557968027279,2.5605425546696865
170,2.960583813675501,2.9714292279773717,3.2086455241655827,2.892360454315451,2.832492656282801,2.778118960571173,2.746141199729233,2.8771635404126137,3.063720119465591,2.972985659722945,3.1508156853512586,3.0902444340338415,3.0621711869975012,3.068146469784899,3.0442335092495507,3.0304493593033097,3.1648746900357843,2.9908829943338158,3.072868488613991,3.1508395680377514,2.934924617501662,2.872939243976412,2.721118395094309,2.457049867213975,3.216220437210747,2.5033646123146003,2.5694284843948445,2.789270277258344,2.7506800423969793,2.5465399090301646,2.555134812493023
171,2.9608313876744603,2.9720556547751737,3.209611915109185,2.8918308705941875,2.8305109980308973,2.775028382931523,2.7430175217579937,2.877203976798621,3.0647609180869786,2.9720676608313834,3.15099339945989,3.089772233386124,3.0607525744128288,3.066287542241638,3.042363667995657,3.028845451282749,3.1671209418965214,2.9920179237847173,3.0752725576993427,3.1544891140796185,2.936756006878148,2.8723890524995586,2.7185581685656466,2.453968855544418,3.218041494997758,2.5005803253246874,2.567094460895987,2.788074791553708,2.7476820218862468,2.540639767296234,2.5498517413379753
172,2.9610746340562732,2.972595102213293,3.2105531257612845,2.891297118788389,2.828696544212944,2.7721894461617342,2.7401210794871913,2.8773565236471583,3.0657647708972084,2.970997304544848,3.1510251652423724,3.0891475939182897,3.0591430064963707,3.064202513997385,3.04030592801578,3.027008810090048,3.1692461834018917,2.9931091992482513,3.0776722210709178,3.158127077843949,2.9386726446934395,2.871974806370635,2.7161781052997696,2.451019532632916,3.22007018959083,2.4978707530468123,2.564914959097285,2.786974498589924,2.7447299604766884,2.5348569306642617,2.544679891970361
173,2.96130838387685,2.973032924142058,3.211464863880707,2.890746259636325,2.8270247351460354,2.769584862095018,2.7374282803790875,2.8775923815710325,3.066707280777301,2.969769316235102,3.1509074384277422,3.088377508967037,3.057351232238329,3.061908190099985,3.0380859193507774,3.024970916847965,3.171284342960245,2.9941847181634427,3.080099622327551,3.1617914035120847,2.940689997161051,2.8717033568869987,2.713980384745086,2.448199894300794,3.2223025078596907,2.4952292348525957,2.5628807153235535,2.7859607334512586,2.7418180963364747,2.5291939500234113,2.5396104195980627
174,2.961527196963182,2.9733587449793233,3.21234352220842,2.8901663457273776,2.825470532357146,2.7671954331628053,2.7349151571289996,2.8778831024297267,3.067570451348171,2.968383817185138,3.1506419770324485,3.0874736564943746,3.0553913223501934,3.0594285276413995,3.0357360053644062,3.0227717393393227,3.173279719931312,2.995276492866381,3.0825914500493865,3.165523383853275,2.9428247729273638,2.8715848436255094,2.7119685038180883,2.445507452388302,3.2247329530579885,2.492648808654044,2.5609816983117226,2.785026540869193,2.7389422948157454,2.523655511542934,2.5346399601759453
175,2.9617258134676328,2.9735660098543875,3.2131857363656655,2.8895458660182634,2.8240091680744137,2.765000866741743,2.7325576523936563,2.878199836403645,3.068340658519861,2.966843955962561,3.1502338298092,3.0864498932023383,3.0532798490639093,3.0567907776955128,3.0332912059016404,3.0204554403732624,3.175281431004394,2.9964172824790616,3.0851854163156562,3.169363697454741,2.945092415923107,2.871629152340705,2.7101456002531807,2.4429385787347484,3.2273539432808658,2.4901224831546913,2.5592072620578765,2.784166726083699,2.7360990899814785,2.5182461041775026,2.5297686155878036
176,2.9618990295832255,2.9736500641250103,3.213987618035034,2.8888726777957956,2.82261603485141,2.7629799655731055,2.7303308284873617,2.8785117598166727,3.0690043707779986,2.96515261845109,3.149688258251921,3.0853189056466515,3.051032271170151,3.0540207660071115,3.0307843006233806,3.0180651049249114,3.1773369311459856,2.997636839111367,3.087916199157446,3.173348205410081,2.9475042737266905,2.871841811377492,2.708512171396607,2.4404875840426117,3.230154539041176,2.487642900602811,2.5575454534466804,2.7833767452308757,2.7332841263898806,2.51296730489486,2.524996415760757
177,2.9620412431053005,2.973605651660555,3.2147441584513246,2.888133288038448,2.8212667099158173,2.7611110560655643,2.728208493941957,2.878785659739348,3.069544800958864,2.9633100141073223,3.149008440991424,3.0840895191247677,3.0486598524327646,3.0511387599487474,3.0282415088511794,3.015638048070827,3.1794866866154408,2.9989591728925236,3.0908126102968714,3.1775056058309814,2.9500661978697407,2.8722216136626195,2.7070645134594447,2.438146230764409,3.233119523702061,2.4852018701029577,2.555982065368519,2.782651093960689,2.730490888386954,2.507815800920687,2.520320164261351
178,2.9621457284245176,2.9734235060459926,3.215448141708311,2.8873115446848043,2.819934950628168,2.7593703919516503,2.7261607140311224,2.8789829024326448,3.069936707236002,2.961310781651984,3.1481926157632714,3.082764443119898,3.0461677035070087,3.0481570993847784,3.0256800892757467,3.0132029978240116,3.1817608867105007,3.00040080165261,3.0938951971205086,3.18185516207576,2.952776730426661,2.872757603485535,2.7057926430637593,2.4359029944453834,3.23622794879961,2.482789486428673,2.5544995557002377,2.7819817690523587,2.727710443609073,2.502783137617128,2.5157324782557993
179,2.962204196445287,2.973088951164751,3.216090840860714,2.8863904402214082,2.818596053861389,2.7577361475268853,2.724159235101052,2.879067985895461,3.070155456465814,2.9591487485897794,3.1472397105951093,3.081344203158189,3.0435569757533547,3.045081214496145,3.0231088445227776,3.0107804481447635,3.184181020294752,3.0019730327545764,3.097179903841262,3.186412914594415,2.9556329791262055,2.8734362659334924,2.7046843725682725,2.4337458029786627,3.2394572487258095,2.4803959438901915,2.5530786386289286,2.781358926194783,2.724932915084756,2.49785720616262,2.511222893071689
180,2.962207392511357,2.9725807459326505,3.2166612319792076,2.885350502465567,2.8172216965414902,2.756182714165202,2.7221699847376337,2.87899741210026,3.0701652465755256,2.9568105462356247,3.1461416411656007,3.079822786478878,3.0408235041414766,3.0419101901648897,3.02052975226384,3.008384609871012,3.18676194933695,3.0036828412515555,3.1006770472662017,3.1911887210899677,2.9586266289514045,2.8742350085958277,2.703720754920468,2.4316596318132566,3.2427788175731065,2.478008984099524,2.5516961318544955,2.7807691282463214,2.7221478742345298,2.493024196069817,2.5067805173037434
181,2.9621451524826243,2.971871532952005,3.217147235356575,2.884172355653855,2.8157842219018914,2.754685355436076,2.7201601612229607,2.878730148113121,3.0699326538221348,2.9542826100487023,3.144891084226008,3.078193998094691,3.037962526150655,3.038640996037218,3.0179418981894552,3.0060272516038964,3.1895173069612532,3.0055372601448322,3.1043972854559296,3.196194504622895,2.9617512939507837,2.875131577376478,2.7028819145209386,2.4296300881335626,3.2461638378364768,2.4756167094757298,2.5503279687907745,2.7801978100950953,2.719346437530949,2.4882711517462837,2.5023965721712806
182,2.962006987482029,2.9709299953623294,3.2175370952976756,2.8828387688921433,2.8142594437338975,2.753222794046068,2.7181023016827273,2.878232997357051,3.069433633614672,2.951554503084629,3.143484273191775,3.076454286689006,3.0349711970744417,3.0352714832690735,3.0153448613942784,3.0037211963981654,3.1924640250805307,3.007546616539143,3.108355708333036,3.2014489518078095,2.9650064634846034,2.87610860639439,2.702149919629069,2.427645047133705,3.2495860979549636,2.4732088301262256,2.548950635690315,2.779630646947586,2.716521929938774,2.483587369838065,2.498065417300482
183,2.9617823918205306,2.969722625689845,3.217820135581108,2.8813353761684595,2.812627563294987,2.7517781208025456,2.715976050770169,2.877482633518712,3.0686562527466563,2.9486204289584053,3.1419217772572847,3.074604141530358,3.0318500439250355,3.031802355648542,3.012740930750533,3.001482134663196,3.19562399664364,3.0097254474164226,3.112572827283766,3.206978205027274,2.9683982481593354,2.877154762524965,2.701509813303887,2.4256951715209407,3.2530232718509016,2.470777308748474,2.547541941536511,2.779054345194359,2.713669650617442,2.478964774392781,2.4937840035893863
184,2.9614612525108974,2.9682159778483275,3.2179875306749874,2.879651027319541,2.8108736586365914,2.750339316027099,2.7137689677908003,2.8764660892388454,3.0676004433778914,2.9454795060531787,3.140207797542903,3.072648016513231,3.028603057007337,3.028237629296912,3.0101357159263236,2.9993286241046055,3.1990232735488937,3.012091738881193,3.117073614319233,3.2128142228089622,2.971938240815378,2.8782638420904583,2.7009492790919185,2.4237735274740064,3.256456676068318,2.4683162940250094,2.546080701810044,2.7784562139078877,2.7107856373012282,2.4743971895478514,2.4895499061840254
185,2.961034068422916,2.966378617470655,3.2180326905232524,2.8777777021626276,2.8089874376352855,2.748899040688298,2.711476198416216,2.8751797684366625,3.066275206650406,2.9421349950496047,3.1383484373826978,3.070593199277419,3.025236844952508,3.0245839310679115,3.007537410486843,2.997280540000005,3.202689205545977,3.0146646702750384,3.1218848069067557,3.2189910328825495,2.9756406608180392,2.8794318865135202,2.70045694369046,2.4218744113756423,3.259869649192856,2.4658214831316054,2.5445455795117966,2.777822816207351,2.7078651818953454,2.469879252821656,2.4853591892576974
186,2.960491962061308,2.964182447473943,3.217951180259446,2.875710238506286,2.8069625621410905,2.747453934386898,2.709099543767551,2.873628006681402,3.0646951347818523,2.938593183636103,3.1363500228789984,3.068448538889844,3.021759681690698,3.020849463642021,3.0049555085812014,2.9953569176596764,3.206646938433502,3.0174618514685108,3.127031667357347,3.225540397874241,2.979518915421382,2.8806535421031216,2.700020015937031,2.4199918465856958,3.2632452895113673,2.463289285871906,2.542913647032346,2.777138275290128,2.7049017407189058,2.465405619354211,2.4812052329009173
187,2.9598264793653373,2.9616032261666625,3.2177401735748683,2.873446039534759,2.8047957808597292,2.746003609338924,2.706646389619632,2.87182203635644,3.0628779329302835,2.934862575535464,3.1342183925958644,3.066223893008716,3.0181812388215374,3.0170435174885535,3.00239985110176,2.993574204675272,3.210916781410905,3.02049712226382,3.132535435019336,3.2324884427534126,2.983582781551692,2.8819189847024,2.6996220983461927,2.418118267461266,3.2665644721839295,2.4607162092612325,2.541159360639429,2.7763829392541868,2.701886616032594,2.4609708102136887,2.4770790615954232
188,2.95902919288306,2.958620277407763,3.2173975350654036,2.8709847703915683,2.802485927325527,2.744549397280027,2.7041286809659804,2.8697796256161343,3.060843689695829,2.930953723980113,3.131959569520012,3.0639307540413308,3.0145134396114805,3.0131770924574064,2.999880590466404,2.9919455897933496,3.215513457982193,3.0237796472426974,3.1384122745793945,3.2398542190410886,2.9878370289638667,2.8832123063896473,2.6992418174359694,2.4162437689912526,3.2698048748406987,2.458098741413902,2.5392544833942416,2.775532938280313,2.6988093768270662,2.4565696415730125,2.4729708983037506
189,2.958091441724563,2.9552155776172286,3.2169207622582308,2.868327857822093,2.800032668845871,2.743092879501465,2.7015617600970168,2.8675247869634863,3.0586155236745185,2.926879567094429,3.129581578828976,3.061583698227448,3.010772270213797,3.009264410721242,2.9974089858735877,2.99048123729981,3.2204472302814677,3.027314249898363,3.144673743332003,3.247650082044431,2.992281557290461,2.8845113194553216,2.698852480020829,2.4143560328241787,3.2729413301511254,2.455433827142815,2.5371692649387962,2.7745610007785326,2.6956588833679658,2.4521980237921475,2.468872252062931
190,2.9570042037676676,2.9513723537388286,3.2163060877427863,2.8654777589971414,2.797435189316911,2.7416342909189435,2.698962903256465,2.865086984399714,3.056220545667772,2.922655791559074,3.127096543616636,3.0592018590600634,3.00697994576253,3.0053249095429804,2.9949988107484162,2.989189349284466,3.2257265752926694,3.0311028269208506,3.151328450962465,3.2558833093391097,2.9969126800805297,2.8857882261204013,2.6984225128701613,2.4124407767234115,3.2759472867500183,2.4527196984421407,2.5348746583137083,2.7734383502854953,2.6924245352742715,2.4478537151945634,2.4647775776129244
191,2.9557573016766074,2.9470733787726937,3.2155476532690925,2.862437055688213,2.79469067830086,2.7401704553848703,2.696349259793705,2.862499552883613,3.053689620504645,2.9183009802249207,3.1245220897718364,3.0568101111292876,3.003166603686323,3.0013853077257338,2.9926677299946007,2.9880778370364895,3.231361786868134,3.035146870422445,3.158384472173042,3.2645588142866666,3.0017253295435484,2.887011418410824,2.6979165662148694,2.4104825132742387,3.2787967563238616,2.4499565985416574,2.5323448633897776,2.772136709625848,2.689096897159463,2.4435364753578366,2.4606847514889068
192,2.9543383851059017,2.9422993717381933,3.214636939660958,2.85920740882971,2.79179278883184,2.7386925789663423,2.6937352247128183,2.859796920726489,3.051055265275265,2.9138360315627905,3.1218812596914214,3.05443903415644,2.9993708669070682,2.9974809159537514,2.990438117959042,2.9871559816239466,3.237368590371844,3.039450345028996,3.1658518614792044,3.2736818453638925,3.006715510272313,2.8881474749832945,2.697296793611044,2.4084653502322517,3.2814663441821965,2.4471472613819807,2.529559929994506,2.7706303137629247,2.685668082041759,2.4392479442920143,2.456594756068167
193,2.9527317079113904,2.937027716278421,3.2135624036625,2.8557885485433054,2.7887301963697535,2.737184078483556,2.691129416805441,2.8570108305237403,3.048347650213113,2.909282735871615,3.1192005995001724,3.052123331256564,2.9956388591799272,2.9936557494423965,2.9883370530910667,2.9864359850239035,3.243771276819252,3.0440226197937883,3.1737449223117524,3.2832601399234576,3.011882648719163,2.889163134088233,2.696524094368943,2.4063736519229844,3.283937043465128,2.444297053383594,2.5265081121909865,2.7688977284562153,2.682132122256001,2.434991529147026,2.45251110616942
194,2.950917452894656,2.9312329884742345,3.212309523058753,2.852177383359589,2.785485086109828,2.7356187285873492,2.688531390724868,2.854165842796929,3.045590031584114,2.904662278248874,3.116506886469148,3.049898578369019,2.9920213109785148,2.989961456160323,2.986395992043515,2.985934876355647,3.250604894892048,3.0488807879996944,3.182083429828607,3.2933046865580744,3.0172312285400276,2.890027338193584,2.6955593400838085,2.4041924215069597,3.2861956302020054,2.4414138551540847,2.5231877948779258,2.766923487655264,2.678485342103195,2.4307725408943934,2.4484392119227327
195,2.948871568765476,2.9248887676362885,3.2108611100653324,2.8483673085987373,2.7820316385994497,2.7339588049939825,2.6859280733910413,2.851274241400797,3.0427938724645625,2.8999935294800716,3.113822776866759,3.047796996388816,2.9885694051604776,2.9864553399067795,2.9846501338784575,2.985676821570519,3.2579166634197225,3.0540519534211326,3.19089357495919,3.303829640313415,3.022771851013705,2.8907133086575034,2.6943648403447,2.401907513521277,3.2882360504690062,2.4385079627844344,2.519608976302453,2.76469973241575,2.6747269571745833,2.4265985225264264,2.444386311257336
196,2.9465657431330294,2.917969331296401,3.2091971719908408,2.844347258594383,2.7783338862591656,2.732152196498307,2.6832891682416564,2.848329577183265,3.0399527888818416,2.8952904991837727,3.11116116471551,3.045842777673072,2.9853300724835212,2.9831977715933906,2.9831373930765164,2.98569542230633,3.265766146566941,3.0595754055194875,3.2002087227135796,3.3148514786369643,3.02852196828303,2.8912011551498695,2.692906557293474,2.399506062354315,3.290061518068566,2.435592171636073,2.515794564571708,2.7622279971004207,2.6708599314549537,2.4224796832111872,2.440362288589488
197,2.9439683750112087,2.9104524881307525,3.207294645786837,2.840100860527416,2.774343472955964,2.730129247394581,2.6805621399379564,2.845299768957739,3.0370369514300597,2.8905599090956002,3.108519479579675,3.044047525315756,2.982341177064359,2.980249415755173,2.9818977208653337,2.986036189955911,3.2742237706839923,3.065503833465268,3.210068933676408,3.326386446547176,3.034505821646318,2.8914819535865877,2.6911580760988434,2.396977467940812,3.291688064030539,2.4326821598644672,2.511781630822341,2.759521311755223,2.6668917423838945,2.4184292016910964,2.4363810764815135
198,2.94104782588735,2.902325375057208,3.205128523436068,2.8356080510723043,2.770001850432162,2.727803432827945,2.677670297910742,2.8421237145598606,3.033991638282988,2.8858003331003887,3.1058768650079305,3.0424079083869238,2.979627699165693,2.977668149431382,2.980971662161288,2.9867566329173627,3.283364393068422,3.0718999821202138,3.2205148336253933,3.338442138381552,3.0407504550464077,2.891561776310781,2.6891068056098177,2.3943153562577404,3.2931497479651273,2.4297966879572734,2.507622198777653,2.7566066974251116,2.6628350333523665,2.414462703503947,2.432462340216102
199,2.937786638136256,2.8936072448879506,3.2026871420116203,2.8308622677306,2.765269987681612,2.7251003746883553,2.6745388079628127,2.8387409713518146,3.0307684006209143,2.881014059717489,3.103208439646817,3.0409127009418464,2.977199785948862,2.975500922052226,2.980388044073609,2.9879069894503463,3.293235580158799,3.0788115997658183,3.2315596903879964,3.3509911129675762,3.04726549894911,2.891451204858468,2.6867567933072953,2.391519718399841,3.29449879930986,2.4269548867164774,2.503378485133859,2.753524137829335,2.6587072398821254,2.410595551995809,2.4286290640599777
200,2.934200111508451,2.8843731171465965,3.1999947725015674,2.8258934933007507,2.760168588229143,2.7220019951195225,2.671139490092113,2.835145271671918,3.027375972670927,2.8762245110506877,3.1005052274725298,3.03955241911888,2.9750503708353975,2.9737714750372253,2.9801462550934934,2.9895006781671736,3.3038190014029705,3.086241143102269,3.243162783702804,3.363949495449238,3.0540198007015813,2.8911433745443222,2.6841241034574095,2.3885969069186683,3.2957974538065287,2.4241720852854307,2.499113437881982,2.750318991506628,2.6545274318064953,2.4068398383944167,2.4249009481125237
201,2.9303464914703543,2.8747576988494927,3.197122078954483,2.820778506058244,2.7547969527800316,2.7185688542961026,2.667514737375567,2.831413894613834,3.0239056700931592,2.8714816023809893,3.097782392434574,3.0383252902259663,2.9731542083766556,2.972472445876007,2.980209038381039,2.9914990341240335,3.3150163168515068,3.094132599656604,3.255221844695118,3.3771710740173697,3.0609299172681474,2.8906013521904597,2.68123299572581,2.3855587062499106,3.2971091262409544,2.421456385742471,2.494882430958766,2.7470326928819246,2.650311721054614,2.4032009071839915,2.4212886901614095
202,2.9263305797080914,2.864952617549581,3.194190031750269,2.8156428851869633,2.7493393282376646,2.71494807644039,2.6637881889662225,2.827721272817044,3.020542770481323,2.8668634638610966,3.0950865519310615,3.0372449350329442,2.971471176898562,2.9715618996806077,2.9805010454650445,2.993803099704591,3.32664392177715,3.102364865381449,3.2675707393515045,3.39044529402456,3.067855779973193,2.8897529325926614,2.6781109837731547,2.3824205896499384,3.2984870508456385,2.4188054462317274,2.490724791463114,2.743693067978059,2.646069178776191,2.3996740431080124,2.417789141421729
203,2.922296489335336,2.8551967061000463,3.1913645263143557,2.810651444085866,2.744053755781527,2.711362551067296,2.660158020231818,2.8243306458798196,3.017559381595521,2.8624756777556355,3.0925022127508206,3.0363485628864435,2.96995526447178,2.970967315291875,2.9809151595116354,2.996256622893619,3.338436280101162,3.11075467277987,3.279984424515062,3.4035033807288375,3.0746086229409455,2.8884983011521657,2.674784082786014,2.379199884929334,3.299964415601604,2.4162058463020752,2.486658520416606,2.7403086665984606,2.6418006645357166,2.396243894877317,2.4143846375321365
204,2.918408135158513,2.845756442601256,3.188839401652685,2.8059864065480067,2.739240118000702,2.7080799083855367,2.656870231589494,2.821558364735281,3.015283252862158,2.858445518315415,3.090152241457555,3.0357006934641855,2.9685665116484743,2.9705969772142744,2.9813267797834144,2.9986623775207075,3.3500598700151705,3.1190709982962295,3.292193221125924,3.4160365842378337,3.0809730818747374,2.8867314683905025,2.6712743416370315,2.37591460963709,3.3015507136776674,2.413636475505802,2.4826812809355157,2.7368708140407003,2.637501683622151,2.392887677173907,2.4110481732891857
205,2.914820568878824,2.8368948237722154,3.1868099006568418,2.801817867079749,2.735190156277899,2.7053665533120763,2.6541763168191834,2.819715501288429,3.0140446001756045,2.854909060182505,3.088187303121187,3.035387178864337,2.9672803714315856,2.970354718291698,2.9816118538316534,3.0008079833324413,3.3611395757616642,3.1270589437972065,3.3039062072851175,3.4277271095439272,3.086739674194166,2.8843681824120093,2.66759977545373,2.3725831268553086,3.303236260487588,2.4110754869890014,2.4787781262146034,2.7333639641175127,2.6331688099369135,2.3895814285964336,2.4077527510911496
206,2.911648098960415,2.828829806827617,3.1854413770957555,2.798274612339889,2.7321313078396288,2.70343789547151,2.652285264495612,2.8190425811947644,3.0141114453151774,2.8519902920666764,3.086760612026644,3.035496618256502,2.966088920129067,2.970152151717568,2.9816615399023956,3.002493958554381,3.371296885437957,3.1344680699253864,3.3148403309325056,3.4382855319431025,3.0917375456792637,2.88136804704018,2.6637749616514492,2.369223962729319,3.305002015236594,2.408507940274071,2.474932500628141,2.729779677541006,2.628806719059157,2.386306784198647,2.40448077973748
207,2.908938575600386,2.821691774847303,3.1848410116903927,2.7954240880928314,2.7301850792569082,2.7024208926198443,2.651324800752473,2.819662076970596,3.0156342373242677,2.8497749050798866,3.0859913864984634,3.0360922584984356,2.964992603076796,2.9699149928861734,2.981389058244539,3.0035568723254835,3.3801952992787707,3.1410803515593786,3.32474998695035,3.4474835281197143,3.095855831829296,2.877741885260768,2.659811725339173,2.365855416473552,3.306830183216519,2.405930732565217,2.4711354074357725,2.726126920621555,2.624431598151376,2.383054959645328,2.401228835565354
208,2.906665505631067,2.8154981727357193,3.1850415626438644,2.7932671990782216,2.7293564315018033,2.7023417073832627,2.651325507726203,2.821566465693617,3.0186214008030685,2.848286966197347,3.0859299511712273,3.0371850602200965,2.963987108524378,2.969584194656748,2.980729723530737,3.0038824612378803,3.387582958460905,3.1467324289003047,3.3334498090625093,3.455171621317371,3.0990477097621394,2.873543066509911,2.655720194106926,2.362494999767408,3.308712498537733,2.4033535332653915,2.4673902419786145,2.7224354124374677,2.620070328158586,2.379827241843611,2.3980067158759253
209,2.904742387154679,2.810158027348893,3.186001912483767,2.7917472275997106,2.7295526598814988,2.703138373019242,2.65222963881393,2.8246395921669523,3.0229529257662318,2.8474796011023145,3.086541481435824,3.038721675562842,2.9630523786389715,2.9691156175929265,2.9796389483455554,3.003408874240798,3.3933212030067477,3.1513286575589143,3.340827153621227,3.461280657796915,3.1013201834845043,2.868848760381426,2.651509916916111,2.359158750103681,3.310654418237303,2.40079590543482,2.4637126180624063,2.7187518569825517,2.6157568299995537,2.3766329377226523,2.3948322015262016
210,2.903051864903916,2.8055017145615393,3.1876220034542544,2.790767085154363,2.73061662311136,2.704686868576272,2.6539148411457516,2.8286935484201594,3.028418956411151,2.8472449325957845,3.0877173091891574,3.0405952900601694,2.962150884990974,2.9684827316222084,2.9780934318594676,3.0021240696691383,3.3973917826515994,3.154843543083131,3.3468438044286897,3.465811806465961,3.1027169523291067,2.863739544368121,2.6471911979635356,2.355860640532651,3.3126747658679276,2.3982819131521884,2.4601261807084462,2.715130920830347,2.6115271314317874,2.3734860485061713,2.391724041104466
211,2.9014800996767796,2.801323417121858,3.1897666093879087,2.7902089441699207,2.732360374221864,2.706828992703488,2.6562220607953426,2.8335061146726437,3.034766409693969,2.8474403282011727,3.0893104167845777,3.042677489200081,2.9612383469102497,2.9676844056448366,2.9760976353341904,3.000062079873971,3.3998849921495093,3.157315731976488,3.351530039751955,3.468823201035735,3.103302630687117,2.8582849341920955,2.6427772913141703,2.352612470520631,3.314802353128641,2.3958344483631198,2.456656766880265,2.7116244668499654,2.607414650116718,2.370401968216551,2.3886958488327057
212,2.8999468670010717,2.797423445879689,3.192291462810206,2.789952059341931,2.7345925266892603,2.709395836213818,2.658981317479782,2.838852570884683,3.0417428156835893,2.8479214194955365,3.0911807708981955,3.044858980839738,2.9602817530412198,2.9667541993255933,2.9736920742999278,2.997299412233609,3.4009769777589685,3.158837516167642,3.3549754132597585,3.4704195958456823,3.1031537534375833,2.8525388744026534,2.6382868584117203,2.3494241918040695,3.317071369697214,2.3934713133250716,2.453327367717044,2.7082727952335532,2.603446699977199,2.3673951171592256,2.3857527183286855
213,2.8984206173254403,2.793638700030739,3.195065230611286,2.7898860655186715,2.7371376152699396,2.712225008628881,2.6620327169072056,2.8445304981378476,3.0491313684732573,2.8485700134630187,3.09323199473532,3.047082270120777,2.959275165282333,2.9657648278609225,2.9709573524137713,2.993949927074804,3.4009036046666417,3.159542681859593,3.357318702858,3.470746472141743,3.102357079835151,2.8465443447157717,2.633745183887298,2.3463042490778188,3.3195166031588137,2.391204050375432,2.450155423206766,2.705100361727185,2.5996424353364365,2.364477679865801,2.3828909084506407
214,2.896913156753867,2.7898551231896533,3.197983257398479,2.7899188866018862,2.7398479221732517,2.715172083844716,2.665241508786093,2.85037656038047,3.056772174636288,2.849308137881952,3.095425645105886,3.0493530851567097,2.958246026427191,2.9648234579022468,2.9680099545265106,2.990156797990667,3.399934918326763,3.159593725324969,3.358737143816753,3.4699860475014765,3.1010118133832805,2.840342554262558,2.6291830775611515,2.3432595855024587,3.322169037767372,2.389039230674113,2.447152549564229,2.702116249242948,2.5960119372858363,2.3616590436203713,2.3800996406576482
215,2.89545839178277,2.7860038296356184,3.2009723558728007,2.7899798541588883,2.7426087425191987,2.7181171510584026,2.668505850478167,2.856273044957467,3.0645655839267696,2.850095952923083,3.097770246603633,3.051727659347396,2.9572504103187214,2.9640577778810964,2.9649896095637853,2.986081568736034,3.3983519538039113,3.1591687471547996,3.359434112213451,3.4683516570215445,3.0992311946458364,2.8339814494201736,2.6246333947385203,2.3402952035084907,3.3250517680643688,2.3869808765702096,2.4443256449446262,2.699317697718818,2.5925561459066286,2.3589454610360336,2.3773634699088126
216,2.894084363295962,2.7820466372740413,3.203987592741491,2.790018389351684,2.745337115214878,2.720966275931147,2.671755536036094,2.8621418896932087,3.0724570306720262,2.8509173921694835,3.1002927743826185,3.0542829367416564,2.956359995204224,2.9635960515094095,2.962040879029227,2.981891113134253,3.3964261638209154,3.1584483289903225,3.3596250465284427,3.466078683540641,3.0971404574582113,2.8275200713462816,2.6201261978761203,2.3374135031574528,3.3281763206058206,2.3850324837379757,2.441677966276388,2.696694377599523,2.5892675366104028,2.3563397377121227,2.374664152982368
217,2.8927887862481807,2.7779581752108204,3.20700342896952,2.789998834435669,2.747974431813642,2.723647618318376,2.674941751314547,2.8679271001846227,3.0804091377097356,2.8517609864214357,3.103005868236579,3.057082122462549,2.955645658680773,2.963546199187303,2.9592931143661043,2.977743667219352,3.3944015288967604,3.1576029324697457,3.3595220715263956,3.4634116069928464,3.094870062099897,2.8210275054668994,2.615684338130025,2.334613890655664,3.3315401270794207,2.383197636829723,2.4392092494683806,2.694231636691118,2.5861316474854763,2.353841075333518,2.3719818141418916
218,2.89152789255795,2.7737125130757914,3.2100034677226095,2.7898936074130836,2.7504760530549923,2.7261041994503294,2.67802216402478,2.8735725785558945,3.088373338845944,2.8526041128038875,3.105884404514314,3.0601487126057676,2.9551631965745555,2.963979785198303,2.9568438073313104,2.9737759624337072,3.3924807021318717,3.156782282843621,3.3593191456400278,3.4605883023249713,3.0925453199856654,2.8145772728174534,2.611321166342564,2.3318931246679955,3.3351263130718913,2.3814791860974296,2.4369149489217192,2.6919121827638444,2.583129533531179,2.351445362450118,2.369295894160283
219,2.8902223950706643,2.769278921111158,3.2129725276472763,2.7896774342938,2.752802270678437,2.728287065704671,2.6809480890646684,2.879005324367138,3.0962731642165435,2.8534061465367744,3.108858828216939,3.063456672143463,2.954945078967676,2.9649248187714976,2.9547493293681573,2.970093681791169,3.3908168100193627,3.1561080286070453,3.359180095845838,3.457823989956122,3.0902753126197147,2.8082398934218036,2.6070411470723025,2.3292465197850447,3.3389065508679376,2.3798777518739285,2.4347854944483425,2.689717010543792,2.5802410125385102,2.3491460863778384,2.3665864065570985
220,2.8887766278582365,2.7646256403444682,3.215892495482436,2.789324411295315,2.754913876386217,2.7301519989775493,2.683659380312626,2.884131567249015,3.1040051552747814,2.8541112104815554,3.111824594455758,3.0669365738763235,2.9549990103505355,2.9663678281564265,2.9530242038702266,2.966766554682698,3.3895117083698008,3.1556704602997616,3.359231613861101,3.4552977175422814,3.0881441019355953,2.8020761833052097,2.6028428501031313,2.3266696906563165,3.3428467129452013,2.378390569002307,2.4328065348950907,2.687626606539834,2.5774480678669756,2.3469357147095473,2.3638356421216815
221,2.8871034889768827,2.7597280968513287,3.218742159479128,2.7888086539749186,2.7567737689986362,2.7316613538179393,2.6860893262020675,2.8888480922061093,3.111456135877555,2.8546578810943375,3.1146622108439863,3.070492540521173,2.955311889330958,2.9682630065955373,2.9516475939645614,2.9638284691390324,3.3886203283732,3.1555292896841243,3.3595621748301534,3.453143993783195,3.0862064659799784,2.7961330588026776,2.598722976123087,2.3241602801737864,3.346914132694537,2.3770114515597047,2.430960671347179,2.685623074521679,2.574737587073087,2.3448071669049795,2.361030018887448
222,2.885147047184818,2.754577304738401,3.221500272928617,2.788107941990957,2.7583533713193753,2.7327899842151866,2.688177264021746,2.893064281114956,3.1185291729181723,2.8549916050774415,3.1172606730542496,3.0740232610380884,2.9558567114283427,2.9705450377099347,2.9505742333214937,2.9612820153019195,3.388159550583182,3.1557176522431702,3.360226195354988,3.4514509390505186,3.0844889851367965,2.7904425139580837,2.5946797260093493,2.3217190421441374,3.3510844470603147,2.3757320263521158,2.4292303810030793,2.6836929863362866,2.5721027870252042,2.3427549484503722,2.358161541427375
223,2.882894884808789,2.749183907571061,3.224149692617016,2.787208092332013,2.7596397743787318,2.733531520273875,2.689882608273448,2.8967245273327777,3.125166584618527,2.8550752391528897,3.119536786670904,3.0774404746519535,2.956599828494058,2.9731421268996883,2.9497464759470797,2.9591059963230855,3.3881192287644226,3.156247879402883,3.361251435201008,3.4502645324073224,3.0829957691026713,2.785023388733359,2.590714227008573,2.3193498427848076,3.3553458611420193,2.3745437183783307,2.4276011508502675,2.6818299323555386,2.569543044068036,2.3407756174542405,2.355228349526694
224,2.8803760791961315,2.743575385289686,3.2266802935896264,2.7861055069785055,2.7606390693213436,2.7339007293050606,2.6911929622962467,2.899819276381078,3.131358704099365,2.854893728296907,3.1214438684887615,3.080679098049652,2.9575059226417473,2.975986053679448,2.949104138584572,2.9572634576752015,3.3884721206328834,3.157116903298105,3.3626463461219767,3.4495961899519463,3.081716139000122,2.779884219110053,2.5868295050478896,2.3170584889990553,3.359699331482723,2.3734395420816545,2.4260635788771037,2.6800354434883373,2.5670623026171437,2.3388675466119433,2.352234198097971
225,2.877647383222346,2.737787857083455,3.2290897888120362,2.7848069418197445,2.7613742823339402,2.7339305866179027,2.692123173702858,2.902380173052579,3.137135832999247,2.8544520258828747,3.1229681826371314,3.083697471834068,2.95854000521347,2.979017865027296,2.9485906471616152,2.9557086981570153,3.3891810725155107,3.1583102125265823,3.364405374743522,3.4494310960873014,3.080632001468815,2.775025832786633,2.583027796198755,2.3148507989397364,3.364154803128905,2.372414968747283,2.4246136621097287,2.678317501752602,2.5646666508541576,2.3370301954884476,2.349187055734479
226,2.8747736746101324,2.731855981908693,3.2313827838615383,2.783327148302359,2.7618794632193833,2.733665665462314,2.692707014180174,2.9044630559615094,3.1425491404281107,2.8537678393093646,3.1241158593329192,3.0864695064375574,2.9596668119263714,2.982189079982596,2.9481552033502028,2.9543921393577692,3.390202530142993,3.1598037320590913,3.366510995632586,3.44973489296426,3.079722737497713,2.7704425611931125,2.579307452147306,2.3127305368581315,3.36872479391652,2.371467522242335,2.4232511914101043,2.6766868076669645,2.56236175759648,2.335263233935323,2.346097260081537
227,2.871809272403319,2.7258046092762,3.2335688824123014,2.7816857673150297,2.762193084133669,2.733154920896487,2.6929863143952666,2.906127804693709,3.147650798030707,2.852862507881529,3.124896283173411,3.088973358219518,2.9608492009534473,2.9854597452132827,2.9477521251708843,2.9532630675840137,3.391487134460103,3.1615641998775157,3.3689331364403206,3.4504580949917543,3.0789671984113403,2.766122193281319,2.575660955341817,2.31069792032877,3.3734177229976146,2.3705953810433327,2.4219769834624802,2.6751519835216815,2.5601507673136665,2.3335658309259673,2.342975741277778
228,2.868785885291014,2.7196451041472476,3.2356608404664433,2.7799048656464596,2.762353756376972,2.732446717253,2.6930026498610804,2.9074241487322534,3.1524824223155097,2.8517538850086463,3.1253091677536906,3.091182563423202,2.9620478941635198,2.9887958121815954,2.94733969895436,2.952271504709481,3.3929795528626934,3.1635496113484756,3.3716281591346737,3.4515394092291585,3.078344088642031,2.7620459394299166,2.5720752019102626,2.30874925340038,3.378233572792827,2.369795743623953,2.4207902236217693,2.67371554855651,2.5580331037595014,2.331936326359667,2.33983270402387
229,2.8657105774095406,2.7133777170183846,3.237673769692813,2.7780079837901335,2.762399756687877,2.7315874890024947,2.6927945798848496,2.9083887068929526,3.157076038752649,2.850454347870138,3.1253410328466633,3.0930644563092624,2.963224586617494,2.992168376221851,2.946880816147883,2.951370807819516,3.394620075258488,3.1657114074087187,3.3745399903624356,3.4529098530090336,3.077832815156233,2.75818999829277,2.5685342488471417,2.306877809151158,3.3831635071285318,2.369063745364485,2.41968704515213,2.6723722377999017,2.5560043185480024,2.330372331194222,2.3366769690131153
230,2.8625728161928343,2.7069984136093836,3.2396251127838283,2.7760200812543596,2.7623709103075935,2.7306227091259396,2.6923993428777044,2.9090515505911188,3.161464090952956,2.8489741389766303,3.1249719403541283,3.094586574294791,2.964348091990293,2.995555488114494,2.9463460068618383,2.95052135666258,3.3963486168755628,3.1679987075236227,3.3776043357633507,3.4544983377874585,3.0774155470785223,2.754528967857456,2.5650234676275203,2.3050755578734567,3.388193168684376,2.3683923362603028,2.4186608536088112,2.6711103151722924,2.5540569386875087,2.328871203725335,2.3335159411816693
231,2.8593564859023313,2.7005070547182295,3.241534865331996,2.773967678014999,2.762310881906298,2.7295985883362155,2.691856731945437,2.9094478433573343,3.16569276718755,2.84732844884351,3.1241894106570713,3.0957282199042355,2.9654013796316194,2.998945298574845,2.945717472536154,2.9496944830586913,3.3981106226501234,3.1703642959307397,3.380756339263248,3.4562392387522882,3.0770811516853938,2.7510410021775042,2.5615337560891733,2.3033351152247565,3.393308112616597,2.3677730998191997,2.4177040352557344,2.6699151015254277,2.5521819089689304,2.3274306155343707,2.3303559024025224
232,2.856051549898847,2.6939132009741966,3.2434249882823125,2.7718781720877295,2.7622674451068483,2.7285620589585475,2.691211363552261,2.9096268256158675,3.1698299294579337,2.845543613660136,3.1230018588773794,3.096490978387257,2.9663861489634673,3.002338269602138,2.9449915847219326,2.9488744131246003,3.399862234595254,3.1727699646141874,3.383938604303365,3.458078846668459,3.076828280798252,2.7477121058590397,2.5580637297933504,2.301651030865872,3.3984985242879717,2.3671974425783278,2.416809954750002,2.6687730096771993,2.5503701500731992,2.326048926434024,2.3272023083362767
233,2.8526610097320892,2.6872375052106543,3.2453175184828136,2.7697780796171365,2.7622899974067185,2.7275585208796445,2.6905115845134624,2.9096540176296846,3.1739639057154827,2.8436588701526855,3.1214445952388763,3.0969023049290025,2.9673218860430968,3.0057460728325784,2.9441777823727677,2.948056775549177,3.4015724343995934,3.1751892582942225,3.3871068764613885,3.459978645036102,3.076665859237817,2.744537944104655,2.554619129227186,2.3000200198624183,3.4037612432458104,2.366657572344333,2.4159741853712378,2.6676744301988413,2.5486138171992376,2.3247252378838574,2.324059953393071
234,2.8492008907730155,2.680508346051883,3.247231512363002,2.7676905842992983,2.762424873910597,2.726627855076017,2.68980472058277,2.9096050381471197,3.1781927123427516,2.8417217408124626,3.119574434319262,3.097008653312047,2.9682379738276694,3.0091859117685127,2.9432929437720325,2.9472430134779097,3.4032203782801442,3.177606117922961,3.3902308308398834,3.461913735905497,3.0766094302727875,2.741521934584121,2.551209641080339,2.298440164123987,3.409098261926352,2.366146817165981,2.4151943872660393,2.666614531158424,2.5469070742615734,2.3234591840797227,2.320932988202201
235,2.8456943795141956,2.673755309429547,3.2491797765485892,2.7656332706676823,2.7627101991965555,2.7258002611232373,2.6891305360841558,2.909553747195354,3.182608331982766,2.839778607525857,3.1174551208121493,3.096860733378417,2.9691615346990914,3.012672093686424,2.942353196916793,2.9464328599672114,3.4047895698277895,3.180010451362552,3.3932903866845203,3.4638674351933254,3.0766744199159346,2.7386704191591122,2.547844509369869,2.296909579681374,3.4145127426988036,2.3656593583739056,2.4144690559329844,2.665592101439624,2.5452462748674147,2.32225049691275,2.317824838345687
236,2.8421633039439707,2.667002147941705,3.251166695421815,2.763616869244653,2.763172002966753,2.7250932727587163,2.68851511237321,2.909558615012445,3.187281268866103,2.8378640449992236,3.1151396208433035,3.096496721729272,2.970105542266916,3.01620826423324,2.941366405956905,2.9456177831355705,3.4062614911001172,3.1823925450985278,3.396269227378265,3.4658241314914022,3.0768683665025223,2.7359866484079314,2.544528598723812,2.295425206525776,3.4200045508940446,2.3651896948693674,2.4137959067698835,2.664607469736988,2.5436296666574716,2.3210985079746727,2.314738125490908
237,2.838620727740679,2.6602615893483823,3.2531878227790547,2.761645255715096,2.76382259200436,2.7245108796882684,2.6879674711942982,2.9096524209020087,3.1922512307714674,2.8359937087079716,3.112657300583961,3.0959310244845595,2.9710625239489787,3.0197843185228934,2.940329098814194,2.944778879422813,3.407612378656743,3.184739332312571,3.3991491197576007,3.4677640223655866,3.0771855698582096,2.733466177325869,2.5412603561690914,2.2939822441375273,3.425567399670575,2.3647322338979055,2.4131707401465237,2.663660726202713,2.5420568002950907,2.3200017307017244,2.311674655667179
238,2.835067842111111,2.6535339570896723,3.2552318917504914,2.7597168752906516,2.764661743800194,2.7240450722288054,2.6874801904579555,2.909838670915832,3.197526255578852,2.834163593929773,3.110011111276926,3.0951532100916745,2.972006391665705,3.023379496151846,2.939229056895408,2.943890178481924,3.4088147207684747,3.1870338980733064,3.4019073453028357,3.4696617646876295,3.0776061141257447,2.7310953596064635,2.5380322154427866,2.292574446628414,3.431188726805045,2.3642812618407523,2.412587358740094,2.662751094451581,2.5405278759683894,2.318957634970088,2.30863551977101
239,2.831496195081559,2.6468098372197355,3.2572847454901765,2.7578272296453785,2.7656804172009366,2.723679553585036,2.6870341717153563,2.910096344847352,3.2030903847192675,2.8323559158394667,3.1071855069874803,3.0941374598506957,2.972901741470973,3.026970634446387,2.938052411982704,2.942926193832526,3.4098430560832327,3.1892582500212487,3.404518272461285,3.4714895700628894,3.0780997224657853,2.728853351532242,2.5348329623905763,2.2911950611246654,3.436852035808342,2.3638312443297567,2.412038462675833,2.6618774498852016,2.5390431878286046,2.317962661166961,2.3056212913370757
240,2.8278939094175897,2.6400754379697475,3.2593338903342133,2.7559717392993797,2.7668659539418616,2.7233947393852613,2.6866062086878792,2.9103914850052472,3.208917012129714,2.8305488886366215,3.10416085202271,3.0928580514992605,2.9737166651655955,3.0305420877473725,2.9367918819766103,2.941870441514464,3.410681326538778,3.191397667413602,3.40695790938528,3.4732230609717476,3.078632723225449,2.726716382663084,2.5316508026230693,2.289837907938664,3.4425402727328853,2.3633771557968357,2.4115169301263957,2.6610392999679116,2.5376027553457186,2.317012464593799,2.3026322534615242
241,2.8242530430048682,2.633318433250593,3.2613721133618907,2.754148181004127,2.768207301456204,2.7231727857459465,2.6861769924320194,2.9106917634579874,3.214983634485347,2.8287263844427635,3.100927790443502,3.0913043284680706,2.9744340733810537,3.034093277907898,2.935452490358449,2.9407214217159265,3.4113285671653815,3.193444470864356,3.409209165542225,3.4748471758944164,3.079175392896161,2.7246622862685013,2.5284758017661666,2.2884980948939355,3.4482385515645353,2.362914541815305,2.41101676031183,2.660237352654617,2.53620614089374,2.316102320047097,2.299668585636848
242,2.820575029466452,2.6265321923731104,3.2633989260201197,2.75235797835234,2.7696986421557335,2.7230012160971686,2.6857368201237874,2.9109788780183647,3.2212833349824423,2.8268839745596335,3.0974959669661026,3.089489595529435,2.97505765522387,3.0376411568850332,2.934052576297808,2.9394939125308324,3.4118007370255334,3.195399635494529,3.4112655213138687,3.4763596058629838,3.0797071013139323,2.7226734678353965,2.5253008804364043,2.287172091415748,3.453935123796633,2.362439222547777,2.4105332369817445,2.6594731642453517,2.5348524046867618,2.315227578531224,2.296730458384185
243,2.816872190684032,2.6197172341912136,3.2654194073679377,2.750605936901424,2.7713401697124915,2.722873980511853,2.68528692080759,2.9112542213409904,3.2278292984718524,2.8250297323737925,3.093894650230565,3.087451561329715,2.975611173984815,3.041217255702839,2.932620192933651,2.9382155732099657,3.412128378149962,3.1972718884400932,3.4131317653292417,3.47777048873541,3.0802178764955532,2.720737434535636,2.5221213169759302,2.2858572158435924,3.459620519761583,2.3619468032337445,2.4100623467760367,2.658747986459493,2.5335401297528533,2.3143840618448683,2.2938180234526198
244,2.8131651026327607,2.612879991771579,3.26744099554799,2.7488985311755165,2.773135714218844,2.722789614368491,2.6848359549074003,2.911535834277392,3.2346509538973782,2.8231803438242307,3.0901663121597185,3.085245427965666,2.9761324130640987,3.0448611614028698,2.9311868646745483,2.9369206597838016,3.412351454713485,3.1990750678212243,3.414821809681283,3.4790987104646938,3.080706558287057,2.7188451637113085,2.5189333525952105,2.284550847457802,3.4652856791407496,2.361432299247717,2.40959988069207,2.65806144046439,2.5322674654476462,2.3135683116412658,2.290931331132619
245,2.809477289825206,2.60602998543389,3.2694695731577825,2.747241435616136,2.7750882421889727,2.7227473633599746,2.684393309964841,2.911848325503086,3.2417834709871416,2.8213546210773783,3.086356541508896,3.082932990613922,2.976664633968765,3.0486132848131984,2.9297813872390703,2.9356434062405894,3.412513483893834,3.200825064453234,3.4163547195235253,3.4803664382043973,3.0811769646463647,2.71698844638688,2.5157327536894902,2.2832497561884404,3.4709202353856345,2.360890134074029,2.409140761933367,2.6574107598489665,2.531032176185882,2.312777664449043,2.2880702325517506
246,2.8058296074894518,2.5991768801197237,3.2715064253227597,2.745637340266415,2.7771952588731033,2.7227430759058295,2.683962250941967,2.9122104107923463,3.2492549341192283,2.8195669718655187,3.0825041567062934,3.0805715781566256,2.9772484747735373,3.052509356331461,2.9284257710495054,2.934413188710187,3.4126567586314716,3.2025374853062507,3.417750558160769,3.481593955397127,3.0816339696986805,2.715157580521349,2.5125140200948985,2.2819498356530246,3.4765118375893875,2.360314559348054,2.408678945322005,2.656791024128274,2.5298317129556844,2.3120101790544525,2.2852343276447575
247,2.8022365559426414,2.5923286511282138,3.2735472597743964,2.744085018472093,2.779446268219063,2.722766802163096,2.6835360216939366,2.9126255101843235,3.257076256442971,2.817822884811988,3.0786344613792123,3.0782057772228324,2.9779162290797787,3.0565777654011033,2.927134108380728,2.9332524337791632,3.412819501139838,3.204226541568472,3.4190273904517468,3.482796438249217,3.082081016417531,2.7133404103051504,2.50927049704435,2.2806463102012957,3.482046734591185,2.3597003053836203,2.408207876258798,2.656196272613526,2.5286633387225854,2.3112644788977468,2.282422993747289
248,2.7987057968832856,2.585491389084587,3.275583639662832,2.742580103335765,2.781823552776669,2.722803246519951,2.6830985750207788,2.91307913101802,3.265237494660802,2.8161175321724174,3.0747570799306647,3.075863479735901,2.9786892206939055,3.0608395284286045,2.925913888436428,2.932177077235476,3.4130348845848713,3.2059050468999564,3.4202001339607584,3.4839833764484087,3.0825197286010217,2.711523004045543,2.5059952036635207,2.2793342783664934,3.4875112248354663,2.35904314623147,2.407721197568835,2.6556209541249203,2.527524323353755,2.310539577686016,2.2796354897776814
249,2.795240697897404,2.5786704580552273,3.277606209965164,2.7411172863777646,2.78430603023524,2.7228348480713134,2.682629384274561,2.9135433915739957,3.273711260542246,2.8144375064131486,3.0708683017669447,3.0735563909486023,2.979577990537588,3.065309862540657,2.924768598495075,2.9311986535776735,3.4133313062681916,3.207585062007049,3.4212811442107274,3.4851602980320378,3.0829512907280368,2.709691539812987,2.5026819300128524,2.278009346880685,3.492893276698463,2.358340127606237,2.4072133191854146,2.6550610620523565,2.5264121874445133,2.3098347237014307,2.276871082296906
250,2.791844542921217,2.5718721683424275,3.2796084608616325,2.739693046482625,2.7868745728337965,2.7228460326742563,2.6821099423091113,2.91398586187808,3.282461124179082,2.812764822586209,3.0669566121645957,3.071284007105841,2.9805845157091215,3.070000224378182,2.9237003880192307,2.930326907587128,3.4137332770175672,3.2092786784979497,3.422281850311318,3.4863316713912873,3.083378590488774,2.707834491728583,2.499326113173996,2.2766681092676757,3.498183704190713,2.357589388409701,2.406679584073689,2.6545145115702042,2.5253249322404203,2.3091492753331067,2.274129138190111
251,2.7885244716083966,2.565104988455629,3.281589558305156,2.738307785720302,2.789516576624441,2.7228266634705047,2.681528876169265,2.9143781599169625,3.291450926881004,2.811081569202576,3.063009090551242,3.0690391056214508,2.98170529215248,3.0749197746456227,2.9227118094445315,2.9295718967890316,3.4142622868080315,3.2109984954078623,3.4232143637747705,3.4875035169147877,3.08380776888031,2.7059440806960877,2.495925171411347,2.27530832581483,3.5033765926657905,2.356789716603535,2.4061160241476554,2.653980728327139,2.524261179982698,2.3084826022524982,2.271409152507405
252,2.7852935993303047,2.558379708954618,3.283555290933485,2.73696660225536,2.792228143637286,2.7227733593307395,2.6808837152613023,2.9147008270931396,3.3006513274534406,2.8093736374823184,3.0590166050368115,3.0668129247209563,2.982934400930054,3.080076020924582,2.921806478454866,2.9289451878590693,3.414937539311116,3.2127577422034688,3.4240923638280454,3.4886847453073697,3.0842483705855925,2.7040164234715185,2.492478284135543,2.2739288081916644,3.5084691065058475,2.355940142917611,2.4055189663301046,2.6534598165346766,2.523220176677662,2.3078339951368427,2.2687107038317684
253,2.7821706512213655,2.5517085122452756,3.285516949366042,2.735678513844178,2.795013345276029,2.7226883549641765,2.680178986441106,2.914943018909981,3.310041233154542,2.807632163457974,3.054975883473393,3.064598211704974,2.9842656148847713,3.085474489171797,2.9209886489791796,2.9284598648355376,3.415776293903127,3.214569938603555,3.424930764897346,3.4898866849615584,3.0847117534315798,2.7020502411219582,2.4889857705124774,2.272529100396977,3.5134609528547656,2.3550397990241816,2.4048847666077595,2.6529517745501874,2.5222016452564144,2.307202595305237,2.2660333834798037
254,2.7791774883317206,2.5451033832813343,3.287488696023788,2.734454533029361,2.797881244411821,2.7225766521905452,2.6794219630304696,2.9150980694371906,3.319604134342801,2.8058522154996792,3.0508877883456944,3.062389285153901,2.98569301027599,3.091117605154778,2.9202619993882255,2.928129404209602,3.4167936796968292,3.2164481136949297,3.425744274259384,3.491121086045519,3.0852082015133764,2.700044579409511,2.4854483380648773,2.2711090958959,3.5183537683043147,2.3540881002574277,2.4042098388546327,2.652456106297575,2.521205530659043,2.3065873743443883,2.2633767552362176
255,2.7763356368848418,2.538574506305693,3.289484403563966,2.7333053260858433,2.800842021491766,2.7224427083029274,2.6786180363812613,2.915157291943375,3.329321232160055,2.804029253401187,3.0467524451879022,3.060179300406026,2.987209950041044,3.097003027607954,2.919627918294346,2.9279656155088656,3.418001823439099,3.2184036259726296,3.426545281103012,3.492397369040436,3.085743575957639,2.6979962913738973,2.481866437048644,2.2696687133864613,3.5231505197655726,2.353085098029219,2.403490918785114,2.651971882853328,2.5202317113504993,2.305987198904268,2.260740390989568
256,2.773663275352653,2.532129305014493,3.2915151581238047,2.73223930406653,2.803903744786414,2.7222880710500235,2.6777678073166613,2.9151053234519084,3.339165182616429,2.802155385035915,3.042564291682366,3.0579571738480436,2.9888077365384387,3.1031227774581778,2.9190845083953447,2.927976840607075,3.4194092169353736,3.2204453287221355,3.427342428527557,3.4937206886523304,3.08631719252838,2.6958984845256806,2.4782399919026394,2.2682077367927787,3.5278550919561233,2.3520318400753064,2.4027254455789753,2.651498129468793,2.519279769560606,2.3054009622847698,2.258123950526517
257,2.7711736303689225,2.525772392390633,3.2935881014642794,2.7312616433573735,2.8070706120370774,2.722110530726215,2.6768665504524156,2.914918384622509,3.3490969144891203,2.8002171116212558,3.038309355548359,3.0557060122097353,2.990474771167658,3.1094635530094976,2.918626664204762,2.928166990414215,3.421020564995933,3.2225793762208523,3.4281404446423425,3.495091621107931,3.086921690365501,2.69374049597902,2.474568549258054,2.266725841088339,3.5324720259807796,2.350930511182803,2.4019118158292176,2.6510342443944226,2.5183488698217866,2.3048277629201404,2.2555272825502968
258,2.7688749791974745,2.5195062480081214,3.295706603070739,2.730374307217523,2.8103427957092286,2.7219047265266036,2.675905651347355,2.9145653990244087,3.3590663989756324,2.798195545370786,3.0339660430553694,3.0534040552073782,2.9921967315487805,3.1160081760965412,2.918247117794094,2.9285356445100827,3.4228371840026166,3.224809739885516,3.428941257548577,3.4965075698062456,3.0875448655676507,2.691509353787536,2.470851747440264,2.26522276690527,3.5370063512970185,2.3497842506944076,2.401049361769374,2.650580239974413,2.5174377728942723,2.3042670997420154,2.2529505140900214
259,2.766771948868918,2.5133322823999102,3.297871585649804,2.7295769779705554,2.8137177492316887,2.721664040671825,2.6748754887297643,2.914011950409075,3.3690177360935865,2.7960695091944228,3.0295101787852747,3.0510289680732106,2.993958494877866,3.1227385448802467,2.9179387744877476,2.929079719214306,3.4248585555785738,3.2271397470105367,3.4297464607628916,3.49796573640758,3.088173330083119,2.689192464534702,2.4670900144840893,2.2636985922127697,3.54146370978028,2.3485968134594932,2.400138161635107,2.650136841580243,2.5165449753064797,2.3037190059252826,2.2503940798001687
260,2.7648670709999217,2.507251682587229,3.300083092825064,2.728868345183235,2.817192138526644,2.7213828723716134,2.6737682536474,2.913224848807616,3.3788957355955267,2.7938196258057966,3.0249211574220602,3.048562752551208,2.9957462549374423,3.1296382103690905,2.917696649351584,2.929795295981932,3.4270836140338896,3.2295735390318834,3.43055947128397,3.499465935136232,3.088796098178533,2.6867802113584354,2.4632851707042627,2.2621539830473996,3.5458505710793133,2.3473721586223615,2.3991787391598676,2.6497055054104797,2.515668939142498,2.3031841368111756,2.247858735772328
261,2.7631618899067485,2.5012657070642947,3.3023415217260097,2.728247273970552,2.820763769791041,2.7210588098736417,2.6725801972005083,2.9121766299474743,3.388652348616442,2.791432052085603,3.0201873979378737,3.0459959090765456,2.9975494365250506,3.1366942661871047,2.9175190624780982,2.9306792100429098,3.429511638277262,3.2321170995810506,3.4313868019889577,3.5010123269776563,3.089407175965152,2.6842676687725557,2.4594407820550757,2.260590346284969,3.550174575425933,2.3461142103854082,2.3981718821179214,2.6492885311618157,2.514808354387013,2.302663771787934,2.2453455455375253
262,2.76165702723499,2.4953753191937365,3.3046479930076833,2.7277133509551557,2.8244326472247723,2.720693876640476,2.6713124148933325,2.910848180332428,3.39825012793406,2.788899957094224,3.015308218236961,3.0433283807531404,2.9993609292742613,3.143897125465445,2.9174069251831236,2.931729084117463,3.4321414775865433,3.234777869888582,3.4322373419415673,3.5026129674090325,3.0900059424916773,2.6816547238050896,2.455562104264154,2.259009821340112,3.5544447337102225,2.3448268192363977,2.3971186219930707,2.648889328084155,2.513962404069642,2.3021597775668656,2.242855887510527
263,2.760351292794856,2.4895803368225575,3.3070037608198124,2.7272665857929885,2.8282007340182465,2.7202945737239466,2.669970209636103,2.9092292139587146,3.4076620919986125,2.7862226308806504,3.0102922573885493,3.0405674741271005,3.0011759043793553,3.1512386956142677,2.9173615551534375,2.932941896881363,3.43496946295411,3.2375630831409397,3.433120108025781,3.5042775316066335,3.0905956119722475,2.6789448451786884,2.451655687165715,2.2574151220883607,3.558671379138093,2.34351393027055,2.3960204045980698,2.648512816748856,2.5131310121847386,2.3016745403828023,2.240391463006752
264,2.7592403799607554,2.483878513093987,3.3094090064095156,2.7269064109829557,2.832070433123323,2.7198706864892,2.668561246572134,2.907316510674953,3.4168684616483245,2.7834029330976007,3.0051535748983906,3.037723905635012,3.0029898296092514,3.1587096400286336,2.9173817211844355,2.9343115134343973,3.4379864628106795,3.240477231597266,3.4340411929367107,3.50601403368645,3.091180541797092,2.676143115773626,2.447728766957759,2.255809282299693,3.562865802554718,2.342179826489949,2.394879317424878,2.648165775488302,2.5123150299165333,2.3012108797598616,2.237954298037025
265,2.758315782498662,2.4782648843477455,3.311861379094546,2.726630352352517,2.8360423505893575,2.719433347834391,2.667093201658862,2.9051107605061066,3.42585201669427,2.7804444828794583,2.999907562665347,3.0348078937262866,3.004796740442914,3.166296940951331,2.9174609845569837,2.935826101942424,3.4411751443395193,3.243519521375077,3.4350011118121317,3.5078258655118937,3.091763587001411,2.673254404790483,2.4437886562287403,2.254195391319323,3.5670396100984356,2.3408293021022177,2.3936982456490874,2.6478569603299493,2.5115163488843564,2.3007719575772834,2.2355467114055707
266,2.7575645731347787,2.4727317089579497,3.314354979944889,2.726433020283464,2.840113408746465,2.7189932737330293,2.6655719607506243,2.902613691128711,3.434594725936453,2.777350054648592,2.9945688528597936,3.0318274178301117,3.0065889228130507,3.1739830469582873,2.917586560722079,2.9374666644106915,3.444508682449623,3.2466823690344553,3.4359937038830837,3.5097104103740056,3.092344770739452,2.670282494212983,2.439842338303248,2.2525764119209013,3.571204084372454,2.339467704140446,2.392480888103582,2.647596906897092,2.510737913568412,2.300361169818449,2.233171237460032
267,2.75697013681713,2.46726898754796,3.316880010566646,2.7263058013313213,2.8442761207662457,2.7185598314076476,2.6640009533248383,2.899826416507572,3.4430767582534547,2.774121443813483,2.9891513796925873,3.028788676942366,3.008357774277009,3.181746514290289,2.917739648349923,2.9392068939013773,3.4479510689959576,3.2499511923824356,3.4370066255867817,3.5116594339551335,3.0929213951183563,2.667230239715935,2.435896319509606,2.250955117294951,3.5753696611070436,2.3381007844191117,2.3912315937726714,2.647397425674456,2.5099836364747534,2.2999820487643694,2.230830519463492
268,2.756513718887538,2.4618654359978533,3.319423321392639,2.7262374289763693,2.8485194623920274,2.718141394519075,2.662382057709876,2.896750041238605,3.4512786179135215,2.7707607557861995,2.983670513630301,3.0256986779828963,3.010095723168054,3.189564211511472,2.917897309582999,2.9410146662581496,3.45145928685724,3.2533057160603818,3.438023374704166,3.5136611515773195,3.093489565416595,2.66410062758421,2.431956747693732,2.2493341507788105,3.579545764270808,2.3367344669169006,2.3899551304767472,2.6472709634489435,2.509258224214004,2.299638165069737,2.228527185296025
269,2.7561762428604615,2.4565096100280486,3.321969619202072,2.726215129631135,2.852830853321744,2.7177465611576177,2.660717432024747,2.8933877032046627,3.459184772841456,2.767271985315081,2.97814537287442,3.0225680683897425,3.011797904572692,3.1974137797803945,2.918034755550324,2.942854290770529,3.4549862623357472,3.2567220447395067,3.439025683889544,3.515702835986793,3.094046038706211,2.6608979840331846,2.4280296357819666,2.247716146219135,3.583740921337904,2.335374584110215,2.388656442437108,2.6472299812395486,2.508566937632761,2.29933305607663,2.2262637429171463
270,2.755939800358323,2.4511908612754887,3.324502934686535,2.7262258453864963,2.857198326728593,2.7173855099988886,2.6590114121388586,2.889746989876088,3.466787069482953,2.7636621556380585,2.9726002392923387,3.019413036265761,3.0134629822413213,3.205275700717592,2.9181274371718957,2.9446889413263455,3.458483935383298,3.260174912321891,3.439995555044288,3.517773075761637,3.09458957477755,2.6576287530478617,2.4241210542526344,2.2461038380709515,3.587963025240179,2.3340266714744193,2.387340480856118,2.6472864999769765,2.5079153172944118,2.2990701683406014,2.224042496968225
271,2.7557884347586175,2.4458999546218023,3.3270080106130164,2.7262571026229314,2.8616119633929795,2.7170707341480833,2.657271595606969,2.885841462365474,3.474086467202314,2.759941595832922,2.967064487823014,3.016255661632009,3.0150928919566167,3.2131344774696515,2.9181525024473993,2.946482700478187,3.461905727027345,3.263639523164148,3.4409164132986425,3.5198630171652576,3.0951212768884773,2.6543015051598697,2.420237172323703,2.2445000942809754,3.5922195053885053,2.3326958459756604,2.386012100998808,2.6474518224717687,2.5073088825305154,2.2988527887459034,2.2218654841314787
272,2.7557081240883443,2.440629267653742,3.3294711733640643,2.7262972789276727,2.866064053106923,2.716816701147732,2.6555085476416225,2.8816903623787997,3.4810922461540885,2.756123251717623,2.961570880921351,3.013122468111461,3.016691546317469,3.220978563350546,2.918089247191322,2.9482016558484263,3.465207775097216,3.2670925083175772,3.4417732249903725,3.5219664042885483,3.095643767157417,2.6509261582818997,2.416384098225153,2.2429078451395297,3.5965172238984193,2.331386750641441,2.384675981758224,2.647736366920596,2.506752859882229,2.2986839786700037,2.21973442666303
273,2.755686279861325,2.435372696219704,3.331880664587941,2.7263354525881827,2.8705483679988886,2.716638800005595,2.6537345461722364,2.8773169615143557,3.4878196337873395,2.7522215622754542,2.9561531607374043,3.0100420796930285,3.0182632673648513,3.2287995629002824,2.917918940877118,2.9498142381448536,3.4683491950473586,3.2705121886027873,3.4425521709551035,3.5240789274710247,3.0961597660343587,2.6475128193108572,2.4125675930710915,2.2413299345832147,3.6008620841119683,2.3301035368744807,2.3833365208444226,2.648149513072004,2.5062519624207864,2.2985664896072278,2.217650682975311
274,2.7557112014673715,2.4301254467721454,3.3342265275459138,2.7263611305464774,2.8750591419627134,2.716552078891755,2.6519620392676977,2.872746419126484,3.494287110942399,2.748251367077619,2.950843683714652,3.007042747437647,3.019811523479963,3.2365910922119174,2.9176243720071398,2.951290972846632,3.47129164553943,3.2738783162475054,3.443240265663881,3.5261973344980664,3.0966706233300965,2.644070607288373,2.408792719490565,2.239768918175843,3.6052583325340826,2.328849813914756,2.381997643158424,2.6486993504932665,2.5058102230355876,2.298502665706039,2.215615203953428
275,2.7557720054471466,2.4248839284775876,3.3365004155867943,2.7263642487868913,2.879590675883155,2.7165705012938526,2.6502026663143345,2.8680041741767157,3.5005146839275474,2.7442272355693493,2.945671837948216,3.0041505246877813,3.021338441954976,3.244347916411332,2.9171896234619665,2.9526042857396724,3.4739989573842553,3.277171898984673,3.443825518396766,3.528318939033065,3.0971754236092903,2.6406069158345815,2.4050635915503036,2.2382269032823,3.6097079366802514,2.327628584128169,2.3806625695473813,2.649392376834642,2.5054309004894466,2.2984943408201017,2.213628492247393
276,2.7558591393700205,2.4196458066252844,3.3386954814083025,2.72633545398278,2.8841375870229125,2.716706784981122,2.648467094924798,2.8631152767058348,3.5065233392980666,2.7401632282260304,2.940663280281103,3.0013882112246852,3.022844977200733,3.2520654441956776,2.9166001427436115,2.9537284827724912,3.4764371035489416,3.28037524265014,3.4442974837942524,3.5304415567926646,3.097670795568756,2.6371271650664134,2.401383253513793,2.2367054464133895,3.614210105895407,2.3264421344352835,2.3793335698174016,2.6502331843791946,2.505116432803094,2.2985427481457372,2.211690587939385
277,2.7559653836601488,2.4144102016931996,3.340806520977043,2.726266589401306,2.8886955708827746,2.716972711267639,2.646765556855331,2.8581045499183717,3.512335414172982,2.736073000419776,2.9358399764133116,2.9987751228976034,3.0243315459098943,3.2597397462647395,2.9158432402607346,2.95464027399903,3.478574921409214,3.2834725120175285,3.4446481898654673,3.532563937507414,3.098151478869543,2.6336350987186834,2.3977537594497127,2.2352055599178953,3.6187612955328983,2.3252919606004103,2.378011810994562,2.651224288703507,2.5048684365042275,2.298648452406148,2.2098010825241614
278,2.756086889948986,2.409177894112199,3.342830266447537,2.726151121909188,2.893262103849646,2.7173794551690578,2.6451085348116714,2.8529969823616783,3.5179750700529504,2.731969972193879,2.9312206302380246,2.9963273220677538,3.0257986498892335,3.2673678646609363,2.914908806729672,2.955319743786642,3.4803854616422196,3.2864506787393397,3.4448730935275083,3.53468643495542,3.09861137922742,2.630133449058686,2.3941764189440273,2.233727819270523,3.6233557495925384,2.32417876997964,2.3766973611068303,2.652366181869765,2.5046877409811015,2.298811316412397,2.2079591628213464
279,2.7562237055510623,2.4039513764081724,3.344765586489739,2.7259842805428915,2.8978365634799363,2.717937542990684,2.643507038385477,2.847817732188121,3.5234681111452275,2.727867258261483,2.9268209287096045,2.994057766159644,3.027246957387037,3.274947953990761,2.913789828647557,2.9557513084338036,3.481847418914663,3.2893004397315813,3.44497161146984,3.5368115096244885,3.0990447009310134,2.626624675935456,2.3906520993818843,2.232272515136696,3.6279863436140296,2.3231025515336072,2.3753893238884327,2.6536575697372062,2.5045744340526728,2.2990305054429077,2.2061636801155986
280,2.756379511280195,2.3987346806998633,3.346613449001369,2.725762923328327,2.9024198250327364,2.7186564544988316,2.641972272548661,2.842591503155368,3.528840969012493,2.7237772502443773,2.922653361018293,2.991976135529704,3.0286766864982795,3.282479068020587,2.9124825025303362,2.955924406070856,3.4829462358145427,3.2920168573207356,3.4449471856230867,3.5389439405493404,3.0994469205073907,2.6231116400007823,2.387181518510311,2.2308398185323446,3.6326455672958975,2.322062719580187,2.37408607307346,2.655095726938891,2.5045279223241814,2.2993045263355527,2.2044132232245133
281,2.75656058771463,2.393532992934336,3.3483765322650543,2.725485218161192,2.907013516024338,2.7195439994492743,2.640514762937023,2.8373413718251626,3.5341189677244085,2.719710879534149,2.9187265296040548,2.9900882302768927,3.0300863977052606,3.289960478219822,2.9109858310479604,2.955833602578423,3.4836744446181647,3.2945994160893886,3.444806847288663,3.5410906362325663,3.099815407608622,2.6195980667842775,2.383765440216755,2.2294299068568675,3.6373263437392716,2.321058289611944,2.3727855142391707,2.6566768465632458,2.5045470110285604,2.2996313063479255,2.2027061855703924
282,2.756774396786186,2.3883521720003102,3.350058593546023,2.7251503054382673,2.9116192890948422,2.720605745294196,2.6391432935158923,2.832087451960878,3.539324318090416,2.7156767799215267,2.915044207632165,2.988395184531773,3.031471659678701,3.2973907470602852,2.90930085621079,2.95547810206992,3.484031179978664,3.2970514912016613,3.4445604585308005,3.5432601192925466,3.100149691827262,2.6160887746029258,2.3804047446702623,2.2280430263286037,3.6420225021293104,2.3200880425680537,2.3714853137008345,2.6583962935154632,2.5046300031816777,2.3000083061977974,2.2010408186682757
283,2.7570283324090825,2.3831983181263126,3.351663808000647,2.724758056696234,2.9162383712503654,2.7218446867385677,2.6378640458319724,2.826845819301292,3.544474377038697,2.7116806545592773,2.9116046106540985,2.9868929494369567,3.0328242116217927,3.30476699541277,2.9074298928582203,2.9548609581943626,3.4840211682244178,3.299379488168119,3.444219929659443,3.5454619026692584,3.1004515184651744,2.6125897424814895,2.3771004082308114,2.2266795033278046,3.646728945891116,2.319150666069057,2.370183084572464,2.6602487594723674,2.504774821409141,2.300432658954408,2.1994152704529393
284,2.757329054448288,2.3780774814723413,3.353196250770555,2.724308914202005,2.920871373276661,2.7232611471003936,2.636680161779133,2.8216279472639214,3.549580554150553,2.707725056303789,2.908400241199848,2.985572379090417,3.0341320503888998,3.312084705125485,2.9053760632609364,2.953988310224186,3.483653598888485,3.3015919579710387,3.4437985998600436,3.547705933842769,3.100724829868053,2.609108094951072,2.3738534486694762,2.2253397297555217,3.6514416613532075,2.318244872047688,2.368876540832985,2.6622283677564833,2.5049791440190914,2.3009013217381344,2.197827612783021
285,2.7576825093296926,2.372995520737989,3.3546596039791474,2.7238037355068996,2.925518226775422,2.7248528189704633,2.635591773506334,2.816440730434445,3.5546481076165866,2.7038096365274216,2.9054184335760387,2.9844200191572074,3.035380518715175,3.3193381921328857,2.903143259627583,2.9528688711728526,3.482941216721417,3.303698939028323,3.4433108377813593,3.550002217848171,3.1009757532284636,2.6056520562777585,2.3706648867694855,2.2240241480848404,3.656157734074685,2.3173694910745106,2.367563626686611,2.6643287844742733,2.505240535062682,2.301411217138588,2.196275861608733
286,2.758094410733577,2.3679580506263864,3.3560570406373116,2.723243578253614,2.930178138175336,2.726614880569859,2.6345964147325045,2.8112870443463143,3.5596769131057417,2.6999317760133255,2.9026425033395107,2.983419460712095,3.0365540994891687,3.3265216130741946,2.9007364573486587,2.951513733789697,3.4818997989300615,3.305711636338273,3.442771836914673,3.552360659971149,3.101212623535829,2.6022308984036293,2.367535751347214,2.2227332537630633,3.6608754846451736,2.3165235458347824,2.3662426205809712,2.666543366567436,2.5055565443411973,2.3019593381283228,2.1947579926545875
287,2.7585707499097882,2.362970386834847,3.3573911382765056,2.7226294068825734,2.934849502703441,2.72854015194904,2.6336895984750988,2.8061665941908682,3.5646628924385846,2.696087360473163,2.900053140222519,2.982552843600006,3.037638291652662,3.333630071385123,2.8981620698955357,2.9499363040465356,3.4805478794676183,3.3076423009232383,3.4421974393441426,3.5547910242341474,3.101445942332727,2.5988548432746166,2.3644671121348755,2.2214676116768857,3.6655946820920287,2.315706290800219,2.364912189025575,2.6688653212659426,2.5059247580346247,2.302542799422567,2.193271954195665
288,2.7591179639195005,2.358037431967565,3.3586637166851347,2.7219617777701313,2.939529802476258,2.730619308215119,2.6328653519557697,2.801076790510632,3.5695996127389678,2.692271487893297,2.8976297029043185,2.9818021387669242,3.0386210051716107,3.3406604250273815,2.8954280684425924,2.9481521202428613,3.4789064683938165,3.3095040720404714,3.4416038194856067,3.5573028668036746,3.1016881439389854,2.5955348633655864,2.3614600983570355,2.2202278667103625,3.670316673982318,2.314917198935442,2.3635713608638094,2.671287819231046,2.50634279415017,2.303158829742453,2.191815677096463
289,2.759742637616934,2.3531635105791295,3.3598756036491113,2.7212405931725883,2.9442155341816756,2.732841172676557,2.6321165763271366,2.796013461986662,3.5744795804503755,2.6884789930598223,2.8953512138104065,2.9811500123774937,3.0394931825450886,3.3476115915377447,2.8925437448724978,2.946178388675932,3.476998531797971,3.3113105586324805,3.4410069083890784,3.5599053043328626,3.1019530528155794,2.5922823288637566,2.358515857365393,2.2190147236646105,3.6750442342677365,2.314155879190199,2.362219407430876,2.6738040072533567,2.5068082501626328,2.3038047122977696,2.1903870816965103
290,2.760450887153468,2.348352213538075,3.3610264419235047,2.720464994697209,2.948902191284379,2.7351930832046083,2.6314352235721823,2.7909713516427828,3.5792950090346296,2.6847047867099167,2.8931970376585165,2.9805802875499836,3.040248695119806,3.354484392522126,2.889519186582548,2.9440332222779535,3.4748481326222236,3.3130750621006566,3.4404215465637114,3.562606542093647,3.1022549855310726,2.589108481436247,2.355635430549146,2.2178288826124666,3.6797810187441864,2.313421927274699,2.3608556447483,2.676406906592646,2.5073186205391806,2.304477690078473,2.188984080613177
291,2.7612477430936115,2.3436063226404373,3.3621146870843557,2.7196334218413596,2.9535843178204306,2.737661317189748,2.6308124108054622,2.785944509411791,3.584038232489241,2.680944099029836,2.8911473777304897,2.9800781964058114,3.040883866358123,3.3612812045946403,2.8863647052875976,2.941734755350122,3.4724793424116016,3.3148095272381743,3.43986047134561,3.5654131879844324,3.1026075654622063,2.586023778392984,2.352819563047397,2.2166709353805003,3.684530675974393,2.312714736457463,2.359479203596646,2.679089232159522,2.507871207871011,2.305174859126912,2.1876045773204127
292,2.7621368348892075,2.338927853863005,3.3631378787044603,2.7187438119703873,2.958255675008358,2.7402315862140023,2.630238662248586,2.7809267951395347,3.5887022197329905,2.677192753512406,2.8891837885715708,2.9796306925579295,3.0413971052760425,3.3680057629498195,2.883090508871242,2.9393004119087545,3.469915199846361,3.316523465234822,3.4393333373682644,3.5683294737071862,3.1030224253318974,2.583037206482507,2.3500684968517787,2.215541246963141,3.689295808350665,2.3120333108150137,2.3580888243859475,2.68184319812197,2.5084630476034255,2.3058930719925987,2.1862464620560633
293,2.763120503317076,2.334318205442401,3.364093152643618,2.7177938948168343,2.9629095957746046,2.742889640018876,2.629704442169451,2.7759126736006996,3.5932816351169476,2.6734475794700523,2.8872898925224604,2.97922706336797,3.0417890602380897,3.3746633928773995,2.8797068272530546,2.9367466074799258,3.4671770614792123,3.3182231761210352,3.438846037214777,3.57135660379464,3.103508066332384,2.580155706226958,2.3473818126084054,2.2144398566839576,3.6940770726775782,2.3113761308207805,2.3566827285694636,2.684660383270422,2.5090908645298966,2.3066288703080646,2.1849076095341764
294,2.7642002441929074,2.3297783524436193,3.364977845130406,2.7167815218330196,2.9675395679644443,2.7456219948300027,2.6292009947635337,2.7708982947698635,3.597774513344179,2.669706982086014,2.885452351095791,2.9788598920830918,3.0420634113141762,3.381261712950809,2.876224496573546,2.934089010339829,3.4642845803072966,3.3199115251481883,3.4384005404484355,3.5744924566966936,3.104069129044605,2.5773838361062964,2.344758371740897,2.2133664291510367,3.6988726726989283,2.3107411073089565,2.3552585948504206,2.6875317068982323,2.5097510755613435,2.307378460506163,2.183585884339733
295,2.765377245039225,2.3253090203784126,3.3657899993312808,2.715704967513388,2.972139973335114,2.748416708877628,2.6287212999629253,2.7658825972926593,3.602184082928023,2.6659715426892387,2.8836618848005946,2.978526102743378,3.0422280044136008,3.387811521598652,2.872655746652696,2.931343227987121,3.4612562670417293,3.3215883119854386,3.43799528557975,3.577731733823869,3.10470619885783,2.5747237320436733,2.342196370867235,2.2123202661497485,3.7036783402447284,2.3101256266638517,2.3538136319358482,2.6904475195427757,2.510439842308432,2.3081377396394194,2.1822791600462863
296,2.7666527890126136,2.3209107955978667,3.366528661144489,2.7145631517066544,2.976706781607192,2.7512640476867376,2.628260849050219,2.7608680879783676,3.6065200573105596,2.6622444537487775,2.881914022719883,2.9782277038715725,3.0422958320424556,3.3943274560996923,2.8690148547843632,2.9285256348622215,3.458110385818829,3.3232510857905764,3.4376260178552487,3.5810665251272567,3.1054161389497263,2.572175342442924,2.339693481482738,2.2113003687701753,3.7084877315558167,2.3095266657262012,2.3523447198815775,2.6933977806191853,2.5111531639098326,2.3089023643663764,2.180985353944659
297,2.768028412105096,2.3165841667345437,3.367193946723657,2.713355743104006,2.981237935263378,2.7541568400245877,2.6278179506764623,2.7558609865472024,3.6107987656385983,2.6585315656270962,2.880209204416423,2.9779717876888325,3.042285294527552,3.400827996873649,2.865318333070588,2.9256539729294495,3.4548657815642523,3.3248961028899298,3.4372868163315635,3.5844871109189795,3.1061927856160962,2.569736843353666,2.3372470229089584,2.2103055238135854,3.713293034753051,2.30894093818275,2.3508485848414233,2.696372281648589,2.5118869923696394,2.3096678484676203,2.1797024743539435
298,2.7695058473723697,2.312329522601538,3.3677869522287307,2.7120831315272476,2.9857332335826943,2.757090384695473,2.6273934304954496,2.7508706202527087,3.6150418798254558,2.654840917398192,2.8785520096302317,2.9777695312739385,3.0422193951728835,3.407334603303129,2.8615844961363717,2.922747462939204,3.45154228947973,3.326519130365626,3.4369710368504722,3.5879827730026994,3.1070277848517183,2.5674051163005327,2.3348541198693855,2.2093343883543364,3.718085573658027,2.30836503982949,2.3493219824555385,2.699360887509264,2.5126373513769713,2.3104296716394286,2.1784286742052816
299,2.771086880318512,2.3081471403196923,3.3683095940567025,2.7107462898816763,2.990193715460467,2.760061911160671,2.626989806816615,2.7459081935791643,3.6192739570480126,2.65118179619654,2.8769495830002842,2.9776342807256944,3.042123903159934,3.413870091875215,2.8578325015647317,2.919826386570002,3.448160593498705,3.328115939086998,3.4366719991336954,3.5915424482714213,3.1079113908179683,2.56517620049223,2.332511822182649,2.20838555904061,3.722856286070022,2.307795580043279,2.3477618817761696,2.702353793260384,2.5134004478383107,2.3111833875282017,2.177162303790873
300,2.77277324501367,2.3040371874088335,3.3687644351696626,2.7093465764614115,2.9946207531060542,2.763069753929316,2.6266102073597337,2.7409852422759755,3.6235193644926817,2.6475635420205994,2.8754096189972955,2.9775791385371955,3.0420249007119926,3.420456657271907,2.85408116244293,2.916911337444975,3.4447416701495834,3.329682527957793,3.4363834130154567,3.595155184989033,3.1088331593403344,2.563045688608743,2.330217194904509,2.2074576292056642,3.7275960890303708,2.307229307596466,2.3461656510908866,2.705341808367135,2.5141727764706,2.3119247271890973,2.1759019573008325
301,2.774566627784852,2.299999742116628,3.369154506052462,2.7078855344444603,2.9990151751249297,2.766112488019446,2.6262573571325682,2.736112146215391,3.627799285353933,2.6439944050143285,2.8739384383743207,2.977614665909364,3.041946348405563,3.427114067255026,2.8503479078395806,2.9140224735245783,3.441306144769934,3.331215266737603,3.4360996856137502,3.598810485198938,3.1097825802067596,2.561009086566208,2.3279674049699497,2.206549246358769,3.7322962370234767,2.306663248393601,2.3445312457959524,2.708316674721664,2.514951225918062,2.3126496991374412,2.174646509185168
302,2.776468758349809,2.2960348199960556,3.369483097229138,2.7063647200655723,3.00337667279783,2.7691882327753303,2.6259328753373885,2.73129698198131,3.6321293641577785,2.6404807017154215,2.8725395820382205,2.9777471917798612,3.0419082034033833,3.433858418353833,2.8466481434650808,2.9111790351826823,3.437873860544088,3.3327111327756413,3.4358162627422777,3.6024986404921715,3.110749711891807,2.5590621647794256,2.3257598240487045,2.205659179303912,3.736948770845723,2.306094861232091,2.342857385169448,2.7112713990295356,2.5157331937467697,2.3133546875183115,2.1733951372598113
303,2.778481515001754,2.2921423911639973,3.3697535145541373,2.704785558250075,3.0077035627619795,2.772294204039846,2.6256369431211493,2.7265448285178775,3.6365182711394586,2.6370263639761777,2.871213072001751,2.97797790912965,3.0419253251758107,3.4407015455385244,2.8429950436373286,2.90839919876737,3.434463774218722,3.3341680873998403,3.4355300589611284,3.6062111062825464,3.1117258287998446,2.557201300730781,2.3235921448634285,2.2047863919676014,3.741547066248244,2.305522196198737,2.3411436919832918,2.714200553742721,2.5165167073217214,2.3140365451608345,2.172147330309754
304,2.7806069711107346,2.288322379808207,3.3699688318526126,2.7031492109721227,3.0119928080541696,2.7754264721541455,2.625368252760791,2.7218574976250984,3.640967192344398,2.6336328299425373,2.869955227074267,2.97830264203198,3.0420070957080734,3.4476509205917316,2.8393996207081367,2.9057001435588043,3.431094080905744,3.3355854895923702,3.4352399011628068,3.6099408708657235,3.112704015148224,2.5554237766017724,2.3214624864133038,2.2039301090325902,3.746086385324756,2.304944024391963,2.339390767555659,2.717100493246651,2.5173005348245114,2.314692672435135,2.170902879412283
305,2.782847350282081,2.2845746480436553,3.370131710389935,2.701456459764964,3.0162401438281843,2.7785798421383294,2.625124099768679,2.717233605318903,3.6454700864014455,2.63029916699359,2.8687588165213294,2.9787120407974603,3.0421575200755036,3.4547097796013415,2.8358708586698267,2.9030981241630816,3.427782354665339,3.3369643695296682,3.434946830281179,3.613682718604315,3.1136795920889804,2.5537279758715044,2.319369456044808,2.2030898544228528,3.750564273754402,2.3043599069641303,2.337600186132605,2.7199694471073306,2.518084262610038,2.3153210700893143,2.169661854385135
306,2.7852049055149153,2.280898973297966,3.3702443530371777,2.69970763485389,3.0204402297542723,2.781747823688352,2.624900537232163,2.7126689260298686,3.650014528551844,2.627022349338726,2.8676134058992706,2.979192029248249,3.042375593134282,3.4618772980489743,2.832415766177772,2.900608382727305,3.4245455099713986,3.338307411988213,3.43465410983859,3.617433284747305,3.1146502669047766,2.552113427884513,2.317312145907207,2.2022654493286162,3.754980661709738,2.3037701846796574,2.3357744081555385,2.722807476340355,2.5188683146572535,2.315920355284257,2.168424568520974
307,2.787681768490808,2.2772950294319414,3.3703086228279684,2.6979026402889423,3.024586879993482,2.7849227460276236,2.624692614936633,2.708157025367307,3.6545830515352167,2.623797683073033,2.8665058965184516,2.979724483584251,3.0426558405732944,3.4691487885189045,2.829039331220691,2.8982448516915955,3.421399495525061,3.3396185940427316,3.4343668610451727,3.621190838262611,3.115615934524827,2.5505806727279685,2.3152900604833384,2.201456967624539,3.7593376004523624,2.303175887177836,2.3339166226073953,2.7256162950717417,2.5196538960636845,2.316489733124445,2.1671915349831394
308,2.7902798205647272,2.2737623784399354,3.3703263036770483,2.696041107091234,3.0286734937222093,2.7880961168840246,2.624494791420351,2.7036901838950738,3.6591549905859018,2.6206194093410895,2.8654213522020875,2.980288226381872,3.0429890502722134,3.476516014120565,2.825744458758229,2.896019708692254,3.418358747744686,3.340902521891644,3.4340913377895133,3.624954780722958,3.116578118877206,2.549130948424259,2.313302989800961,2.200664657011768,3.763638660874852,2.302578574962011,2.332030531616317,2.728398964158237,2.5204428535054704,2.3170289200085104,2.1659634171998694
309,2.793000622865871,2.2703004750641793,3.370299442225788,2.6941226595901653,3.032693762379181,2.7912592801919134,2.6243015840170347,2.699260572250257,3.6637088335662944,2.617481488486864,2.8643441741134423,2.9808603947621735,3.043363230633574,3.4839677262250603,2.8225319958150132,2.893942899881079,3.4154355046524145,3.3421635766334883,3.433833934825164,3.628724897637637,3.1175390999167862,2.5477657312524764,2.3113508526305435,2.1998888400477683,3.767888097658588,2.301980134037016,2.330120091232188,2.731159466446523,2.52123746030998,2.31753802120604,2.1647409749740265
310,2.7958454196174394,2.2669086831430354,3.3702306975773686,2.692147231072045,3.036642590873366,2.794404312631982,2.624108421631396,2.6948615399578566,3.668224926030201,2.614378494487035,2.8632595541617283,2.9814181142915315,3.0437647740487725,3.491490463065457,2.819400904700577,2.892021745143582,3.4126391075709885,3.343405004913407,3.433600076811407,3.6325004456272114,3.118500830233912,2.5464861871771864,2.3094335351652964,2.1991298103000623,3.7720899255681495,2.3013825462083073,2.328189227881782,2.7339021902566305,2.5220401507618275,2.318017374415326,2.1635250092546845
311,2.7988152033221554,2.263586300059176,3.3701236348083126,2.690115342914109,3.0405170297318707,2.7975249824099535,2.6239125486213646,2.6904887971897757,3.6726881584092355,2.611306478793286,2.862154996372974,2.981940268158032,3.044179722563713,3.499069545790082,2.8163485765230796,2.8902607055225142,3.409975418216969,3.3446280935597694,3.433393166131725,3.6362792075407393,3.1194638012118845,2.545292616777026,2.3075507471976295,2.1983877373734475,3.776247062223052,2.300787661137915,2.32624156145467,2.7366313801231295,2.522853243468063,2.318467381839776,2.1623163111153154
312,2.8019108067375336,2.2603325834336108,3.369982913672442,2.688028276948702,3.0443169614061363,2.8006175424784834,2.6237137634303664,2.686141255681979,3.677090116191963,2.6082636370357397,2.8610216221875726,2.9824090755346058,3.044594981377143,3.5066901343446304,2.8133712237014135,2.888661353651166,3.407446464824794,3.3458315573217696,3.4332137713710296,3.6400566861434416,3.1204260582570074,2.5441839910311685,2.3057019133779377,2.197662592516422,3.780360671462597,2.300196999313584,2.324280176138184,2.7393506449673897,2.523678700925701,2.318888360374152,2.1611156221801795
313,2.8051329702344843,2.2571467722799063,3.369814335450359,2.685888109845615,3.0480453432356285,2.8036811683861402,2.6235147947561552,2.6818213641362316,3.6814302196042332,2.6052506422731807,2.85985499936183,2.9828112140339944,3.04499932273587,3.514338179602718,2.8104642696451814,2.8872225509316642,3.405050399625657,3.347011241901916,3.433059207574328,3.6438256118659504,3.121382565132219,2.5431576711029615,2.3038861129850345,2.196954104384983,3.7844298012292277,2.2996116145784904,2.3223074793749596,2.7420626199717058,2.5245179673229017,2.319280437828279,2.159923612392301
314,2.80848233325961,2.254028094637726,3.3696247201576304,2.683697615412038,3.051707938012708,2.8067179484207054,2.6233212047519348,2.677534888992196,3.6857156121431403,2.6022705791865812,2.858655336726592,2.983138320280914,3.045384059482567,3.5220011286957393,2.8076226652273375,2.885940802975795,3.4027817987779914,3.348160196832854,3.4329235921885557,3.6475758959791986,3.122325066412501,2.542209377318774,2.302102076979906,2.1962617517109666,3.7884513589809083,2.299032037692447,2.320325173756676,2.7447688481901746,2.525371909962004,2.319643512258105,2.1587408766145884
315,2.8119593218182453,2.250975756762331,3.3694216029357955,2.681460058710064,3.0553125870686317,2.80973243598549,2.6231408179281575,2.6732901993903857,3.689959856654173,2.599328497707301,2.857427026039998,2.9833868376018926,3.0457433273585344,3.529668296747615,2.8048410960004073,2.884810743665467,3.400632277156175,3.3492691133621304,3.432798372576672,3.6512950759984384,3.123242505299265,2.5413334271295636,2.3003482449475707,2.1955847955261563,3.79242041719692,2.298458309276086,2.318334341771792,2.747469892694985,2.5262408680287614,2.3199772764665347,2.1575679464337765
316,2.8155639453923897,2.247988915003727,3.369212768773302,2.6791789064356997,3.05886815160916,2.8127308422447714,2.6229827654207614,2.6690971812784343,3.6941807224751,2.5964306763486253,2.8561776421201683,2.9835573062976084,3.046073982894749,3.5373308951624063,2.802114088589706,2.883825694961631,3.39859134539525,3.350327069641041,3.4326732402270173,3.6549692040024317,3.124121950867384,2.5405232132783375,2.298622876766994,2.1949223483891735,3.7963308011593595,2.297890095555202,2.3163356200170346,2.7501656359304656,2.5271247936488366,2.32028129740383,2.1564053105246
317,2.819295557670701,2.2450666380055,3.369005683216093,2.676857476074983,3.0623832669545608,2.815719978310323,2.622856291070304,2.664965931792424,3.698397438310745,2.5935837276506915,2.8549165979674704,2.9836532756991527,3.0463751839508673,3.5449817823940917,2.799436062984828,2.882978261618647,3.396647416542311,3.3513224920801052,3.4325372961398526,3.658584051517988,3.1249499045817934,2.5397718554395516,2.2969242054502352,2.1942734724937174,3.8001758839027087,2.297326867821534,2.314329426407183,2.752855692135919,2.5280234585125205,2.320555134049223,2.1552534371764045
318,2.8231526518891528,2.2422078703607684,3.368806907050918,2.6744985545256856,3.065865053491808,2.8187060714927985,2.622769492217385,2.6609053940042036,3.702627784402706,2.5907936854300813,2.853653676658891,2.9836800426741674,3.046647757548856,3.5526150517220603,2.7968013928676143,2.882260931955557,3.394788866317547,3.3522442253025315,3.4323803148391194,3.662126460973207,3.125713804873047,2.5390729369197187,2.2952506100066437,2.193637293459824,3.803949494281707,2.2967681181433894,2.312316202286601,2.75553985534535,2.528936693715429,2.3207984755991284,2.154112794867724
319,2.8271327426303694,2.2394114075494094,3.368621590212312,2.6721040344365656,3.0693179340304093,2.821693596661204,2.622728172356056,2.6569221004972916,3.7068853806555406,2.588065194320015,2.8523976377174134,2.983643398664694,3.046893469314707,3.5602255764216197,2.7942045209985142,2.8816666526669366,3.393005047750308,3.353082592807812,3.432193957706152,3.6655856599652505,3.126403527393185,2.5384212300540563,2.293600782028633,2.193013112916897,3.8076468265569643,2.296213578838572,2.310296635885366,2.7582185167586215,2.5298646271869325,2.321011280209745,2.152983868789939
320,2.8312323428907256,2.2366758869887278,3.3684531216633515,2.669674630886454,3.0727427171485244,2.8246842779667043,2.6227349658782635,2.653019197179785,3.711177524108652,2.5854008936977353,2.8511550540448747,2.9835485279992415,3.0471142997231833,3.567808602679474,2.791640139025055,2.881189326980567,3.391287151322483,3.353830320572773,3.4319727942600955,3.6689543596619956,3.1270126772469737,2.537813314028628,2.2919738585527645,2.1924005015801753,3.811265223097156,2.295663410590333,2.3082718382101457,2.7608929947689953,2.5308078805785295,2.321193891237094,2.151867171566732
321,2.8354470056918863,2.2339997946976182,3.368302979411362,2.66720973891239,3.07613609720143,2.8276764107469763,2.622788855155931,2.649195898744691,3.71550390454293,2.58280106471952,2.849929505021053,2.9833991738688295,3.0473118203446035,3.575359438386314,2.789103400856972,2.8808241667601897,3.3896287961887355,3.3544831924090133,3.4317149979173194,3.6722294764450902,3.127539482896858,2.5372479945376583,2.2903694975867843,2.191799356143742,3.814804694842873,2.2951183247902174,2.306243445493157,2.76356572291519,2.531767688334748,2.321347105513139,2.150763245655325
322,2.8397713893307985,2.231381484519523,3.3681707960666207,2.664707470721532,3.0794906786224634,2.8306646178800614,2.6228851429113513,2.6454474745887455,3.7198564341189453,2.580263591076113,2.8487212343289885,2.9831971787409923,3.0474867557977,3.5828732543225943,2.7865901151848864,2.8805678293710284,3.3880262533941936,3.3550403213059656,3.43142259901217,3.675412349658173,3.127987134044518,2.5367264489966326,2.288787881240483,2.1912099081792507,3.81826806093218,2.2945796121948896,2.3042136268983224,2.766240244003246,2.53274591000333,2.321472171511826,2.1496726547666083
323,2.844199329193901,2.228819207760739,3.368054640555009,2.6621648789408376,3.0827955620780685,2.8336400968020885,2.6230158827816625,2.64176578738764,3.7242202626061967,2.5777842585172084,2.8475273515668174,2.9829424879897473,3.047638805075788,3.5903450005120217,2.7840968631139615,2.880418297269496,3.3864782456778433,3.3555039624327976,3.4311012156300866,3.678508384712178,3.1283634661859034,2.5362520493362846,2.2872296430067367,2.190632680672145,3.8216606381193796,2.2940490637896622,2.3021849867033244,2.76892097633891,2.5337449240121264,2.3215707066596996,2.148595963280626
324,2.848723937497391,2.2263111534326137,3.3679515109275964,2.6595783416386043,3.0860374541321853,2.8365913499597086,2.6231707216110407,2.6381403247789335,3.7285758600192036,2.5753573735186355,2.8463425880384583,2.9826336507414943,3.0477667655803606,3.59776943812877,2.781621006747183,2.880374506362358,3.384985334265478,3.355878858993962,3.430759249972979,3.6815261325690094,3.128679986836606,2.5358298594899207,2.2856957280581844,2.1900683965112457,3.824989488581031,2.2935287894352125,2.3001603678526146,2.771612757082832,2.5347674136136042,2.321644540116299,2.14753370572712
325,2.853337774655729,2.2238554999826405,3.367858020592977,2.6569440631848082,3.089202193749185,2.8395053322224997,2.623338068434123,2.6345595917914704,3.7329018836653374,2.572976621416837,2.845160511394786,2.9822687587256094,3.047868952340642,3.60514128655742,2.779160584410031,2.880435784023437,3.383548977306808,3.3561711915981176,3.4304066302243874,3.684475915820069,3.128950353487219,2.5354658622198265,2.2841872062241637,2.1895178515675195,3.828262324363659,2.293020960921496,2.298142584889799,2.7743202207275552,2.5358160771522873,2.3216955043248513,2.1464863515134764
326,2.8580331216165353,2.2214504767287533,3.3677712273084017,2.6542586307736995,3.0922765251600874,2.8423688899432618,2.6235064656425666,2.6310126717406286,3.7371784244263475,2.5706360289539596,2.8439749963963874,2.981846663375368,3.04794384710402,3.6124554807426583,2.776714118674101,2.8806012044734377,3.382170412163263,3.356387280354639,3.4300532767058955,3.6873682076441354,3.1291885270285107,2.5351660272835854,2.2827050650216947,2.188981771471326,3.8314862437128876,2.2925275225091695,2.2961341318326576,2.7770471189026025,2.536893309674486,2.321725210099027,2.1454542717616785
327,2.862802335765,2.219094428073533,3.367689503840281,2.6515195547026025,3.0952498816652043,2.845170302982532,2.6236659899071793,2.6274907191105212,3.741390141981582,2.568330867478621,2.8427816825921086,2.9813682425840673,3.0479908646267724,3.6197075227574933,2.7742803852666422,2.8808689946012915,3.3808495586173075,3.3565322481752116,3.429707547120755,3.690212034410265,3.1294069034690373,2.5349353728437207,2.281250013712619,2.1884606746508726,3.8346665162489675,2.2920499190741173,2.2941369180030184,2.7797957115684104,2.5380009086438724,2.3217348436321155,2.1444377148051306
328,2.8676382204911484,2.2167858689223645,3.3676133028698065,2.6487257109035482,3.098115890856225,2.847900684237852,2.623809465725051,2.623988131694267,3.745528758322159,2.566058339557976,2.841579143282326,2.9808374692884065,3.048011093889765,3.626893889259601,2.771858195416268,2.88123611591139,3.379584145714053,3.3566088743813207,3.4293749391432833,3.6930136803735865,3.129614742348784,2.534777179929277,2.2798223281662695,2.187954763856874,3.8378056282139132,2.2915888879009945,2.2921520794679524,2.7825663493266246,2.539139853411869,2.3217250202868,2.14343679501713
329,2.8725342954600794,2.2145235161544377,3.367545620246995,2.6458775768371336,3.100873216091377,2.8505548958982683,2.6239332002748617,2.6205031257307154,3.7495943348948417,2.5638179061359456,2.840369506748626,2.9802620437622123,3.048007858620938,3.6340124270656236,2.7694462279660588,2.8816980951906963,3.37836919454105,3.3566167989289473,3.429057229752406,3.6957758508115583,3.1298170809343713,2.5346924581756944,2.278421753795324,2.187463861005927,3.8409027320313767,2.2911443451052613,2.2901798984720587,2.7853573331944217,2.5403102037012335,2.3216957260844078,2.142451498012676
330,2.877484956862531,2.212306297883257,3.3674921853310464,2.6429773177370937,3.103525883242441,2.853132094823241,2.624037332957074,2.6170378224382875,3.753595381275848,2.561611275182573,2.839158498501849,2.9796534706442004,3.047986938753869,3.641062604368753,2.767042907788138,2.8822491505142755,3.3771970437975645,3.356552371571908,3.428752430217103,3.698497702153638,3.1300146108680034,2.534679888396359,2.27704750866841,2.1869874098265116,3.8439536559405454,2.2907153902716377,2.288219838817921,2.788165045305777,2.5415111100149863,2.3216463375365817,2.141481696981433
331,2.882485397648331,2.210133322098648,3.367461087490062,2.6400285034175974,3.106082387964335,2.8556352635029496,2.624125279639407,2.613597445896765,3.7575471237162987,2.55944189442543,2.837954656356267,2.9790264425216555,3.0479563899510818,3.6480455868072053,2.7646463555926033,2.8828825454226106,3.3760577650497465,3.3564089243419906,3.4284551939318653,3.7011752705751646,3.1302040150832955,2.534736019259128,2.27569834259373,2.1865245255266257,3.8469513574445924,2.2903004167906924,2.2862706962382893,2.7909843881174146,2.5427409909456755,2.3215757602803673,2.1405271858621755
332,2.8875313927434814,2.2080038225083687,3.367462062889936,2.6370356240260895,3.108554115393099,2.858070148995191,2.6242026486343244,2.610189042527286,3.761468611401381,2.5573141190965947,2.836767940767394,2.9783975960029436,3.0479258896682206,3.6549640034317683,2.7622543512874858,2.883591087435728,3.3749399611053885,3.356177578727788,3.428157844758786,3.7038025272246626,3.130379040185773,2.5348558373983052,2.2743726725530893,2.186074098764804,3.849886818651808,2.2898973187523675,2.284330834100277,2.793809424095209,2.5439978176475675,2.3214826396634214,2.13958771855168
333,2.892619005314626,2.2059170906859102,3.3675055457260394,2.6340034635994756,3.1109532736560492,2.8604437397466915,2.6242757709726767,2.6068199115275803,3.7653791028431636,2.5552321748164166,2.8356079406074466,2.977783800080524,3.0479056842865817,3.661821408188352,2.7598643036182167,2.8843676642830687,3.3738317787981855,3.3558484208960464,3.427851803363672,3.706372831139768,3.1305320677995327,2.535033593362245,2.2730687669076524,2.185634935087964,3.852750230484637,2.2895037644836367,2.2823984696758495,2.79663412912661,2.5452794662141707,2.3213656140968757,2.138663048832292
334,2.8977442963154374,2.2038724085050148,3.3676016668160336,2.6309364490477787,3.1132907279416777,2.862762573796845,2.62435012785561,2.603496037199723,3.769294407354561,2.553199106340534,2.8344820089337066,2.9772003013486446,3.047905352862285,3.668621563653476,2.757473271906446,2.885205775482784,3.37272201929954,3.3554118883437036,3.4275292051072057,3.708880563878286,3.1306559579902014,2.53526376972927,2.2717849505459857,2.185205908778283,3.8555322943084933,2.2891175011679343,2.2804719703500496,2.7994531575063757,2.54658408372652,2.32122357106758,2.1377529650304394
335,2.9029030964686253,2.2018689931885205,3.367759381011024,2.6278380951572995,3.1155741286368595,2.865031188239926,2.6244289705878416,2.6002208013808583,3.773223860636504,2.5512159144244753,2.8333936959892956,2.976659102440126,3.0479326611160644,3.6753677327367087,2.7550780959823196,2.886100036237283,3.3716012249239204,3.3548601747014035,3.427184469574903,3.7113226931630146,3.1307458841794342,2.5355420490741114,2.2705197987999766,2.184786106874271,3.8582254474985582,2.2887366475975193,2.278550116191669,2.802262509437697,2.5479104129145553,2.3210558651373376,2.1368573144608582
336,2.908090872046564,2.1999059636753855,3.3679858716185556,2.6247106460269776,3.1178066701614084,2.8672509925217566,2.624512392706515,2.596994207414701,3.7771685047185715,2.549281053357373,2.8323417998834124,2.9761678898573747,3.047992735309196,3.682062137019056,2.752675646984457,2.8870466054388286,3.3704625888936546,3.3541884311737094,3.4268155754547136,3.713700020823844,3.130800866303388,2.5358661269811473,2.2692722889491015,2.1843749398158994,3.8608248196211283,2.2883599285481875,2.2766322869752478,2.8050599903096454,2.5492580270403096,2.3208624624938423,2.1359760142694566
337,2.913302690075634,2.1979823321930403,3.3682863216135273,2.6215549703206538,3.1199866963415337,2.869419763513009,2.6245970212382073,2.593812749812252,3.78112080817774,2.5473903825084627,2.8313202118188556,2.975729667800268,3.0480876670659582,3.6887056573753334,2.7502631446582777,2.88804344681738,3.3693024953821387,3.353395521919299,3.426424789303583,3.7160178716350254,3.130824705557468,2.5362362136079675,2.2680418820167234,2.1839721981630413,3.8633287398317657,2.287986805042765,2.2747185389856335,2.8078453638968686,2.550627433858646,2.320643984419865,2.1351090470241267
338,2.918533277949868,2.196097021009555,3.3686640819737974,2.6183707212617815,3.1221082253096704,2.8715318510791543,2.6246763777413102,2.590669946170678,3.785065970116262,2.545537570890278,2.8303185612918798,2.9753431123146594,3.0482165717780303,3.695297796133777,2.7478384617279223,2.8890903425717864,3.368120541460039,3.3524841488543884,3.426018663750396,3.7182860361001278,3.130826092186288,2.536655104297675,2.266828518583605,2.1835780435302565,3.865738683805545,2.287617470938588,2.272809556191668,2.8106201525878514,2.5520200266427135,2.3204016381689194,2.1342564420625716
339,2.923777178833986,2.19424890117156,3.3691212052079034,2.6151567255304498,3.1241623135013725,2.873579064341775,2.6247418364960557,2.5875574289348955,3.788984561236814,2.5437148708180723,2.8293235251650484,2.975003565940226,3.0483760768269024,3.701836900443159,2.7454003518175183,2.890188642363901,3.366919008918718,3.3514602873327073,3.425607255154297,3.7205179091672953,3.1308178041900954,2.5371277776303636,2.265632528241614,2.183192934087688,3.868058650520149,2.2872527129196816,2.270906485853524,2.8133871126689654,2.553437886827799,2.320137045046074,2.13341824642003
340,2.929029009355553,2.1924368471087843,3.3696592530324057,2.611911527016594,3.126139036603396,2.875552096948369,2.6247840024873685,2.5844663982678004,3.7928560287524222,2.541914122239205,2.8283205755031586,2.974704525539644,3.0485611786627436,3.708320627326801,2.742948564703858,2.891340801638813,3.365701883206912,3.3503320234489236,3.425202677020417,3.7227289476221843,3.130815111703068,2.5376605795438465,2.264454469273999,2.1828174979340904,3.8702940721292878,2.2868936597674394,2.2690106921158772,2.81614948598234,2.5548834711300183,2.3198519966193936,2.13259449134788
341,2.9342838070238764,2.1906597979592513,3.3702802372701006,2.6086339866303363,3.12802974883681,2.877442248494319,2.624794259010481,2.5813891739534376,3.796662450078126,2.540127818290276,2.8272958821814838,2.9744393970483287,3.0487663455574383,3.7147465811609077,2.740483827915085,2.8925497972383765,3.364473599045051,3.3491080008916576,3.4248172418077494,3.7249347252204945,3.130833674961507,2.5382601384343424,2.2632949278263226,2.1824523776928655,3.8724504535252486,2.28654146850673,2.2671234753272493,2.8189101753499957,2.5563592377863342,2.319548184045999,2.1317851612630823
342,2.9395374183522476,2.188916814019178,3.370987515370462,2.605323825954426,3.1298292025006837,2.879243123140937,2.6247661968724136,2.578320561123607,3.800391868232981,2.5383500480368593,2.8262380480235554,2.9742032131590133,3.048986672401065,3.721112997422285,2.7380076809335225,2.8938185092892015,3.363237718108627,3.34779574456364,3.4244615120559105,3.7271489395766957,3.130887317249785,2.538932206149753,2.2621543116087803,2.1820980741748253,3.874531983992702,2.286197004257415,2.265245807304197,2.821670998741056,2.5578672774417064,2.319226950474552,2.130990171269027
343,2.9447868455857478,2.187207116474519,3.3717864521042906,2.6019820063907177,3.1315370957834348,2.8809519608963043,2.6246966461136743,2.575258770968773,3.804040587631439,2.5365771421119523,2.8251393557701348,2.9739939902015986,3.0492188661793627,3.7274193264561113,2.735522170799959,2.8951491545504378,3.3619957468346477,3.3464001489757442,3.4241425989718373,3.729381727199229,3.1309860737651456,2.539680633089191,2.2610326740365614,2.1817548173592436,3.8765403738534197,2.2858605715583615,2.2633781278571647,2.8244321589352723,2.559409017184418,2.318889114240531,2.1302093577217494
344,2.9500304646435307,2.1855301014057558,3.3726846940150548,2.5986108624491133,3.1331587009206543,2.882570311281228,2.624586095926335,2.572205716892282,3.807613973175129,2.534807893422607,2.823996274309688,2.973813461927894,3.0494618800474047,3.7336665984636705,2.7330294497391794,2.8965428535204816,3.3607462798060665,3.344922385898573,3.4238629953637183,3.7316385731112174,3.131134862281498,2.5405066626959316,2.2599296007394583,2.1814224888548526,3.878474136041548,2.2855317466580125,2.261520237556373,2.827192031590797,2.5609850587360117,2.318534901820193,2.129442484090823
345,2.9552680435973935,2.183885324245268,3.3736919747254017,2.595213954576341,3.1347043907472214,2.884103878855166,2.624438396475222,2.5691666210446362,3.811125550615487,2.5330433018740672,2.8228091066791636,2.97366703887545,3.049717079310634,3.739857499478373,2.7305313442474737,2.897999397455453,3.3594846102866094,3.3433594215546973,3.4236201405047066,3.7339199958169274,3.1313330067672913,2.541408673007249,2.258844179908589,2.1811006113212468,3.8803284597760075,2.2852093440586887,2.2596713059437437,2.82994732069258,2.562595187719351,2.318164007995625,2.1286892611367496
346,2.960500538500648,2.1822724571477923,3.374819462876485,2.5917956637455104,3.136188109842236,2.885561542645884,2.624259775830816,2.5661490001218104,3.81459453581605,2.531285889565898,2.8215808394837065,2.9735629895316853,3.049987905418811,3.7459961395515133,2.7280289703732996,2.899517245334942,3.3582028680793217,3.341704228459771,3.4234067890237525,3.7362220614298915,3.1315747012864596,2.542382415544573,2.2577750632999622,2.180788408365304,3.8820957154728166,2.2848915259884226,2.257829993945188,2.832693563888301,2.564238555118301,2.3177757739062823,2.12794937732435
347,2.9657296977526997,2.180691227461288,3.3760787608039933,2.5883606052821397,3.1376250724069354,2.886953739021322,2.6240573521749573,2.563161230441313,3.818042264998701,2.5295387275142187,2.8203154348427493,2.973511005701294,3.050279107312794,3.752087558063114,2.725522468358558,2.901093751273182,3.3568906680189587,3.3399466690033615,3.4232121277152205,3.7385376466651374,3.1318503457625626,2.5434217188010235,2.2567206081173676,2.1804849251123177,3.8837665089904236,2.284576036195966,2.2559946679393317,2.8354259009176808,2.5659139951901704,2.3173694476503313,2.12722253299932
348,2.970957548086859,2.179141349041356,3.3774807331552537,2.5849129758596137,3.1390291391116474,2.888290538129115,2.623837433564204,2.560210981661333,3.8214882499634424,2.5278043773377536,2.8190159321499912,2.973520456062471,3.0505957072793684,3.758137073213374,2.7230109215732696,2.9027256022780428,3.3555361872560296,3.338074928803575,3.4230234679452587,3.740858240266975,3.1321485353481036,2.5445195447637077,2.2556790747285556,2.180189187838429,3.8853310961114174,2.2842605152057045,2.2541636650575447,2.838139960426722,2.5676204152084554,2.3169444737292912,2.1265084710310447
349,2.976185851777429,2.1776224585908213,3.379034374504215,2.5814559574141964,3.14041038928799,2.889579807780398,2.623603951654939,2.557303838048388,3.82494666992792,2.5260839691725994,2.8176827697106255,2.973598707549832,3.0509419291234616,3.7641496174329694,2.7204924986669528,2.904409424191062,3.3541275313493664,3.3360772914432224,3.42282824514547,3.7431759707444883,3.1324583667786716,2.545669223555148,2.2546488449778592,2.1799003733637776,3.8867808993932353,2.283942838121451,2.252335559474762,2.8408326890639484,2.569357176974826,2.3165007512244586,2.125806997593215
350,2.981415617364504,2.176134067046197,3.380745912797777,2.5779912860011955,3.1417733567065036,2.8908258356505305,2.6233573574054025,2.5544423884873098,3.828424009903742,2.5243766079465284,2.8163126893551347,2.973749876956342,3.051320317056572,3.770129193527808,2.7179648092718987,2.9061424788914314,3.3526541906407803,3.3339439749157016,3.4226159905945277,3.7454855008451373,3.1327716592430406,2.546865651960606,2.2536286223820485,2.179617956841308,3.888109850814917,2.28362141127603,2.2505093797430713,2.843502950835746,2.571124389614678,2.3160388064248703,2.125117989085702
351,2.986646757080931,2.1746755351122946,3.3826183190044024,2.574519066764452,3.143116264318892,2.892028667904005,2.623094190914122,2.5516259488609734,3.8319182799005924,2.522679216931521,2.8148984370195027,2.9739742606566053,3.051731227489455,3.776078568150592,2.71542541567493,2.9079233336473416,3.3511083190384383,3.331668683161043,3.4223799076237142,3.7477854389623646,3.1330846733610898,2.54810623093201,2.2526175763692313,2.1793418098383235,3.889315300777204,2.283295369771407,2.248684734892676,2.8461517619059857,2.5729230516658057,2.3155598448054784,2.1244413845224828
352,2.991877945511108,2.173246076115705,3.384651310516371,2.571037864130965,3.144431393021426,2.8931842884097643,2.6228074125348577,2.5488509568522115,3.8354199296768754,2.52098683852435,2.8134293072464036,2.974268534943406,3.0521727794684934,3.781999246504719,2.7128723960386187,2.9097523734430046,3.3494855922889286,3.329249579374969,3.422117753260566,3.7500790074594734,3.1333990047639646,2.5493913579911385,2.2516154046204844,2.179072229909415,3.8903983240184954,2.2829646380445214,2.246861827627466,2.848782100887772,2.5747550064498466,2.315065669134306,2.1237771655744067
353,2.9971067046751214,2.171844784686945,3.3868418421202175,2.567545045647145,3.145706505636454,2.89428560404216,2.622487427269194,2.546111936892853,3.8389142294101806,2.519293316011485,2.8118923947329204,2.9746266512245594,3.0526412467824415,3.7878917053934034,2.7103048380062296,2.91163204175308,3.3477854589378815,3.326689483306234,3.4218318465502073,3.752373826687032,3.1337214681701027,2.5507243675511564,2.2506223025620002,2.1788098955013258,3.891363364665753,2.2826298413878408,2.2450413556337825,2.851398320426705,2.5766227091433165,2.3145584771151775,2.123125328314512
354,3.002329702340398,2.170470685439349,3.3891849880586333,2.5640373128371503,3.1469270643397937,2.8953240545252994,2.622123601043681,2.5434028266777013,3.8423846080359465,2.5175922109290014,2.8102742908073104,2.9750412441801117,3.0531318161562546,3.793755840501674,2.7077231696762816,2.913566765582557,3.3460107336015543,3.323995254633676,3.4215281991723976,3.7546808465092654,3.134062981237779,2.552110916707524,2.249638846130191,2.1785557542901133,3.8922172868688554,2.282292085537403,2.2432243234939424,2.8540052704916348,2.5785288425241033,2.314040575371909,2.122485851947433
355,3.0075431999420554,2.169122791663186,3.3916750379327203,2.56051131841717,3.1480788424242716,2.896291556268009,2.621705986572661,2.540718402823292,3.845816279694403,2.5158777780115162,2.808562898619791,2.975505293960766,3.0536395706966077,3.799591543504614,2.705129265845746,2.915562584767931,3.344166617921853,3.3211764897929186,3.4212149382946366,3.75701262822389,3.134436657732156,2.5535579250500513,2.2486658106602064,2.1783108660746713,3.892968012626775,2.2819526464998954,2.2414118041008453,2.856607303177946,2.580475848447211,2.313514062927326,2.121858669930582
356,3.012743547372889,2.1678001620287835,3.3943065871159703,2.5569642534140584,3.1491504554551306,2.8971824245364544,2.6212269445738263,2.538055539829574,3.8491994624702417,2.51414581732379,2.8067490302461424,2.976013738429347,3.054160505231866,3.8053992890260777,2.702526301739113,2.917626553340372,3.3422593419765807,3.3182437916403402,3.4209003278148966,3.759381315940508,3.1348554817927146,2.5550722686158394,2.2477039609055294,2.1780762302441703,3.89362300831469,2.2816126294992145,2.2396046965275027,2.8592073528041713,2.582465461887545,2.3129805450174294,2.1212436486526958
357,3.017927607919659,2.1665019439377287,3.3970754077570904,2.553394294028198,3.1501353359879944,2.897994909415588,2.620682363765079,2.535414074772076,3.852531588592486,2.51239424708132,2.804827485947313,2.9765647277955445,3.0546923578634084,3.811180594207451,2.699918364559777,2.919766009286514,3.3402946816563714,3.3152069486136124,3.4205907679050513,3.761796697360573,3.1353300185615147,2.556659479702903,2.246753852495447,2.1778526308515485,3.894187912539412,2.281272661910034,2.2378035266180927,2.8618062719055164,2.584498338321568,2.3124409347240076,2.120640577984764
358,3.0230930122053015,2.165227395333496,3.3999789359873605,2.5498008269196175,3.151032763701732,2.898732039496219,2.620072249947594,2.5327971218500096,3.855818091702286,2.510623289784176,2.8027974036667986,2.977160267869286,3.0552350707929143,3.816938231768427,2.6973098771539963,2.9219878251754614,3.338276624444868,3.312073374109053,3.420289154161714,3.7642647268325606,3.135866603806817,2.5583227048428503,2.245815682644824,2.1776405289316556,3.8946655740094105,2.2809326794931635,2.236008327637828,2.864402556422708,2.586573849993547,2.311895383987726,2.1200491760746587
359,3.0282381800449487,2.1639758815489456,3.403016290939228,2.546184418591378,3.151847739515768,2.899401596497298,2.619400569284605,2.5302107796897224,3.859071610856656,2.50883523589705,2.800661802880144,2.977806108473211,3.055790768859712,3.82267612782361,2.694704928133664,2.92429775309145,3.3362064242702476,3.3088471035334437,3.4199939067845078,3.7667867830320416,3.1364663551196137,2.560062123677913,2.2448892181271023,2.1774400225478865,3.8950556916301524,2.2805918483309737,2.2342186224395597,2.8669925181240243,2.588690092696384,2.311343358538209,2.1194691076829235
360,3.0333621004401143,2.1627468488821084,3.4061878332685405,2.5425465488213224,3.152589729908106,2.9000152240885337,2.618674379359778,2.5276632891845767,3.8623097485759237,2.5070338326617025,2.7984264098174374,2.9785108789226644,3.0563632442659965,3.8283989426238207,2.692106625812529,2.9266999590329443,3.334082207969031,3.305528533930024,3.419698849427606,3.76935978864057,3.1371251858702043,2.5618749428556997,2.2439738132961162,2.1772508818457865,3.8953551320992896,2.280248638771176,2.232433508340008,2.869570870826515,2.590844099517027,2.310783839280772,2.1189000119573063
361,3.0384639094882764,2.1615397809836803,3.4094943573044985,2.538889175649717,3.1532705484562267,2.900586860001719,2.6179024314834396,2.5251638091475486,3.865551816678776,2.5052234221027607,2.7960980027997966,2.97928462407712,3.056957038670501,3.8341114020785527,2.6895165941926655,2.929196809948678,3.331899189926128,3.3021149445708438,3.419393953571789,3.7719771580691104,3.137834812483856,2.563755969494517,2.2430685132749795,2.1770726516738126,3.895558865373614,2.27990103733857,2.230651825396291,2.8721316091174653,2.5930322142235465,2.310215604958735,2.118341533180273
362,3.0435423443853735,2.1603541471231185,3.412936077479338,2.535214228838712,3.1539018202826803,2.901130819876337,2.6170935387153156,2.52272105418689,3.8688152268916443,2.5034080030512564,2.7936826189370274,2.9801370234850695,3.057576302577931,3.8398175099081246,2.686934710637416,2.931788942692951,3.329650445400607,3.2986016908986455,3.4190668019237354,3.774630385694202,3.1385845584737657,2.5656986590415602,2.242172220892585,2.176904801062063,3.8956613343225097,2.2795468547551554,2.2288723727763653,2.8746689965386887,2.5952505464002362,2.309637535280432,2.1177933476622695
363,3.048595174034654,2.1591893526271972,3.4165116066791867,2.53152313581688,3.1544925492775375,2.9016599209341805,2.6162550471966357,2.520342063947214,3.872112262290622,2.5015904055697917,2.791183993091355,2.9810756528782583,3.0582236676555414,3.845519809070795,2.6843591483669043,2.93447561173482,3.327328105393952,3.294983845479746,3.4187044936053064,3.7773109660051984,3.139363607252003,2.5676964417919326,2.2412838938699586,2.1767468897410573,3.8956579887286464,2.2791840692323913,2.2270941299414657,2.877178460011321,2.597495418209662,2.3090488726694858,2.117255181497701
364,3.053618711213151,2.1580447011400374,3.4202171264426893,2.5278164716919345,3.155047272688236,2.902184010982056,2.6153917178132318,2.518031340920247,3.8754478724699597,2.4997717405044013,2.7886025511187587,2.982104646214268,3.058899370164647,3.8512188587806,2.6817867320155115,2.937255273974304,3.324924770227806,3.291257981407031,3.41829563451385,3.7800122733049664,3.1401632683951775,2.569744076359009,2.2404027334154217,2.1765987187124325,3.8955466830313656,2.278811137886098,2.225316440516761,2.879657211045518,2.599763717185083,2.308449391761174,2.1167268164001896
365,3.0586074978579876,2.156919375940039,3.4240459155247924,2.5240937983407843,3.155565163777994,2.902709180352759,2.6145052343882416,2.515790515488979,3.8788189014193524,2.49795122783284,2.7859351616158916,2.983224031884199,3.0596008079950874,3.8569130451397244,2.679213547734628,2.940126321295791,3.322434896964217,3.287423763915636,3.4178320397568163,3.7827310376634444,3.140978816739614,2.5718387673545746,2.2395283275471103,2.176460435111646,3.895328665993346,2.27842721620014,2.223539125882475,2.882104473406929,2.60205308700787,2.307839444410214,2.1162080833119155
366,3.0635542267261857,2.1558124438294226,3.427988337810895,2.5203537213807774,3.1560402598931514,2.9032378021050693,2.613594425389821,2.513618589465842,3.8822148531976546,2.49612642731986,2.7831756874744698,2.984429870558546,3.0603226191302824,3.8625987661702403,2.676635689779368,2.9430878284332724,3.3198559091253714,3.2834850449111697,3.417309827292376,3.785468134366067,3.1418105430201266,2.5739808224375587,2.2386607214804433,2.176332570508489,3.8950089712180445,2.2780322440385667,2.221762510172114,2.884521277036134,2.6043619168859284,2.307219871344754,2.1156988455543013
367,3.068449921945591,2.1547228808619687,3.432032304247984,2.5165941535936485,3.1564627847684017,2.9037693933541444,2.612656146096522,2.5115126965906605,3.885620003024476,2.494293813029031,2.780316212410259,2.985715159539562,3.061057269545774,3.8682709575898415,2.6740499969292775,2.946140173929752,3.3171888259639815,3.279450249606212,3.41672969970298,3.7882285385552374,3.1426638061228744,2.576173708473779,2.237800401993667,2.1762160050735786,3.8945961379751837,2.2776268838492526,2.219987356044543,2.8869098656495016,2.6066891302412714,2.3065917983643103,2.1151989751054634
368,3.0732843481386554,2.1536496148069295,3.4361641269833036,2.5128127323493175,3.156821314833736,2.9043021235357216,2.6116866331268342,2.5094692130651364,3.8890163991812416,2.4924495630422747,2.7773486730426704,2.9870713117740815,3.061796034420299,3.8739238523144714,2.671454630758043,2.9492854057651625,3.3144382940145274,3.2753319785179835,3.416096364564207,3.7910204526829916,3.1435480629948236,2.578423480693076,2.236948199231513,2.1761118641700645,3.894101318013598,2.277212324997432,2.2182147273220973,2.8892728410247646,2.609033815057959,2.3059563591428778,2.11470832687712
369,3.0780465765724716,2.1525915760413072,3.4403696051184705,2.509007307299911,3.1571053583676094,2.904834658484515,2.610683049611954,2.5074849859840738,3.8923871484465034,2.490590402398431,2.7742665628070187,2.98848992708912,3.0625302002423194,3.8795518313406,2.66884938583619,2.9525272743005653,3.311612025123213,3.271145907482154,3.415417216954555,3.7938537776905843,3.1444750560856067,2.580737684320233,2.236105125278188,2.1760213668950485,3.893536941296229,2.2767899944194667,2.2164458080104428,2.8916122199915177,2.6113947738871084,2.3053144024771073,2.1142267162617867
370,3.082725605230377,2.151547747235461,3.4446351351650804,2.505176399976615,3.157307818525516,2.9053679487676614,2.6096449008957823,2.505558429580055,3.8957193367965797,2.4887143359088677,2.7710663724219873,2.9899645150641074,3.0632522673707214,3.885150199888373,2.6662356718577205,2.9558709114485047,3.308719749889772,3.2669092001639264,3.4147005434055835,3.796738225374633,3.1454565074488214,2.58312393563329,2.2352721807462004,2.17594565540668,3.8929151973884406,2.27636123120266,2.214681714188633,2.893928596523263,2.613770089973313,2.304666245316881,2.1137539046173486
371,3.0873109108571497,2.1505172026145534,3.448948630575458,2.501319543193831,3.1574268286662956,2.9059065750856434,2.6085750247049133,2.5036902665131238,3.899006005806738,2.4868211291179025,2.7677484792332026,2.991491810145784,3.063956893446594,3.890715712595274,2.6636161587693223,2.959322184496738,3.305771872327993,3.262638725926143,3.4139535881989973,3.799681433557165,3.1465017572453613,2.5855884542370906,2.234450166573913,2.1758856373185886,3.8922466222956307,2.275926988591826,2.2129233354979667,2.896220578854757,2.616156803054017,2.3040115234372873,2.113289595435374
372,3.0917928283154286,2.149499130071204,3.4533000777491205,2.497437435795986,3.1574665810380727,2.906459357252918,2.607479950894153,2.5018837707651853,3.902246812631778,2.4849124476204953,2.764317311279818,2.9930723942654467,3.064641364516032,3.896246721113572,2.6609941413766895,2.9628868145879887,3.3027780648618306,3.258349410547032,3.413180847704964,3.8026874440297957,3.1476157991997336,2.5881348316820247,2.23363953702576,2.175841871081002,3.8915390633172233,2.2754876218541833,2.211171236132814,2.898484618950925,2.6185507667252814,2.303349170758428,2.112833441700916
373,3.0961626997638065,2.1484928331567232,3.4576816370339634,2.4935318898847547,3.157436983446723,2.907039093150872,2.6063695597424323,2.500144476642885,3.905447292219476,2.4829916389471434,2.7607807764485712,2.994710509065609,3.0653055082817824,3.9017429195732434,2.6583727494007587,2.9665694165058705,3.299746074976628,3.2540530355928157,3.41238292987853,3.8057558391069373,3.148798100264587,2.5907632815489663,2.2328403221077364,2.175814516360653,3.890797228292794,2.2750428056644587,2.2094256333190887,2.9007152794097486,2.62094672514094,2.302677531422186,2.112385062678224
374,3.100412778070818,2.147497714095783,3.462087285306355,2.4896055900492575,3.1573522231242643,2.9076614686269506,2.6052560993836216,2.4984794144361775,3.9086168947871593,2.4810632062485376,2.757149081883663,2.9964130796803383,3.0659510514800536,3.9072047341039964,2.655754156021673,2.9703726335816705,3.2966809726470325,3.2497577089212517,3.4115562026333253,3.8088816949049003,3.1500424257029978,2.5934705206133337,2.232052134067676,2.1758033587774515,3.8900229081245823,2.274591597909437,2.2076864551206525,2.9029058906299494,2.62333860315079,2.3019945830085335,2.111944066497397
375,3.1045359266762365,2.1465132428237714,3.4665120918761554,2.485661720767346,3.1572285325601808,2.908343341534584,2.604152748227147,2.496896026041096,3.911766219151481,2.4791320887910544,2.7534332029782016,2.998188148676385,3.06658055848397,3.9126324916603537,2.6531389474034497,2.9742965376957278,3.2935849883173405,3.245468102080056,3.4106933031326863,3.812056351616846,3.151337699950536,2.5962503081868693,2.231274255757167,2.1758079038349196,3.8892158256837854,2.274132637134614,2.2059534629406965,2.905049468619282,2.625719960387425,2.3012982262269386,2.1115100739137898
376,3.10852520182219,2.1455389195644403,3.4709512911193783,2.4817035409064636,3.157081604966497,2.909100724252511,2.6030719972699563,2.495400975706313,3.9149040212424575,2.4772029008211414,2.74964332960982,3.000043046229939,3.0671961848715132,3.91802555674579,2.6505257874176635,2.978338419722705,3.290457975846389,3.2411863965320733,3.409784408955832,3.8152688408057314,3.152669729529132,2.5990945392622615,2.230505791903589,2.1758275208670774,3.888374933524526,2.273664433310649,2.2042264112626113,2.9071397073478207,2.628084525303833,2.3005865825816905,2.1110827384139768
377,3.1123734253305932,2.1445742393653813,3.4753993513885733,2.477733989457447,3.1569241686540463,2.9099468435628406,2.6020241602383027,2.493999089106999,3.918034613026893,2.475279280666167,2.7457876052141756,3.001982672433015,3.0677985181512626,3.9233816316868784,2.647911452258256,2.982493021740151,3.2872984064301543,3.236913733914549,3.408819016731365,3.8185076792970163,3.1540234402968377,2.601994673654138,2.229745851499414,2.1758616075477457,3.8874998885955323,2.2731856925282314,2.202505210723986,2.9091718445973216,2.6304267076186063,2.299858240431508,2.1106617587438525
378,3.116072857248768,2.14361866625292,3.4798492369634673,2.473755395418692,3.15676419086144,2.9108906372188854,2.6010162900140275,2.4926926252632793,3.9211561744869297,2.4733634725835003,2.741871399430876,3.0040082428487738,3.0683857605403873,3.9286963814232587,2.645291233803266,2.9867531779016714,3.284104690764197,3.2326518624627516,3.407787872196747,3.8217626700831464,3.1553851790788743,2.6049432126728704,2.2289937235732378,2.175909741384533,3.886592397449203,2.272695610238058,2.2007900616904044,2.9111432315883756,2.6327419915921055,2.2991124016981894,2.1102468817702302
379,3.1196150591904868,2.1426716224821933,3.484292020476623,2.469769340787169,3.1566040527866797,2.9119359593901635,2.6000516943988696,2.4914810165438137,3.9242603013962234,2.4714562143410608,2.737897239378904,3.0061167543296046,3.0689534365243993,3.9339634724396864,2.642659632126033,2.991110749117907,3.2808765582779067,3.2284046325579627,3.4066846671038853,3.8250263560667666,3.1567446199064637,2.6079349211530376,2.228249010635038,2.1759717874067555,3.8856571550898367,2.272194075058237,2.199081532960905,2.913053503099581,2.635027136822651,2.29834890316336,2.109837895833716
380,3.1229910041089424,2.1417324951916643,3.4887169349620644,2.465776693936491,3.1564408439596034,2.91308162977053,2.59913012189584,2.4903611171288276,3.927332853065727,2.4695569425196786,2.7338653879839563,3.008301278609136,3.06949469227178,3.9391750212131216,2.6400111922313045,2.995557670875596,3.277616205303796,3.224179024341673,3.405507164538534,3.8282948458006567,3.158095894838283,2.610967537929915,2.2275116931276204,2.1760479400458523,3.8847021833560063,2.2716817431828176,2.197380571725385,2.9149043266556673,2.6372801518126647,2.297568112506438,2.1094346167494575
381,3.1261914417697394,2.1408006592214495,3.493111869244468,2.4617777973536197,3.1562677027201342,2.9143222992778535,2.598248555764636,2.48932790043085,3.93035590738081,2.4676642647351783,2.7297749233412905,3.010552016553677,3.0700011230166875,3.9443223546924386,2.6373413051845014,3.000086900473973,3.274328964450803,3.2199854840833795,3.4042575256086014,3.83156785383239,3.1594377204262853,2.614041814447999,2.226782112144447,2.176138690095346,3.8837384916467794,2.271159968196468,2.1956884440427995,2.9166987887428473,2.6395000502681625,2.296770724241962,2.109036869879987
382,3.1292074788756103,2.1398755115972987,3.4974642228260016,2.457772765111136,3.1560759232131854,2.915649949330488,2.5974024397141857,2.4883754615328098,3.933310425865704,2.4657765958072915,2.725625069917954,3.0128578861808335,3.0704639516531786,3.9493969178149335,2.634646800256202,3.0046930621789647,3.2710233410471474,3.2158374866606536,3.402941768122833,3.8348479503258535,3.160772486498357,2.6171608529812613,2.226060873869888,2.176244722271739,3.8827791128229663,2.2706305985914765,2.194006617924462,2.918440540908599,2.641686442486165,2.2959574997856107,2.1086444721189745
383,3.132031286170464,2.138956510869072,3.5017619631440384,2.453761826371873,3.155857395089885,2.9170557194361466,2.596587080538054,2.487498125138313,3.9361791048397174,2.4638928241892524,2.721416483794765,3.015208304539726,3.070875306371032,3.9543911317041394,2.631926199584242,3.009372643772153,3.267710387768571,3.2117503977564406,3.401568460460191,3.838139168374715,3.1621044782997636,2.62032885719256,2.225348694462914,2.1763667624183536,3.881837686774169,2.270095680638191,2.1923366115732907,2.9201328702068716,2.64383904604858,2.2951290055423073,2.108257217309564
384,3.134656813629422,2.1380432134758838,3.5059946874440198,2.4497456465474596,3.155606886137837,2.9185316989967163,2.595798949324043,2.486691447501931,3.9389488779969364,2.46201287936299,2.717152232623718,3.017594811557478,3.071229349269242,3.959299037526056,2.6291795902085577,3.0141237003114805,3.264402543078244,3.207739864530719,3.4001469241434368,3.841445266016832,3.163437608295529,2.623549545139219,2.2246462177295188,2.176505404712594,3.880926863725997,2.2695571246236863,2.1906798361167645,2.921777879568449,2.645957218840185,2.2942854025568744,2.1078748676426557
385,3.1370803891966976,2.1371353000526336,3.510154486263328,2.4457255631846055,3.155323705492118,2.9200723261434414,2.5950366278162442,2.4859529232638877,3.941612608413102,2.4601380941768336,2.7128382811168748,3.0200122088194092,3.0715230312436286,3.964116599408056,2.626408146246047,3.0189451187899516,3.261112160460472,3.203820056694754,3.39868531467863,3.844768004447876,3.164773126664402,2.6268245458764916,2.2239538428671337,2.1766609534199084,3.880056837805304,2.2690164002799245,2.1890374627179203,2.9233759395086287,2.64803961138205,2.2934263300724886,2.1074971525785835
386,3.1393010938193875,2.1362325866774494,3.514236443168759,2.4417036912760945,3.155012410816861,2.9216751154962597,2.594301218112819,2.4852822655095785,3.9441696673734743,2.4582712975847754,2.7084834003160707,3.022458987203174,3.071756324940042,3.968841614375406,2.623613409472987,3.0238355947720246,3.257850023410165,3.2000021128998277,3.3971889774924513,3.848105802271981,3.1661077918068767,2.630152111832804,2.22327159766553,2.1768333113475187,3.879234302323482,2.268474322112954,2.187410338600746,2.9249255200441144,2.6500840123169165,2.2925509060146276,2.1071237754454644
387,3.1413208468923255,2.135335019072979,3.518238676385561,2.4376828789937806,3.154682420333239,2.923340573538513,2.5935961409450594,2.4846812111039696,3.9466253139923833,2.4564166241399703,2.704098534628003,3.0249369624373506,3.0719318950728214,3.973473263160298,2.620796488501704,3.0287925419597665,3.2546241518428136,3.1962931104526184,3.3956594217558798,3.8514530500859876,3.167432895286521,2.6335264216589893,2.2225990835250657,2.1770219383849563,3.878462039705637,2.26793096777654,2.185798966206849,2.926423435453863,2.652087422842249,2.291657843904263,2.1067544264416638
388,3.143144189232523,2.134442651069851,3.5221619154712736,2.4336665243227213,3.154346610621472,2.925071323564367,2.59292636643056,2.4841528946471105,3.9489890113950197,2.454579077745559,2.6996957598730713,3.027450190934112,3.072054272491474,3.9780114068032693,2.617957350708596,3.0338111748227816,3.2514391459337584,3.1926957694403226,3.3940941254928187,3.854800233092174,3.1687343611468672,2.636937630321148,2.22193550361867,2.1772258895477266,3.877739230614269,2.2673857452668287,2.1842035464636256,2.927865447152281,2.654046347829578,2.290745661616058,2.106388799491633
389,3.1447778044447015,2.133555611520319,3.5260086937823836,2.429658290307974,3.154019181600654,2.9268706194089766,2.5922972298584037,2.483700917465926,3.951272011696435,2.4527639334332614,2.695287040929392,3.030003383445039,3.0721286963611574,3.982455784228251,2.6150943595323617,3.03888397331107,3.248296202902253,3.189208951940908,3.3924872146137703,3.858134849303686,3.1699939262247763,2.6403726757209385,2.221279768455237,2.1774439261218133,3.8770624192043712,2.266837594066994,2.1826240741769496,2.929247094889555,2.655957244342389,2.2898129380660013,2.106026609557096
390,3.146229865850367,2.1326740658302814,3.5297823096889256,2.425661775520163,3.1537132113040145,2.928740547264785,2.5917130636978816,2.4833282966180934,3.953484681078803,2.4509760922115005,2.690883032752168,3.0326001406561702,3.0721598589544254,3.986805285601217,2.6122041578673043,3.044000663902608,3.2451938033822016,3.185828853997762,3.3908308809839927,3.8614429556454537,3.1711911949683316,2.6438167021290053,2.2206306574914043,2.1776746789634776,3.8764269364821753,2.266285278062319,2.181060463641316,2.9305645809886594,2.6578170333666367,2.2888585641228105,2.1056676069400675
391,3.1475093291259006,2.1317981790771263,3.533485754594772,2.4216802033142377,3.1534383827227797,2.930680278414495,2.591175913658245,2.4830365025547274,3.955634090982241,2.4492195124755476,2.686492154445759,3.0352413775140934,3.072150813959971,3.9910574608066987,2.6092819263407643,3.049148747928067,3.2421289258316848,3.1825506464004762,3.3891172550987156,3.864711050174971,3.1723061865148128,2.6472548363482047,2.219987004338392,2.177916832518802,3.875828490115557,2.265727709676178,2.1795126775201674,2.9318155250762272,2.659623566386118,2.287881936326855,2.1053115859185327
392,3.148625304630711,2.1309280872098424,3.5371208157198235,2.417716188150335,3.1531993371696245,2.9326847351662186,2.5906845968477485,2.4828247793888982,3.957722354219099,2.4474968253803935,2.682120105866378,3.0379242685980508,3.0721022808699625,3.9952083719660867,2.606321966002186,3.0543144940484663,3.2390985367503204,3.179370227954473,3.387340354977188,3.867927927960404,3.173321884904902,2.650673974285149,2.2193478684822856,2.1781692935904813,3.8752645947508095,2.265164238504042,2.177980832457359,2.932999435912705,2.66137594763134,2.2868830554058697,2.1049583864565062
393,3.149586632250565,2.130063881164361,3.5406875323549976,2.4137716216036456,3.1529949983470056,2.9347439674165776,2.590234304266489,2.482689890995495,3.9597460396944344,2.4458092051915887,2.677769904464245,3.040641940757787,3.0720124965356694,3.999252822265371,2.6033184837963725,3.0594842075893447,3.2361010429237984,3.1762857296642943,3.385497711977536,3.8710861455629484,3.1742262881229983,2.654064219889582,2.2187126590309023,2.1784313111599,3.8747355472873872,2.2645948445620006,2.176465260289268,2.9341178037294933,2.663074642207793,2.2858625122398326,2.104607889247868
394,3.1504017423401205,2.1292056061221043,3.5441841179261577,2.4098476975856693,3.1528190316352793,2.9368434128956413,2.589816852744099,2.4826263564811617,3.961696785982487,2.444156516167048,2.6734424160764894,3.0433839852531825,3.0718776482662142,4.003184908771945,2.600266413133118,3.064645518921898,3.233137394209728,3.1732984561738933,3.383591332244777,3.874182797527852,3.175013536864331,2.6574196739575413,2.218081185406689,2.178702522466534,3.874244740697435,2.2640201949088774,2.1749665130339824,2.9351737899610075,2.6647213432017285,2.284821366891104,2.104260005579776
395,3.15107882308555,2.128353275038436,3.54760736665473,2.405945069258726,3.1526613788495093,2.93896504459942,2.5894215657414765,2.482627142378652,3.9635629970470028,2.4425377035782825,2.6691372567847513,3.0461376935887197,3.0716927990115908,4.006998776272919,2.5971620939783335,3.0697884170774925,3.230211594842382,3.170413064428063,3.381627781646749,3.877219437939393,3.1756838794780538,2.6607383933811195,2.217453624578358,2.1789829147562974,3.8737982422859303,2.2634415498058313,2.1734853114112207,2.936171569933128,2.6663186192390023,2.2837609471196303,2.10391466427165
396,3.1516262407498736,2.1275068925869336,3.5509534608703857,2.4020641037453503,3.1525105807374283,2.9410892235337407,2.5890366316548046,2.4826846844627175,3.9653322876010693,2.4409513480129053,2.664853872083794,3.048889773081422,3.0714531116400137,4.010689408846499,2.594003669956707,3.0749058016277404,3.22733050535967,3.1676369370631208,3.379617359516005,3.8802011497971347,3.176242465506874,2.6640215121417907,2.2168304117163675,2.179272709231912,3.8734037138662845,2.262860535840219,2.1720224483398516,2.937115455134564,2.6678694092215847,2.282682608075713,2.1035717982927493
397,3.152053094678784,2.1266664834747906,3.5542190058754826,2.3982051804200246,3.1523564198651255,2.9431969152656157,2.588650682481985,2.482792040110206,3.9669941886577487,2.4393962691053357,2.6605925686937018,3.051628197872145,3.071155116175707,4.014253292449882,2.5907911250346336,3.0799934270565767,3.2245029694360454,3.164978877170735,3.3775725170443023,3.883134943645034,3.176697210018808,2.66727169874986,2.216212077580436,2.1795721904474106,3.873068892554546,2.262278832243193,2.1705786682454113,2.9380089711624584,2.6693764644295843,2.281587502242954,2.1032313336523023
398,3.1523697524378878,2.1258321182110413,3.5574020651052596,2.3943689691566004,3.1521923327187147,2.945271836099962,2.588254281509595,2.482943939638595,3.9685425568799397,2.437872054339845,2.6563552891667044,3.0543438185039826,3.070797753324386,4.017688813682694,2.587525963178547,3.085049247770338,3.221738447453081,3.162447396825773,3.375505839498626,3.886027816340972,3.177056179389873,2.6704912786339436,2.2155990678393827,2.179881517012119,3.8727999516831275,2.2616978365568032,2.1691545480060843,2.9388540831350585,2.6708418525226563,2.2804764068047936,2.1028931827842148
399,3.1525882119841397,2.125003930058513,3.5605029627867912,2.3905566290343554,3.1520170769547438,2.9473020949836277,2.5878410199132413,2.4831375200854273,3.969977175610589,2.4363794027505197,2.6521459758026382,3.0570313982308615,3.0703829736445734,4.020996319751327,2.584210612881435,3.0900723097943037,3.2190454507509108,3.1600489640362843,3.3734280116032407,3.8888848841070995,3.1773250660553414,2.6736804362312467,2.2149915839964565,2.1802005548929206,3.872600097884718,2.2611183820325285,2.167750404861706,2.939650736288689,2.6722666290468147,2.279349644337624,2.1025572438655926
400,3.152722175270891,2.124182118895004,3.563524666277006,2.386769885198243,3.1518352913592906,2.9492809929419996,2.5874079970062143,2.483372585144871,3.9713041911550655,2.4349202099871787,2.6479704566349778,3.0596898622915387,3.0699157666341255,4.024177839654765,2.580847697884135,3.0950614452473952,3.2164301223340344,3.1577865907991693,3.37134619857251,3.8917079974885187,3.1775053139531106,2.6768359074843415,2.2143894813729426,2.180528771181536,3.8724687210479756,2.2605405697172665,2.1663662507462718,2.940396818490454,2.673650750251455,2.278207113748279,2.1022234063431378
401,3.152786779835081,2.1233669405666085,3.56647264607061,2.3830109681530653,3.1516568172726807,2.951206812326936,2.5869555821709307,2.48365132926632,3.972535266109718,2.433497374251648,2.643835885881983,3.0623217147397037,3.069403616829903,4.027236539331082,2.5774393425155777,3.10001407826504,3.213895285857153,3.1556590806236104,3.3692631946663725,3.8944951479484904,3.177593325124099,2.6799504774366447,2.2137922474256975,2.180865214276714,3.8724013029040405,2.259963754578309,2.1650018025677493,2.941088565158193,2.674993251818069,2.27704842523752,2.101891561586304
402,3.1527980070728727,2.1225586834088643,3.5693542202414457,2.379282429652182,3.1514949092833713,2.953081636498987,2.586486503923915,2.48397757419583,3.973685600392403,2.432114361755067,2.6397498640150823,3.064931757975473,3.0688555059113583,4.0301760368940975,2.573986668294276,3.104925428748615,3.2114401849449123,3.153661116006389,3.3671775301632927,3.8972408067914217,3.177580947015189,2.6830134287188976,2.213199066144119,2.181208588351092,3.872390128722306,2.25938669201952,2.1636565460815604,2.9417213336628802,2.67629266154312,2.2758731107704455,2.1015616163781896
403,3.1527718546284818,2.121757636323478,3.572177500176723,2.375586875613124,3.151363695789011,2.954909443245282,2.5860044537175484,2.4843556700718086,3.974771211890381,2.4307746221715023,2.6357194274408973,3.0675254000233894,3.0682806736512602,4.032999727339714,2.570489590857046,3.109788307052405,3.209060979603379,3.151784182779478,3.365084519344636,3.8999371329401655,3.1774571578293163,2.6860118798953256,2.212608955268318,2.1815574095352037,3.872425669942442,2.258807815975154,2.1623298397392205,2.9422905941911215,2.677547562763963,2.2746808652431105,2.101233506251858
404,3.152723414011438,2.1209640545962523,3.5749501429760024,2.371926673246613,3.151275410785658,2.956693871350174,2.5855124988274554,2.4847892878323847,3.9758060315824566,2.4294809763965075,2.6317501196892,3.0701069183798353,3.0676873969253444,4.035710256607519,2.566946954918218,3.114593552529538,3.2067518915159665,3.1500181397019587,3.362978022032527,3.9025757908532053,3.1772105953648335,2.688932752056584,2.2120209468515184,2.181910212893693,3.8724983544448923,2.2582255905468807,2.1610210366719325,2.9427929350320845,2.678757190927496,2.27347176699506,2.100907205711237
405,3.1526660247303204,2.120178130244368,3.5776781663359913,2.368303694433408,3.1512379809437556,2.958436141760396,2.5850116489451658,2.4852803595503494,3.976799422022874,2.4282351052942115,2.6278453344901305,3.0726780559527356,3.067082041262473,4.03830924927367,2.5633569681522963,3.1193310210468894,3.2045067425175806,3.1483530956249086,3.3608525302258174,3.9051499793034306,3.17683237624879,2.6917649517284326,2.2114342719223608,2.1822657671810193,3.8726003512564238,2.257638860511496,2.1597295995254546,2.943226874353609,2.679921936579082,2.2722464310952133,2.100582733137605
406,3.152610673027866,2.1193999729021433,3.580365079511836,2.364719149579896,3.1512534991519727,2.9601336008774126,2.5844998996440185,2.4858283991861003,3.977754655057665,2.4270372484447016,2.624006063339445,3.0752372545130338,3.066468583929459,4.040797339583967,2.5597178295782648,3.1239909039194576,3.202320543821778,3.1467811865440902,3.358705116243868,3.907656218985996,3.176318575465663,2.6945012938568773,2.2108485088483425,2.1826232513241477,3.87272698787443,2.2570471255857543,2.1584551848067384,2.9435933086274817,2.6810436458871063,2.271006063322052,2.10026014941423
407,3.152565761808158,2.118629605153815,3.5830115246995913,2.3611735471878204,3.151317947721944,2.9617792386320985,2.5839719829137615,2.486430361452757,3.978668693586933,2.4258861802840967,2.6202310988380453,3.0777796996807156,3.0658487108768497,4.04317449264631,2.5560284076735305,3.128565087692102,3.2001907843189983,3.1452978645858805,3.3565368047255015,3.9100954940764545,3.175671799495374,2.697139728756785,2.210263662651297,2.1829823534833674,3.8728774929192076,2.2564506790884944,2.157197680184978,2.943895501776795,2.682125650650135,2.2697524035893504,2.0999395506480036
408,3.152537301819107,2.1178669731701416,3.585615516448475,2.3576667875021773,3.151422273989846,2.963362331158474,2.583419905748226,2.4870810843654314,3.9795333481459263,2.4247794738397337,2.6165176522864266,3.0802981812421564,3.0652224682617075,4.045440541910358,2.5522888152956043,3.133048252679481,3.198118133055362,3.1439024145969823,3.3543530511028754,3.9124734784261372,3.174901475972833,2.6996835762706564,2.2096801572727216,2.183343269140871,3.8730548976994803,2.2558505800643136,2.1559571882950563,2.9441386136486454,2.6831725156311736,2.2684875703236638,2.0996210564916917
409,3.152529477973368,2.1171119701380334,3.5881732342292265,2.3541983690038153,3.1515546173402926,2.9648701042879595,2.5828341817859894,2.4877742337457533,3.9803375778201566,2.423713999548002,2.612862255180712,3.0827845930990287,3.0645893249354623,4.047595821359652,2.548500753012985,3.1374384588615305,3.196106396526781,3.1425975778298447,3.352163197822606,3.9147997717941654,3.1740227574972053,2.7021406818360596,2.2090987415417693,2.183706595920011,3.8732651086450574,2.2552484632989294,2.154733961933026,2.9443288629243396,2.684189550988776,2.26721383756106,2.099304796312632
410,3.152545454509215,2.11636446710836,3.590680196132939,2.3507676610299795,3.1517032112044117,2.966290068255983,2.5822054978730256,2.4885035527878676,3.9810704424652044,2.4226865526180457,2.6092617496669464,3.08523174683451,3.0639494036426713,4.049641746987767,2.544667544232747,3.1417370731094816,3.194161730859249,3.141388353516236,3.3499789999181226,3.9170862868236025,3.173054240209873,2.7045216482673355,2.2085203284932557,2.1840731454564652,3.873515342653911,2.254646226889515,2.15352830580709,2.944472499294061,2.68518218941894,2.2659333905046513,2.09899089578934
411,3.152588225450226,2.1156243442807936,3.5931325518206623,2.347374181093642,3.151859310678417,2.9676125009994054,2.5815264478664672,2.4892641437653587,3.981724052062079,2.4216944713645607,2.6057141512444066,3.087635091307331,3.063304593635521,4.051581210587033,2.5407938542521036,3.145948035790491,3.1922912737958935,3.1402802316838425,3.347812521417416,3.9193451206147643,3.1720149663873993,2.7068375109363667,2.2079458027018286,2.184443711786119,3.87381226203427,2.2540456647833556,2.152340467077067,2.9445748060531196,2.6861553601895247,2.26464811019357,2.098679466454978
412,3.1526613093527187,2.1148915158082304,3.595528203207557,2.3440178154400364,3.1520194765666685,2.96883250676429,2.580792940105504,2.490053492161726,3.9822958435771922,2.420736109360536,2.6022191953998046,3.089993942967058,3.062659281348237,4.053418690638349,2.5368851566304276,3.1500766201896715,3.190501499348541,3.139277247163972,3.345673859091809,3.921586372697244,3.1709213549454036,2.7090973623297816,2.2073758379868536,2.1848188468783696,3.8741602220293476,2.2534481255724246,2.1511705392068476,2.944639354980018,2.6871129972819605,2.263359432371653,2.0983706002119074
413,3.152769129756244,2.1141659428722606,3.597867499135142,2.3406989357359596,3.1521866873877453,2.969951164365139,2.580004952228861,2.490871993199521,3.9827896566835204,2.419811056089201,2.5987784510934,3.092311936803906,3.0620205228791173,4.055160050190661,2.532947067418821,3.1541279667705693,3.1887966748725654,3.1383803012418277,3.343569209927954,3.923816399122196,3.1697847392969827,2.711306458626204,2.2068107661232235,2.1851986940359933,3.874560030157843,2.252854274812732,2.15001840053046,2.9446676858810164,2.6880577931270193,2.2620683100645946,2.098064369878518
414,3.1529170003103193,2.113447632574535,3.6001533457348645,2.3374183894369738,3.1523700151430196,2.9709754826469568,2.5791664523333147,2.4917228480334055,3.9832153467470928,2.4189200565713755,2.595394980460275,3.094596579890612,3.0613976077889573,4.056812062022599,2.5289846961631617,3.158105737226094,3.187177789426148,3.137586152021803,3.341499739416343,3.9260369060783376,3.1686100715950047,2.7134652447126824,2.206250526089436,2.1855829182367454,3.8750085097216513,2.252264016025981,2.148883700965263,2.944659490587696,2.6889912565543854,2.2607752865460684,2.097760835489731
415,3.153110724645998,2.1127366234058904,3.602390704697948,2.334177370082357,3.1525829223097155,2.971917148000758,2.578284493476304,2.4926113378244237,3.98358700295498,2.4180646478381043,2.59207262401552,3.0968579878163704,3.0608010967684787,4.058381759190604,2.525002154975604,3.162011207936011,3.1856422178461257,3.136887329456523,3.3394615344206184,3.9282451009430197,3.167396096809832,2.715569533415694,2.2056947052585447,2.185970751332349,3.8754989801895436,2.251676589742086,2.1477658992863327,2.944613265395108,2.6899140645532356,2.25948066027102,2.097460054657578
416,3.15335590577138,2.112032960989639,3.604585588445979,2.3309772000355844,3.152840543972362,2.972790318194619,2.577367674723054,2.4935436257243997,3.9839201552211057,2.41724659407516,2.588815072614703,3.0991070656864004,3.060241528746368,4.059875743283943,2.521002326413399,3.1658430146259366,3.184184210204106,3.1362730174227726,3.3374466752579854,3.930434876516003,3.1661369658967415,2.717611814146549,2.205142662983637,2.1863611440446036,3.8760225559723023,2.2510908287840183,2.1466643419140143,2.944527285300256,2.690826628511611,2.2581847020640646,2.097162094242005
417,3.153657123875604,2.111336669878957,3.6067437756175864,2.3278190766666564,3.1531565484739277,2.973608932296104,2.5764243052382425,2.4945253468917725,3.984228587229497,2.4164672481751626,2.585624933916078,3.101353521622568,3.0597280661353463,4.061299589799342,2.5169869290724414,3.1695976015644107,3.182796097542999,3.1357307163439767,3.335445198157417,3.932598763493621,3.1648249228916026,2.7195834048584975,2.2045937081506217,2.1867529918772766,3.8765699734069003,2.250505511466771,2.1455783649547313,2.9444006757166905,2.6917297436774827,2.256887872734466,2.0968670402453435
418,3.1540171752680166,2.1106477280422142,3.6088695382736375,2.324703840164794,3.153540277951774,2.974384125687827,2.5754606788038337,2.4955603005243328,3.9845214749622078,2.4157269849677725,2.58250300252032,3.1036041446961593,3.0592673667094186,4.062657470773814,2.5129568522468047,3.1732702629524265,3.1814699348074975,3.135248313683188,3.333447507185293,3.9347302048306423,3.163453446017709,2.7214769589743115,2.2040472898106884,2.1871453841494297,3.877133529625722,2.2499197312170005,2.144507396304677,2.9442343311115935,2.692625168286609,2.255590989305608,2.0965750033312633
419,3.1544365610555256,2.1099660501124955,3.6109646773750343,2.3216318156870486,3.153994830128245,2.975122334660644,2.574479849251377,2.4966495431260154,3.9848015143115574,2.415024836965302,2.5794478996129984,3.105861730056502,3.0588629307686697,4.063952072312208,2.5089126726944135,3.1768565304541827,3.1801992022062135,3.134816091555212,3.3314466852770357,3.9368256264321535,3.1620201091088855,2.7232887434560458,2.203503156772287,2.1875378185935177,3.8777086856533645,2.249333196602457,2.1434510349228786,2.944031460580166,2.693515991498501,2.2542953000336516,2.0962861184971318
420,3.154913367125348,2.1092914835519925,3.613028100210434,2.31860276529924,3.1545165508197535,2.975824537690311,2.5734811923626744,2.4977910997364576,3.985064491961273,2.4143584200325465,2.5764561685628595,3.108124899524178,3.0585150766046074,4.065184824998729,2.504855229119151,3.1803535851735454,3.178980176695938,3.1344282123540426,3.3294401719943743,3.9388858199414507,3.1605284849042627,2.725020141105653,2.2029614487920286,2.187930330214338,3.878294956648041,2.2487463908335035,2.142409089715116,2.9437976207525356,2.694406694524334,2.2530024493894,2.0960005388449905
421,3.1554435903408233,2.108623818922462,3.6150560523888933,2.3156159595979506,3.155096091496511,2.976486828305795,2.5724608640447935,2.498980374287177,3.985300430123716,2.4137241722617806,2.5735228123892293,3.1103888709940426,3.058221561580985,4.066356398106048,2.5007861202093093,3.183761366135153,3.1778126625414918,3.1340833395564234,3.327430415666481,3.940916305823837,3.1589886245791536,2.7266779962520937,2.2024226973635495,2.1883235014270106,3.878895869724547,2.248160551198226,2.141381569658304,2.943540209942975,2.695302877664105,2.2517143393533114,2.095718424737612
422,3.1560218567351703,2.1079628121104608,3.617042963829527,2.312670350817653,3.1557208144488094,2.9771021991353903,2.5714130542361406,2.5002111792584545,3.9854960687272487,2.413117857394593,2.570642157238786,3.1126470130297523,3.0579787171515234,4.067467346872285,2.4967080111272124,3.1870831092916223,3.1766999128418023,3.13378424386791,3.3254243375654147,3.9429265748346727,3.157415970781298,2.7282736842749893,2.2018877347508687,2.1887183471646297,3.879517980637005,2.247577469847361,2.140368627855982,2.943267520424939,2.696210702576495,2.2504329171193325,2.095439930620513
423,3.156642375780356,2.107308213482751,3.6189827204158123,2.3097648055674243,3.1563779928705236,2.977663116503546,2.57033174140139,2.501477155000624,3.985638124647808,2.4125352206425523,2.567808846459771,3.1148928297468528,3.0577828383612218,4.0685187605545305,2.492624676973862,3.19032517043022,3.1756477516301356,3.1335364723591255,3.323431715513446,3.9449283634150305,3.1558289227138907,2.7298210833950938,2.2013575312322415,2.1891160977991144,3.880169158685875,2.2469991588106923,2.13937047269424,2.942987551000984,2.6971361666575064,2.2491599363850066,2.095165192281051
424,3.157299912565219,2.106659797326607,3.6208700689912767,2.30689834209709,3.1570580463122213,2.9781642618241024,2.569212525113985,2.5027732478796825,3.9857165676181365,2.411972645889749,2.565018734238562,3.1171219047072984,3.057631497185215,4.069512751013642,2.4885407712302223,3.193496142755569,3.1746630844143566,3.1333463727429436,3.321462846124179,3.946933347148648,3.154245591197198,2.7313338922363277,2.200832997583187,2.1895179275681866,3.8808565250869322,2.246427454620896,2.1383872667499784,2.942706844368388,2.698084368990321,2.2478967460087937,2.0948943172406542
425,3.1579905566169244,2.106017384982737,3.622701830064493,2.304070317260686,3.157757032401076,2.9786047674750926,2.5680540901319615,2.504096891924394,3.9857271319432446,2.411427660074315,2.562269468195727,3.119333327895133,3.057524459065726,4.070452654236614,2.4844613703938414,3.196605446292907,3.1737521290003716,3.133218920999024,3.3195260232911226,3.9489507833564548,3.1526804861516844,2.7328229050515755,2.2003147985513807,2.189924690658388,3.881584521484271,2.2458636536609475,2.1374190368231414,2.94242961612796,2.6990589342127773,2.2466441542902245,2.0946273803479802
426,3.158712120570261,2.105380856719939,3.6244776373276615,2.3012805215547254,3.15847778955763,2.978989394213981,2.5668589425344237,2.50544860089705,3.985672454753337,2.410899165127351,2.5595606238656465,3.121530245994239,3.057463975382544,4.071342885444889,2.4803913989218582,3.1996617030553254,3.1729187748548227,3.1331558606644974,3.31762543139858,3.950985660954479,3.1511419171101545,2.7342938853162138,2.199803221225284,2.1903367272969696,3.8823535672066574,2.2453082641030924,2.136465615763944,2.9421573810543014,2.700061728761697,2.245402400345453,2.0943644255415896
427,3.159464093774644,2.1047501501197243,3.6262000330322866,2.2985291630466844,3.1592294458667176,2.979328351148453,2.565633234044071,2.5068318141900057,3.985561556575907,2.4103873423478164,2.556893362650923,3.123719387302274,3.0574543776166285,4.072188474667084,2.4763350678634257,3.202671278883602,3.172163462933911,3.1331546047192207,3.3157599723562345,3.953037809706732,3.149630741692248,2.7357465558831167,2.199298129949311,2.190753787543048,3.8831596354275897,2.2447609345250457,2.1355266292587665,2.9418891694201617,2.701092938938217,2.24417123941611,2.094105473354397
428,3.1602471780903323,2.104125245828595,3.6278738962358084,2.2958167470986957,3.160025394574664,2.979635781650982,2.5643857090158892,2.5082520179645336,3.985407777101343,2.4098932526565195,2.554269700850339,3.12590966448394,3.057501070451647,4.0729943899672225,2.4722954577440954,3.205637343619691,3.171482863141674,3.1332081803527307,3.313923334963016,3.955102200722723,3.148140792273823,2.737174973395958,2.1987990194122546,2.191175093856774,3.8839948657097287,2.244220578348387,2.1346015301678554,2.941622287383639,2.702151496060742,2.242950122004998,2.0938505323293213
429,3.161062523063686,2.1035061443170253,3.6295053338033405,2.2931438825334776,3.1608801962753867,2.979927252591825,2.5631260162691794,2.509715338630467,3.985225649531384,2.409418229147026,2.5516915710831416,3.1281101857508564,3.0576091672214476,4.073764808856385,2.4682743412524757,3.2085596780138737,3.170870436074211,3.1333062487165355,3.3121053182991167,3.9571703851542273,3.1466609139772554,2.738569231020908,2.1983051542971084,2.191599530881719,3.884849082660651,2.2436856665678935,2.1336896718580944,2.9413534441090645,2.7032357504810856,2.241738424089685,2.0935996114865425
430,3.1619108415998864,2.102892839226889,3.6311002895704187,2.290511061140653,3.161806123941262,2.980216821780721,2.5618627781638645,2.511226936523552,3.985027453958656,2.408963207895128,2.5491599060568775,3.1303281516916774,3.0577820983614696,4.074502512918217,2.464272283091236,3.211435271852723,3.1703177481516356,3.133436967517571,3.3102941110069066,3.9592327385181667,3.1451781531235294,2.7399181119098985,2.197815762956848,2.192025919867868,3.885711868488632,2.2431546202013477,2.1327904028929003,2.9410799770999176,2.7043442343675963,2.240535673255213,2.093352730678727
431,3.1627916165100878,2.102285293628793,3.6326631980439448,2.287918462814976,3.16281016559257,2.9805143700995154,2.560601870477921,2.512789582734009,3.984820276873273,2.40852815800451,2.5466739682345354,3.132567148198366,3.058020534649415,4.075208555000435,2.460288988314613,3.214259565095663,3.1698162239392396,3.1335892536263303,3.3084789867042215,3.961280975798588,3.1436813448419074,2.74121207466605,2.1973302391471834,2.1924533134400046,3.886574697476577,2.2426262088573745,2.1319031605886773,2.940800879604232,2.7054763290245187,2.239341716782614,2.0931099262405635
432,3.163702595064856,2.101683424855567,3.6341960067865817,2.2853658320456116,3.1638922144187163,2.9808238428861604,2.559345325063339,2.51440276812281,3.9846042992908117,2.408111749867853,2.544231091200591,3.1348262610848803,3.0583219012209852,4.075882289338596,2.4563238132026206,3.2170280325359295,3.169358915299417,3.133754901315052,3.3066527666330803,3.96331033048013,3.142164238595116,2.7424458542869696,2.196848303375616,2.1928812396881074,3.887432618950385,2.2420998592958554,2.131027541452172,2.940517377902091,2.706632672775126,2.238156792218847,2.092871250620999
433,3.1646397080096227,2.1010871015732517,3.6356978111587455,2.2828524542607527,3.1650449143876163,2.981142848432265,2.558091128205599,2.5160625759457584,3.9843727573383148,2.4077113465349105,2.541826902768955,3.137100253845598,3.0586806280802663,4.076521774466548,2.452376317263157,3.2197377353955066,3.168941866836711,3.1339300439914495,3.30481345166976,3.965320867480136,3.1406274015400677,2.743620037628671,2.196370084708425,2.193309835018163,3.888285078555975,2.2415757987052487,2.130163332209917,2.9402329121668633,2.7078152056220155,2.236981484909043,2.0926367662638654
434,3.165597447521956,2.1004961537749556,3.6371652003250077,2.2803772364131656,3.1662552383046316,2.9814637431113606,2.556833977087863,2.5177623714198925,3.984113622286375,2.4073233275174033,2.5394559854020375,3.1393808022572474,3.0590891114384107,4.077124471388056,2.448446728010119,3.2223884711739323,3.1685647546243656,3.1341156024093957,3.3029646219860527,3.967317605534757,3.1390784275345007,2.7447412082873393,2.195896102771149,2.1937398308133758,3.889135671172172,2.241054996727344,2.129310494644662,2.939952517550582,2.7090268329865825,2.2358165843631435,2.0924065354035832
435,3.1665696187239627,2.099910393151978,3.638593237913068,2.2779388708453467,3.1675074429309134,2.981775962971261,2.5555668209360634,2.5194941614726756,3.9838126208008786,2.406943672902688,2.537112820113697,3.1416585176411465,3.0595391813339066,4.077688082357419,2.444536211742773,3.2249832394249154,3.1682306424254714,3.134316600237187,3.3011144939038957,3.9693094080922164,3.1375303832263235,2.745820597072637,2.195427153643319,2.194172393819943,3.889990874358393,2.2405389186438813,2.1284691084963603,2.9396817481216355,2.7102707827372163,2.2346628756299207,2.0921806083415526
436,3.167550278443888,2.0993296387008593,3.639976840176842,2.2755360413158696,3.168786684102442,2.9820690357870854,2.554282811368795,2.521250303697728,3.983456866116792,2.406568667682758,2.534792782698057,3.1439252768006543,3.0600237285207346,4.078211328516477,2.440646888626435,3.2275278906016407,3.1679449002599984,3.1345404938273136,3.299273842323846,3.97130689768568,3.13599884676803,2.7468715394232515,2.1949641266644724,2.1946088559993147,3.890858059005436,2.2400291481165673,2.127639286646348,2.9394254000147404,2.711549805826483,2.2335209174727515,2.091959013039018
437,3.168534624554679,2.0987537411818877,3.641312212932696,2.273167620520568,3.170082391088335,2.9823355223603842,2.5529771762696174,2.5230251426561665,3.983038194361959,2.406195551180179,2.5324929404934204,3.146176274519614,3.0605380838102887,4.078694466722338,2.4367815902672394,3.2300300140259712,3.167713526677021,3.134794901465467,3.2974532742975935,3.9733198899886815,3.1344982426706713,2.7479063416700624,2.1945077963113415,2.1950503977768614,3.8917432559131924,2.2395269707500343,2.1268210834300603,2.9391863462691408,2.712865414250875,2.232390862861242,2.0917417485663177
438,3.1695196162912174,2.098182600464041,3.642597992172823,2.2708328116939462,3.1713905477412414,2.9825731449431716,2.551648545967267,2.5248161556827267,3.9825553542798726,2.4058229460259355,2.5302124437002815,3.1484112641541486,3.061080791064413,4.079139403104,2.432943419805773,3.2324973121298513,3.1675412667038017,3.1350852731040018,3.2956605105501815,3.9753549729464703,3.1330383652502283,2.748933320183952,2.1940586400541378,2.1954977620091674,3.8926492281764764,2.239033021225239,2.1260144185409073,2.9389647771019214,2.7142173475888063,2.231272367668753,2.0915287841210857
439,3.1705041802244827,2.0976161716760826,3.643835805406007,2.2685312017908292,3.1727143000277573,2.982785564869058,2.550299398993137,2.526624304835463,3.982014478717571,2.4054509549875065,2.527952408410116,3.150634651081207,3.0616535659426853,4.079549362838588,2.4291352240900332,3.234935854472071,3.167429985226222,3.135413075260939,3.2938983520581093,3.97741383773057,3.1316219626727877,2.7499547574358445,2.1936167276192133,2.1959510708238654,3.8935743378067587,2.238547083437591,2.12521903519976,2.938758047936687,2.715603409790134,2.230164612368982,2.0913200640702936
440,3.1714889617084143,2.0970544588679183,3.6450301116433153,2.2662627161134,3.1740627299186417,2.9829816126812623,2.5489355189497207,2.528453489705546,3.981427700308903,2.4050808981320952,2.5257153204754874,3.152854399576951,3.0622604438083014,4.079928193411283,2.425359110837324,3.2373486573265806,3.1673777117840736,3.1357749577757055,3.2921638600915086,3.9794927964070848,3.1302440154212583,2.750966313216238,2.1931817102451934,2.196409794161511,3.894512508932733,2.2380680970338167,2.124434502872596,2.9385611917990526,2.7170197305565473,2.2290664335707318,2.0911155179789884
441,3.17247568875767,2.096497497872782,3.646187352933601,2.264027488391931,3.17544809307557,2.9831731605382936,2.547564603193191,2.530309225602197,3.9808102451459684,2.4047147545616228,2.5235041130589932,3.155080022420597,3.062906330689133,4.080279477133594,2.421616132925737,3.239734965933657,3.1673786158897217,3.13616313473315,3.2904489848532705,3.9815836306845926,3.1288929331436184,2.751958079902359,2.1927529140334534,2.1968728822997186,3.8954543198607343,2.237594372898175,2.123660263796612,2.9383679866973385,2.718461400793121,2.2279765343157867,2.090915073229206
442,3.173466302794884,2.0959453325964166,3.647314619222021,2.2618256805823607,3.1768822009044615,2.983372164015724,2.5461943750446947,2.532196872612836,3.9801767252385467,2.404354448000908,2.521321153006279,3.157320159743034,3.063595323874414,4.080605680275388,2.417906218944175,3.242090439519967,3.167423937151853,3.1365669056119887,3.288742509605951,3.9836755778309767,3.1275534095544444,2.7529170595761476,2.192329515279032,2.197339033511044,3.8963889690009115,2.2371239669909175,2.122895711665817,2.9381723247977605,2.7199233357947645,2.2268937216538904,2.0907186670571734
443,3.1744620649179147,2.0953979905199476,3.648418152528767,2.259657298425448,3.178372849602063,2.98358761295352,2.5448306752047865,2.5341198619248093,3.979537560064888,2.404001155190993,2.5191673925068816,3.1595803602577552,3.0643292275924665,4.080907558936818,2.414228365700385,3.244408205135131,3.1675036465756086,3.136974946343268,3.2870328327035465,3.9857579634245686,3.1262102423029656,2.7538304711220856,2.1919107544523473,2.197807032691194,3.8973066309263715,2.236655120456041,2.1221402828293883,2.9379695475584793,2.7214011584010374,2.2258171127680475,2.0905262549586427
444,3.1754628575096566,2.0948554634284076,3.649502064993252,2.2575220493603543,3.1799212078846693,2.9838231704565685,2.5434760177947835,2.5360783767925046,3.978896440897789,2.403654811574495,2.5170419002905113,3.161861632810308,3.065106644810517,4.081183980428324,2.4105810422915153,3.246680524398304,3.1676084264012867,3.1373777967357217,3.2853108860427342,3.9878228176477517,3.1248521620564986,2.754689065445343,2.1914961349961306,2.198276076746872,3.898200611153542,2.2361866554740386,2.1213935373342503,2.9377574132698085,2.7228918842220677,2.2247462588835303,2.09033781342782
445,3.1764668613304132,2.0943176981272744,3.650567601095437,2.255419278343012,3.181520859308705,2.9840761281340273,2.5421289876705937,2.5380688422201403,3.9782495078828575,2.403313941698203,2.51494189249144,3.1641601525530545,3.06592289023344,4.081432218781779,2.4069627036225674,3.248900665139169,3.167731475861241,3.1377699154783434,3.2835724459998605,3.9898668091909792,3.123474695987648,2.7554896022911617,2.1910855562736855,2.198746003518067,3.899068751552483,2.2357182262015995,2.1206552098267277,2.937536451614804,2.7243942360734374,2.2236811572227904,2.0901533365683194
446,3.1774706976341194,2.093784599394997,3.651613141756084,2.2533479970122348,3.183158791022642,2.9843379860185357,2.54078464877011,2.5400843806315927,3.9775864868021857,2.402975862233953,2.5128632586775885,3.166468223181817,3.0667707694618347,4.081648665899029,2.4033722860182682,3.2510645191212997,3.1678696945255247,3.138150779450449,3.281819242029112,3.9918919989218002,3.1220813232503373,2.7562358361269936,2.1906793461600786,2.1992173634100083,3.8999137215199156,2.2352503599006868,2.1199252179601005,2.937309611801178,2.725908504565992,2.222622149785308,2.089972827728531
447,3.1784700019093366,2.0932560442381436,3.652634957056217,2.251306997492801,3.1848181181857216,2.9845965465940756,2.539435874086062,2.5421161449143437,3.9768935277509487,2.402637211041778,2.510801451330741,3.1687762767627605,3.06764204807165,4.081829791385756,2.39980956380076,3.2531715645242727,3.1680239479023795,3.138524741208137,3.280058568092786,3.9939052112214517,3.120682605655468,2.7569377276315734,2.1902781839582497,2.1996913116570047,3.9007421079876217,2.2347842760995364,2.119203626637041,2.937081288836905,2.7274359850754766,2.2215697363871327,2.089796288528364
448,3.179460275453006,2.0927319035395464,3.653628515741299,2.2492950203225868,3.1864818623251643,2.984839001659462,2.5380752611783923,2.544155204528738,3.9761570289572585,2.402294668668877,2.508752507786852,3.1710754093804465,3.068529242669033,4.08197310936516,2.396275280527299,3.255224921298968,3.1681983405071064,3.138899665339871,3.2783014751481643,3.9959161687422533,3.119293486715285,2.7576090481588276,2.189882932163695,2.200169344618586,3.90156252065667,2.2343215280338806,2.118490577475377,2.936855971803716,2.728978130052477,2.2205243510360093,2.089623708192159
449,3.1804377834236313,2.09221206529262,3.654590009793851,2.2473109324293477,3.1881367988766964,2.9850552077699795,2.5366971327611303,2.546194498712466,3.9753674442331066,2.401945683035325,2.5067139312724542,3.173359783407836,3.0694272594684784,4.082077893637872,2.392771024112263,3.2572304618842756,3.168398662308399,3.1392846693799843,3.2765599809109913,3.9979348521831435,3.117929421095038,2.7582639623145284,2.189494419095756,2.2006529442642484,3.902383183020077,2.233863556589871,2.11778620158883,2.936636858767144,2.730535632352513,2.2194861600386973,2.08945505593927
450,3.1814002593169275,2.0916964533242126,3.655517693674209,2.2453538693009842,3.189776350617328,2.985240280438614,2.5352990916024556,2.548230334108036,3.9745220524555016,2.4015890022175013,2.50468518958226,3.175628237404849,3.07033442724601,4.082145437059153,2.3892988791632184,3.259195178859644,3.1686303855221016,3.1396875286001484,3.274843992790373,3.99996875406993,3.1166023098587194,2.758913451847421,2.189113227642671,2.201143220547191,3.9032096213365004,2.233411270931659,2.1170905379588296,2.9364247991647314,2.7321076796059733,2.218454934889011,2.0892902784126584
451,3.1823472351966737,2.091185036733552,3.656412685492525,2.243423305710641,3.1914017487633455,2.9853958138580956,2.5338827160536876,2.5502630118229725,3.9736259302336565,2.4012248690380824,2.5026676918577206,3.1778846460073336,3.071252627172313,4.0821787696362275,2.3858609475257233,3.2611252192576887,3.168896720130762,3.1401124083338514,3.273158735426545,4.0020207396471825,3.115317293096138,2.759562508382862,2.1887395448045357,2.2016406446848915,3.904043053452466,2.23296476539207,2.1164034782516246,2.936217849157307,2.7336915831269124,2.2174300340129185,2.0891293029128937
452,3.183279920367249,2.09067782776831,3.6572790166927325,2.241519038560387,3.193021143466537,2.9855294002582298,2.532453214147732,2.5522963972092607,3.972690847285474,2.400854822114599,2.5006642476782375,3.1801369133655064,3.0721864709795397,4.082181900755931,2.382458863760126,3.2630241089329317,3.169197245244958,3.1405585264913833,3.2715033698385643,4.004088088275604,3.1140712589536244,2.760208848334369,2.1883731120446037,2.2021449456416127,3.904879912184285,2.232523249070556,2.1157247521650615,2.936011573109484,2.735282893616221,2.216410499209514,2.0889720457587764
453,3.1842006659616184,2.0901748688296675,3.6581229105577258,2.239641088382859,3.1946468889373687,2.98565257416249,2.5310181328500043,2.5543365315553,3.9717323637284436,2.4004811549580474,2.4986781554689497,3.182394862926942,3.073141744929386,4.082158787388588,2.3790934345549086,3.2648916612193286,3.169527500654981,3.1410201232470096,3.2698711971731833,4.006162990150363,3.1128534998789883,2.760843524332029,2.1880132908538954,2.2026552015045047,3.9057126487790708,2.232085210119284,2.1150539568819737,2.935800030382266,2.7368759907649904,2.215395242146989,2.08881842370793
454,3.185112152313295,2.0896762120299055,3.6589514697376133,2.2377895468830036,3.196291708936383,2.9857777195327646,2.529585467440167,2.5563896472069603,3.970765893610863,2.400106177139487,2.4967121675634476,3.1846675906966846,3.0741235396380273,4.082112309364449,2.3757644975445085,3.2667238872358744,3.1698796725837846,3.141487773680174,3.2682514235985582,4.008234388538298,3.1116483845543303,2.761453314045499,2.1876592276863036,2.203170106672916,3.906531622717019,2.2316487744396043,2.1143906226414733,2.935577200950168,2.738465006626931,2.214383271753327,2.088668365430772
455,3.1860165028181306,2.0891818966044555,3.6597711104961297,2.2359644114432937,3.1979647469574353,2.985914750940917,2.5281616714014508,2.5584601142059324,3.9698027813975183,2.3997314745619533,2.494767610693133,3.186960994968369,3.075134570042153,4.082043532638492,2.372471034763289,3.268513950395769,3.1702442085684144,3.1419507144075935,3.266632037395404,4.010290692116023,3.1104393675672366,2.762024287670285,2.187310075582663,2.203688348097546,3.907327587394376,2.2312121653579364,2.1137342969254354,2.9353384781870524,2.7400448482427144,2.213373901864779,2.088521819914024
456,3.1869145504410077,2.0886919300569606,3.660586156060174,2.2341654504001567,3.1996685516176377,2.9860684504555204,2.5267500940784964,2.5605488741374303,3.9688474475429327,2.3993573666557357,2.4928438977351832,3.189276150347467,3.0761741395036797,4.0819514652225,2.3692115068399064,3.2702539206741794,3.170611939338713,3.142399573576534,3.2650030392256033,4.012322640478388,3.1092132837167687,2.7625456221539135,2.186965213943468,2.2042089925033905,3.9080941124952853,2.2307741421350156,2.113084624922551,2.93508183061215,2.741612051209696,2.212366883632067,2.088378759517407
457,3.1878054518130314,2.088206277983774,3.661397969347122,2.232392134311337,3.2013978248245154,2.986237188524245,2.5253502656070212,2.5626527982725684,3.9678963917574097,2.398982707678708,2.4909385627926373,3.1916089756456545,3.0772380357111757,4.081833381331566,2.3659843158771032,3.271936869574416,3.170976146962464,3.1428287780467925,3.263359163381712,4.014325558602719,3.107963780624746,2.763012641661568,2.1866244077183,2.204731780925477,3.9088292930545685,2.230334299538553,2.1124414050848386,2.9348083169274384,2.7431652342476225,2.2113624276205783,2.0882391769767668
458,3.188686757780224,2.0877248652316664,3.6622048677744727,2.2306436504612166,3.203140309323202,2.98641340446752,2.5239582287479587,2.5647651692082554,3.966939358123364,2.398605089793846,2.489047813540822,3.1939513090386082,3.0783194048413884,4.08168564005537,2.3627882729817364,3.2735587575911147,3.1713340331034345,3.143237993435595,3.2617013594531996,4.016300395988076,3.1066929619673305,2.763428252473296,2.1862878630201434,2.2052572493336373,3.909536280714944,2.229893147240478,2.1118046053488593,2.9345218088028715,2.7447050266136324,2.2103611104519074,2.088103077387857
459,3.189554924701689,2.0872475879561674,3.6630028519957794,2.228918995225922,3.2048796158236836,2.98658574783203,2.522567835887104,2.5668771839146314,3.9659623813678535,2.3982213983974403,2.4871674553752063,3.196293127680862,3.079410388668559,4.081504790075544,2.359622947433585,3.275119615652185,3.1716871969955776,3.1436322054246273,3.260036630079303,4.0182532678217,3.105410784816268,2.7638023605552045,2.1859561636275893,2.2057866391634597,3.910222483661528,2.2294519464489033,2.1111743360816266,2.9342279870354173,2.7462334789707543,2.2093636918427304,2.087970467535029
460,3.1904061238118344,2.0867743331483255,3.6637869543796393,2.2272171178767115,3.206599240573194,2.986742310805686,2.5211726597197908,2.5689800876956443,3.96495190211189,2.3978285719688675,2.4852939362156925,3.1986253235202837,3.0805040893379396,4.0812886641233,2.3564888066801166,3.276623693123791,3.172040984386507,3.144020404416438,3.2583762516407546,4.020193611829194,3.104132350387298,2.764149398926409,2.1856301046294746,2.2063216174370974,3.9108976352649427,2.22901234609656,2.110550787242798,2.9339328720423854,2.7477531074281196,2.2083708916826232,2.087841345503435
461,3.191237119894653,2.0863050001868544,3.6645528385043202,2.225537075842839,3.2082866666561616,2.986874056239014,2.5197679870610306,2.5710673547770417,3.9638988153431614,2.3974243571589673,2.4834252198912115,3.2009422644801244,3.0815963120680605,4.081037153111476,2.353387111142493,3.2780785008556474,3.172402855892263,3.1444132007114405,3.2567328309461603,4.0221314429966135,3.1028737912040727,2.7644846044496076,2.185310467169657,2.2068638780383196,3.9115712358911283,2.2285759149418296,2.109934146659596,2.9336412778634964,2.7492658230756515,2.2073831872717617,2.0877156933004883
462,3.1920459751960535,2.085839518533688,3.665298209886599,2.2238781591147725,3.2099363968237595,2.986977474661432,2.518352335636688,2.5731362964616076,3.9628013082098725,2.397007845893642,2.4815612374717633,3.2032434002349968,3.0826865748210492,4.080752424027745,2.3503195922334124,3.2794929667667647,3.1727801823288484,3.144819985747907,3.255116967816755,4.024074435869961,3.101647844636523,2.7648200331592223,2.18499779458179,2.2074147296836752,3.9122500488909813,2.2281436949722533,2.1093245212569145,2.9333556061780137,2.7507720371930358,2.2064006853775484,2.08759347437685
463,3.192832391717155,2.0853778568892807,3.6660236504287815,2.2222399507903883,3.211551057569677,2.987055716910102,2.516928067647281,2.5751886240047575,3.9616656684656526,2.396579640110397,2.4797037835562135,3.20553342749995,3.083778071879294,4.0804384970229775,2.347288000509447,3.280875176060013,3.173178043519399,3.1452463937643125,3.2535344193439513,4.026025624699228,3.1004603103207478,2.7651613947636076,2.1846922307252945,2.207974782658147,3.912936331272533,2.2277158975736326,2.1087218822567326,2.93307531364204,2.7522701925729667,2.205423103579996,2.087474636689287
464,3.1935976106118327,2.0849200215411434,3.666732647909461,2.220622308897468,3.2131402577687584,2.9871178816942674,2.5155009318091572,2.577229785119162,3.9605048159902894,2.396141595818615,2.477855885274381,3.207820945144598,3.0848765832365865,4.080100285093581,2.3442936476950695,3.282230311637889,3.1735976325484563,3.145692761965762,3.251984552239481,4.027982360668743,3.099308377233971,2.765506588198188,2.1843934654554653,2.2085438226388536,3.9136272941900216,2.227291827037832,2.1081260488861173,2.9327972092217953,2.7537568608651517,2.2044498654175895,2.087359120506711
465,3.1943439065836525,2.084466044573842,3.6674308121617685,2.219025276398797,3.214717515836864,2.9871766562676627,2.5140786685465435,2.579267244801038,3.959334958620193,2.395696219296544,2.4760208256011786,3.210115974885938,3.0859886364440845,4.079742364263808,2.341337069369906,3.283559382039234,3.1740357238059245,3.146154034254997,3.2504605362618646,4.029936831497839,3.098181314407758,2.7658463723870534,2.1841008034991147,2.209120910898258,3.9143159586445497,2.2268700546511258,2.107536714624002,2.9325165110077327,2.7552273914877614,2.203480282051009,2.087246868821991
466,3.19507381805054,2.0840159653031067,3.6681244925308345,2.21744894575548,3.216296105999701,2.9872449640512038,2.5126690725574425,2.581308187109931,3.9581713091658473,2.3952458875031173,2.474201101748221,3.2124270565485085,3.0871194492744145,4.079367827780986,2.3384179014530577,3.284859114766547,3.1744853754874685,3.1466211605899197,3.2489512534096097,4.031878016554298,3.0970633697124166,2.7661670221943555,2.183813338944294,2.2097046881718265,3.914993183412673,2.226448796827765,2.10695350828771,2.9322283756374947,2.7566769413086867,2.2025137685877634,2.087137837391701
467,3.1957893206286343,2.083569810092598,3.6688191786674067,2.215893316411641,3.2178849756946835,2.9873325470046597,2.5112780536742534,2.5833572853269935,3.9570240715415683,2.3947921137078163,2.4723976158052716,3.2147587490813496,3.0882712441964486,4.0789775572354285,2.335535002438818,3.286123061351484,3.1749376865438825,3.1470836208405952,3.247444409881358,4.033794543335754,3.095938095093896,2.7664542587838317,2.183530187620842,2.2102938015335285,3.915650306560033,2.2260263924140498,2.1063760726352103,2.9319294721236773,2.758101601365498,2.201550033279794,2.087032001445746
468,3.19649116906829,2.083127576146645,3.6695181330941686,2.214358184884655,3.219485878301269,2.9874434368241607,2.509908235623509,2.5854151768136844,3.955895837881899,2.3943350658447096,2.4706093270591007,3.2171102532917604,3.089442419014106,4.0785701259981595,2.3326867834329503,3.287343613694468,3.17538412478465,3.147532377439257,3.2459299894981184,4.035677651322107,3.094792900451572,2.7666973693399584,2.183250712747836,2.2108873367732693,3.9162816610468685,2.2256017451095014,2.105804138445422,2.9316191513838357,2.7594993022070913,2.200589185701497,2.0869293570852943
469,3.1971785928013103,2.0826892237762014,3.6702216465496607,2.2128430974189066,3.2210925465583307,2.9875750379099753,2.5085584847043716,2.587478089613054,3.9547811527866585,2.3938734744912296,2.4688334650776476,3.2194755605078464,3.090627819671215,4.078142373125955,2.32987165057296,3.2885143760227433,3.175818780961228,3.147962434920066,3.244403085462917,4.037523435726195,3.0936225604515286,2.766892358939624,2.182974680609798,2.2114851345557662,3.9168862554438997,2.2251746062026605,2.105237573571164,2.931299872845858,2.7608702356347816,2.199631733462779,2.086829917021831
470,3.1978494350829627,2.082254679237949,3.670927135299423,2.211347377072647,3.2226921730879727,2.9877191049102696,2.5072245026721225,2.5895387492190927,3.9536683947053612,2.3934049587844504,2.467066245245269,3.2218451079422157,3.0918200557941766,4.077690497791997,2.3270884353382715,3.289632239979861,3.176239925662808,3.148374291904974,3.242865319891298,4.039333745344727,3.09243068526789,2.7670432362321744,2.182702302459715,2.2120878991623374,3.917468143956693,2.2247456179270646,2.1046763936960433,2.93097675892092,2.7622166634523118,2.1986784690181738,2.08673370201817
471,3.1985006969280563,2.0818238472015045,3.6716300582922914,2.209870215827772,3.22426880528493,2.987864356394175,2.5059003158938515,2.5915883283053747,3.952543458590581,2.3929266800471254,2.465303884756125,3.2242084925273087,3.0930115020700972,4.077211372930334,2.3243366940577292,3.290698587000464,3.176650436221464,3.1487738762778963,3.2413244523994473,4.0411154846285875,3.0912287340624927,2.767161054084036,2.182434150736464,2.2126970657222045,3.91803537713251,2.2243161053872296,2.104120732325496,2.9306563954347733,2.7635421562682794,2.1977302793255356,2.086640730589695
472,3.1991293247508272,2.0813966291254458,3.672325392062983,2.2084108040131465,3.2258076889459106,2.987999976839309,2.5045802302024516,2.5936188894427508,3.9513941860019095,2.392436136264165,2.4635436260244536,3.226557472209074,3.0941964155048343,4.076703701627078,2.3216167954119165,3.2917192668000883,3.1770569627323053,3.149170969128814,3.2397922774284127,4.042878513010021,3.0900328358725924,2.767260957933931,2.182170972948271,2.2133144596070813,3.9185978217457293,2.223887675748802,2.1035707788669717,2.930345210394056,2.764850468775154,2.1967879326682604,2.0865510098857536
473,3.1997330081552127,2.0809729421796686,3.6730092367273794,2.2069684592804535,3.227299291239351,2.988118978473676,2.503260678910822,2.595625606155239,3.9502142448248643,2.39193186500048,2.461784465177143,3.228888367048729,3.095372537540162,4.076168667051638,2.318929773379251,3.2927033221126076,3.1774680399998996,3.149576537478925,3.2382813817468152,4.044632724263096,3.0888592965536317,2.7673580592989757,2.181913455399604,2.213941841128377,3.919164457032737,2.223461737595548,2.103026702416461,2.9300478855613648,2.7661443659237586,2.1958519030484953,2.0864645302058293
474,3.200310756898939,2.0805527333178415,3.6736800882229215,2.205542718346401,3.2287418110050634,2.9882204244803594,2.501941420128141,2.597608092535158,3.9490053005425523,2.3914138453330134,2.4600273648823667,3.2312031196926885,3.0965416782937423,4.075609860359508,2.31627698801517,3.2936607768998245,3.1778916460292903,3.1499997043586574,3.2368016573872347,4.046385122214916,3.0877200474329847,2.7674632928652567,2.1816620034257492,2.2145804631254355,3.9197409086410486,2.223039076333942,2.1024885827123634,2.929766251987132,2.7674247353227135,2.194922281627545,2.086381264545952
475,3.200863098877038,2.080135984626927,3.6743394105557248,2.2041333662402116,3.230141430824416,2.9883098547652067,2.5006257347749514,2.5995704257767622,3.9477768176651438,2.3908834777493664,2.4582748838552204,3.23350866471014,3.0977090777981213,4.075032482262179,2.313659690998245,3.294600089920072,3.1783328815894456,3.1504452045623386,3.2353575529594405,4.048137721393841,3.0866193267352653,2.767580436807992,2.1814166008366236,2.215230768305625,3.920327926131264,2.2226196067940918,2.1019563675927215,2.9294989906722977,2.768690246269216,2.1939987996540413,2.0863011732096344
476,3.201391854768409,2.0797227086481955,3.6749913458830696,2.202740396335366,3.231510240127578,2.9883977955015055,2.4993195774895476,2.6015198372242825,3.9465435375448052,2.3903431485754516,2.4565303334288684,3.2358147752131527,3.098881718514913,4.074442040738818,2.3110786213387824,3.295526005247878,3.178792439155045,3.150912060859989,3.233946860427845,4.049886879606465,3.0855525565208954,2.7677051631930802,2.1811767894670044,2.215892316226952,3.9209212515222713,2.222202374828392,2.1014298687076307,2.929242233989183,2.7699376626838363,2.1930809550138255,2.086224212141946
477,3.2018995624986886,2.0793129352061905,3.6756416493839987,2.20136391449041,3.232862447585272,2.9884968008590995,2.4980299432544806,2.6034644527623714,3.9453213792076456,2.3897955113066907,2.454796716181154,3.2381310307563886,3.100066096572812,4.073842933188052,2.3085337488356354,3.2964384441134547,3.179266323936251,3.151393882612326,3.232561408235947,4.051624264667655,3.0845077601314714,2.7678264136669406,2.1809417755119194,2.2165639653580005,3.921512928558034,2.221785808241652,2.100908796202487,2.928990901381692,2.7711627273754624,2.1921682043520416,2.086150342591521
478,3.202388717608966,2.078906693653194,3.676296159761227,2.2000040164326973,3.2342099969681057,2.988617899192051,2.496762938422725,2.60541075355613,3.9441229846697636,2.389242701271264,2.45307576652595,3.240463823414159,3.1012661300155155,4.0732373450735055,2.306024239085948,3.2973327850074794,3.179746929531925,3.15188072094712,3.2311894782341106,4.053339181235896,3.0834691272073043,2.7679297225684385,2.180710632347519,2.2172442615076338,3.9220936781894995,2.22136814414253,2.100392821805164,2.928740381589326,2.772361364055873,2.191260163423727,2.0860795392079226
479,3.2028610455411926,2.0785039957255464,3.6769592528735466,2.198660674675466,3.2355588712802916,2.9887674849605084,2.495522124698512,2.6073615163180763,3.9429542383931686,2.3886857178686407,2.4513673803896894,3.242814306924306,3.102481838518496,4.072624803267001,2.3035486473277915,3.298201463955439,3.180225165969374,3.152361952005574,3.2298192503261554,4.0550215797677875,3.08242169576197,2.768001532253861,2.180482540876639,2.2179319220256133,3.922655645801652,2.2209479071813916,2.099881651624608,2.9284880637282824,2.773530843489831,2.1903567558910746,2.0860117940345524
480,3.203317014046319,2.078104823985825,3.677632735020846,2.1973336676665953,3.2369071776055662,2.9889455745829716,2.4943076215484625,2.6093148562901276,3.941812807884973,2.388124156965473,2.449669602628935,3.2451779108945136,3.103709197438323,4.072002527388502,2.3011052807531973,3.299036436328553,3.180693024768173,3.15282935177181,3.2284422699678954,4.0566648666003235,3.0813557807051954,2.7680332388666296,2.18025699686433,2.218626274392285,3.9231947108832097,2.220524297594165,2.0993750873819796,2.9282342587184695,2.774670564994744,2.1894582668742,2.0859471152169653
481,3.2037557276106474,2.077709129151108,3.6783155064252764,2.1960225707244523,3.2382455952354605,2.9891459551506654,2.493116229086935,2.611264674142617,3.9406891552348333,2.3875563717603505,2.4479791748291158,3.247545579978017,3.104941221981648,4.071366484857425,2.298692620642355,3.2998317906140904,3.181145838510538,3.153279468160996,3.227055928021243,4.058267696098744,3.080269849059666,2.768023776897137,2.1800339244975304,2.2193275192195676,3.923711680743668,2.2200973754533946,2.098873058587018,2.9279822347976587,2.775782215982983,2.1885652867128274,2.0858855209302245
482,3.2041752336388907,2.0773168369408515,3.679004096055555,2.1947268095927206,3.239560073836299,2.9893581982603763,2.49194253159838,2.613202391047227,3.9395697288124385,2.386980013515292,2.446292480014035,3.2499063878559475,3.106169972440961,4.070712843925802,2.296309680647815,3.300585760425096,3.181583582390743,3.1537146012613664,3.225664234663774,4.059834228882055,3.079171002142918,2.7679799798831666,2.1798136633473684,2.2200367384262307,3.9242120240610543,2.219667989105034,2.098375617023542,2.927737357740681,2.776869256428508,2.187678563373864,2.0858270304784585
483,3.204573142836283,2.076927862203784,3.6796939039240315,2.193445758789225,3.2408359814907843,2.9895709423691503,2.490780647001545,2.6151194624428604,3.938441378186579,2.386392788954873,2.444606599672999,3.252250754185814,3.107388887792667,4.070039393352553,2.293956198727161,3.3013015479466983,3.182010839592391,3.1541421063834223,3.2242766664149594,4.061372790437814,3.0780729293093776,2.7679146104312737,2.1795968331907187,2.2207556439003193,3.9247042304675146,2.219237471656042,2.097882895993725,2.927505593516374,2.777935876935614,2.186798808853945,2.0857716553312953
484,3.2049473674906896,2.076542125921937,3.680380769729478,2.192178854030923,3.242062437590316,2.9897754412811084,2.4896260874487934,2.6170099069026937,3.9372956438353683,2.385793202837804,2.4429201595679233,3.254573282441083,3.1085947326862495,4.069346492094571,2.291632609713333,3.301986698122887,3.182435428195099,3.154572216398078,3.222905421379276,4.062893328917093,3.0769919375267514,2.767842640952681,2.1793841170139117,2.221486138703128,3.9251972841617917,2.218807197310784,2.0973950469215628,2.9272918202435143,2.7789857389710537,2.1859265180718492,2.085719392747366
485,3.205296747881594,2.0761595699184645,3.6810623869327164,2.1909256846277,3.2432354874914613,2.9899682779151844,2.4884771587470045,2.618872060708524,3.936131590072857,2.3851810556404405,2.441233700509372,3.256874319322396,3.1097885330686856,4.068637237751687,2.2893398091968615,3.3026511704020316,3.182866067359752,3.1550150068789415,3.2215618774925496,4.064404418116617,3.075942223944984,2.767776884106458,2.179176026602435,2.2222298194551207,3.9256980001529147,2.218378130017741,2.096912172309973,2.927098454707861,2.7800208755746794,2.1850618543925906,2.085670223723143
486,3.2056213794213027,2.0757801649224685,3.6817391315543677,2.189686038652365,3.2443591313164246,2.9901524003820135,2.4873354707356334,2.620708995845637,3.9349562900208346,2.3845575407072874,2.439549455114957,3.259159713502765,3.1109751745164878,4.067916774694769,2.2870787803807473,3.3033046452059804,3.183309749756514,3.1554773866527834,3.2202532888948543,4.065910687358342,3.0749317860962337,2.7677242684145584,2.178972720349761,2.2229875678726696,3.926209015649957,2.217950498607552,2.096434274843177,2.926924808109808,2.781041086960669,2.184204635375616,2.085624115736677
487,3.2059225517861734,2.075403909750135,3.682414057632255,2.1884598886190996,3.245443896741966,2.9903361700117492,2.48620541261996,2.622527456095053,3.933782803520903,2.383924911437562,2.437870598863904,3.2614388203291957,3.1121617635434906,4.067190936440817,2.2848501966941077,3.303953858876424,3.183769597832635,3.1559610077848643,3.218980702899081,4.067411441990615,3.073960187945765,2.7676838724012667,2.1787739277649707,2.2237593552969246,3.926728040563105,2.2175236950523503,2.095961237426106,2.9267673708829487,2.782044019315191,2.183354421733511,2.0855810294131913
488,3.2062023302926335,2.075030822061799,3.683092067641051,2.187247323735851,3.2465034166834763,2.9905307364873526,2.4850927726822896,2.6243356381462584,3.932626280490358,2.3832858261659937,2.436200212324882,3.263721372753062,3.113355262576898,4.066464640730011,2.2826541208134574,3.304600784309184,3.184243861423629,3.1564617332153637,3.2177387318677697,4.068900889023952,3.0730188572492527,2.767647314091713,2.1785790035219117,2.2245443221358205,3.927248596907999,2.2170964256848316,2.0954928395626102,2.926620946136321,2.7830259081336104,2.182510680949391,2.0855409270958205
489,3.206462913130608,2.0746609236597324,3.6837785173739066,2.1860484508939275,3.247550085247209,2.990746568359666,2.4840029443041165,2.6261405147384496,3.9314994172221756,2.38264257991429,2.4345402832291896,3.2660142136929187,3.114560155024226,4.065740547716754,2.280489891204289,3.3052422344540533,3.184726380350013,3.1569708380896717,3.216517258749456,4.070369897747736,3.0720938277461167,2.7676013842669547,2.1783870945929804,2.2253411112882646,3.9277620219937055,2.216667067982552,2.0950288044378236,2.926480286996817,2.78398276120013,2.181672974192496,2.0855037807096974
490,3.2067059603168513,2.074294224889632,3.6844776870231377,2.184863295574141,3.248591138380813,2.990990216763623,2.482939280177649,2.6279455440637935,3.9304086982557562,2.38199646524171,2.4328910620575463,3.268318931405018,3.1157768895727243,4.06501841388835,2.2783562285051837,3.3058710274884198,3.1852083841308505,3.157477588912144,3.2153045600405914,4.071808753711649,3.0711700889221243,2.7675321236881696,2.1781973690820666,2.226148355817924,3.9282601163612716,2.216234121850692,2.0945688618024665,2.926341730294306,2.784911616394205,2.1808411083624066,2.0854695764691655
491,3.206932097563178,2.0739307129317623,3.6851915923683425,2.1836917330949044,3.2496263706156077,2.991262313840476,2.481902102917532,2.6297494905215113,3.9293526088692268,2.381347460651422,2.4312509707770094,3.270631151272705,3.1170016025839926,4.064295354195359,2.276251525302512,3.306478364919209,3.1856810835844795,3.157972416654487,3.214090890394284,4.073210058921916,3.07023620748906,2.767429094458057,2.178009236192687,2.2269651717805803,3.928737616039673,2.215796615364044,2.094112807216688,2.9262043156659763,2.7858114822293167,2.1800152065999807,2.0854383149407507
492,3.207140746267551,2.073570347521163,3.6859195059680467,2.182533470403673,3.250648199321027,2.991557430769399,2.4808886727994444,2.6315467365567784,3.9283223832489442,2.3806943406042667,2.4296170901163228,3.272941718198635,3.1182272154734827,4.063566939017455,2.2741742270542087,3.3070567027149442,3.1861382666988005,3.1584497176023163,3.212871434286481,4.074570891981383,3.0692878032311866,2.7672885329380765,2.1778224897931153,2.2277915039995966,3.9291937286146856,2.215354340595556,2.0936605398120434,2.9260700416084537,2.786683666028984,2.179195676805479,2.085410006495433
493,3.2073303303707528,2.0732130652837206,3.6866583361655474,2.1813880823157965,3.2516440640374515,2.9918658476859243,2.479894114687416,2.633328999241797,3.927305053336384,2.3800351690883916,2.427986070319701,3.2752394138056395,3.1194455746321874,4.06282879004659,2.2721231862293667,3.3076022492538466,3.1865781146306906,3.1589094339582244,3.2116477333768403,4.075893579756649,3.068328825083083,2.7671144215946937,2.177637332302051,2.228628217490327,3.929632272222168,2.2149078500795696,2.0932120677918893,2.9259431853037405,2.7875313865219686,2.1783830900465,2.085384663718373
494,3.2074987901607246,2.072858791149468,3.687403739098624,2.1802550890160886,3.252600409492165,2.9921766825844847,2.47891300484013,2.63508791723915,3.9262878288665495,2.379368018118786,2.4263551770775873,3.2775143637793684,3.120649968393531,4.0620781775188215,2.2700978826756355,3.30811633393939,3.1870036914119764,3.159356941363659,3.2104271711167756,4.077184865545723,3.0673702606932935,2.766917167543719,2.1774542730669566,2.2294769059159383,3.930060394490372,2.21445822000267,2.092767481006462,2.9258289090351797,2.788358793282252,2.1775780088343155,2.085362293298014
495,3.2076442330023838,2.0725074530942043,3.68815160375402,2.179134049156968,3.253506977928065,2.992481377389899,2.47794110669027,2.6368176821860816,3.9252624017760693,2.378691680123713,2.4247231389929698,3.2797610499722456,3.1218372179667293,4.06131510914591,2.268098446006633,3.308605219893147,3.1874219563665163,3.159801283547286,3.2092206868600055,4.078453748443396,3.0664267029261874,2.7667103171357628,2.1772739340728537,2.230339476123083,3.930486285119471,2.214006657995242,2.092326899936863,2.925731597564722,2.789169703053963,2.1767808203031795,2.085342889958195
496,3.2077655089675496,2.072158995493724,3.6888994313954253,2.1780246387929685,3.2543600174064933,2.9927764076168026,2.476976694896241,2.638516855488321,3.9242277775064642,2.378006143314412,2.4230905225881463,3.2819799367330518,3.123008649297648,4.060542546968385,2.2661254767798007,3.309078393727785,3.1878415887189173,3.160252293089881,3.2080394247357367,4.079708668205672,3.065511848118481,2.7665063382119905,2.1770968239765907,2.2312176374316874,3.930916600008507,2.21355407968132,2.0918904173341857,2.9256534513482153,2.7899664531563424,2.1759916268341932,2.085326434217599
497,3.207862530232855,2.0718133869360353,3.689647168638271,2.176926691731024,3.255163360782697,2.9930643314239607,2.4760210423437794,2.6401887635500287,3.9231907036061124,2.377312675062205,2.4214595112654127,3.284177147214687,3.124169596662208,4.059765657818349,2.264179724602031,3.3095458324239093,3.1882702780438548,3.1607174785348686,3.2068913459172563,4.080954905074635,3.0646343224563806,2.7663127841078317,2.1769231508647544,2.2321124547702564,3.931354399397695,2.2131007858972063,2.091458050627945,2.925593778842684,2.790749236483944,2.1752102277448455,2.085312894519213
498,3.207936242928542,2.0714706201944026,3.690397234224036,2.1758401897562982,3.2559270361318497,2.993352846667437,2.4750779230677327,2.6418403292607984,3.92216355074935,2.3766134876931986,2.419833159959242,3.286362265141358,3.125327572467672,4.058990319667161,2.2622617253363226,3.310015085361548,3.188712314960611,3.1611996400668967,3.2057788507766896,4.082192997106183,3.063795129814375,2.7661300325628524,2.1767527319728934,2.233024106353425,3.931798242158525,2.2126463399200103,2.091029719546468,2.9255492121775113,2.7915161307087084,2.174436196294713,2.0853022329525457
499,3.2079882742475023,2.0711307045851637,3.6911537421472733,2.174765207457878,3.256663887075179,2.9936521860485716,2.4741523098857843,2.6434797198693865,3.9211603452098083,2.37591110047337,2.418214371622435,3.288544975376734,3.1264896976383025,4.05822136418836,2.260371512307772,3.3104890967781846,3.18916724406332,3.1616959622935616,3.2046981528301615,4.083418662185462,3.0629875105269173,2.7659513010225276,2.17658502820767,2.2339519237821275,3.9322427155563586,2.2121896806165298,2.090605255280594,2.925514777501298,2.792263812136584,2.1736690256793936,2.085294412736969
500,3.208020378373599,2.0707936533288724,3.691921182678473,2.1737018308193687,3.2573853280385943,2.993971721110593,2.4732487071461904,2.645113589504505,3.920192268438928,2.375207612002489,2.4166049336864988,3.2907316594082388,3.127660250167448,4.057461137514762,2.2585084922880974,3.3109654757498372,3.189630016449474,3.162198873592276,3.2036405979173876,4.084624236986079,3.0621992398361955,2.765764920834974,2.1764192916021434,2.2348947031627455,3.9326802206338844,2.211729432006451,2.090184437447606,2.925485473411708,2.7929887226569146,2.1729082957497314,2.085289405112151
501,3.2080338638995505,2.070459470073685,3.6927029956677937,2.1726500767071606,3.258097626077828,2.9943168905574975,2.4723696702175304,2.646744831099094,3.919264117318351,2.3745041243091727,2.4150049304966363,3.292923081982996,3.1288391549906596,4.056708862589339,2.256671522946804,3.31143745597143,3.1900925977099317,3.1626983968960527,3.202595498953028,4.085801159486076,3.061416614304185,2.765558130418052,2.1762547774260317,2.2358511880278455,3.933103425497157,2.2112643064587494,2.089767046322328,2.925457840435941,2.7936883091208724,2.1721538060601473,2.085287193444114
502,3.2080291878709093,2.070128138947895,3.6935005031847585,2.1716098393398178,3.258799916772041,2.994687451793169,2.4715149929172933,2.6483715844109166,3.9183728981622217,2.373800506374877,2.413412721103164,3.2951139415437685,3.130021922957938,4.055961021398791,2.2548591626704804,3.311896238085453,3.1905465143542813,3.1631852359243284,3.2015535688428676,4.086942688610599,3.0606288332065836,2.76532115890377,2.176090951901144,2.236820568033246,3.933507583554817,2.2107934693688924,2.0893529132456856,2.9254310050432837,2.794361929375915,2.171405632564981,2.085287773226866
503,3.2080058464617265,2.06979962130434,3.694312549722425,2.1705808802071025,3.2594845960136887,2.9950776232722567,2.4706818200086054,2.649987833609268,3.9175090175590883,2.373095570690074,2.4118254851174816,3.297294442215561,3.1312010667943557,4.055212637967205,2.2530700087531965,3.312333965028027,3.1909855224362573,3.1636536086079814,3.200509850136803,4.088045988762804,3.0598313656556435,2.76505028442921,2.1759276286061593,2.237802831693609,3.93389196808773,2.210316748204751,2.0889419532591136,2.925406858104461,2.795011128635825,2.1706640909700012,2.0852911480283405
504,3.2079625941441203,2.0694738600777884,3.6951359637340824,2.169562863087477,3.2601399560428446,2.995478070695836,2.4698656369176692,2.651585403524251,3.9166596687078785,2.372387599858128,2.410240153728056,3.299453381670257,3.132368537143558,4.054459046343699,2.2513030138746384,3.312746386308793,3.191407551761861,3.1641029303808037,3.1994652177376164,4.089112927394875,3.0590272412735504,2.764748896917267,2.1757649908507655,2.238798859280815,3.9342599769864615,2.2098346226070595,2.088534170271054,2.9253893195873473,2.7956391985560716,2.1699296207738796,2.0852973228142737
505,3.207897912278664,2.069150790143653,3.695966679526607,2.1685554209106073,3.2607541888175557,2.9958790777038855,2.469061798812622,2.653156694296305,3.915813275556602,2.371675044730476,2.4086544168830892,3.3015817433092494,3.1335183812800986,4.053697564893145,2.249557680721732,3.313134369030938,3.191815316082594,3.1645378263974546,3.1984260016844006,4.090149359639298,3.058225889909287,2.7644262555673382,2.1756034950234726,2.239810227278549,3.9346179033295323,2.209348005378938,2.0881296341796154,2.925382946035903,2.796250169599313,2.169202629976506,2.085306296951062
506,3.2078105633586294,2.0688303511101127,3.6968011365553797,2.1675582312160575,3.261319407395372,2.996273831617425,2.468267080234073,2.6546972336939083,3.914963493159733,2.370957158107291,2.407067471436293,3.303675593054041,3.134648736514052,4.0529285193211155,2.2478340758528903,3.3135037725951597,3.1922154018675584,3.1649664866917213,3.19740188058873,4.091163160977379,3.0574399507236656,2.7640943824195032,2.1754436884384134,2.240838789873146,3.9349727986884333,2.2088578916643278,2.087728438314839,2.9253913511174154,2.7968475749863115,2.1684833527160543,2.0853180592150564
507,3.2077000405198266,2.0685124982534258,3.697637481472407,2.166571074938301,3.261834313635756,2.9966607008189503,2.4674807188702705,2.6562071714564017,3.914111401496471,2.370234348877268,2.405480259497408,3.305737285719448,3.1357624693252797,4.052155260097884,2.2461326626080615,3.3138637157119026,3.192616127009112,3.1653979034459794,3.19640274162216,4.092161662012415,3.0566811151449467,2.7637641287922388,2.1752860021978635,2.2418861752297854,3.93533014006386,2.2083649939201524,2.087330651534036,2.9254159646653077,2.7974333991803344,2.167771766885692,2.085332586354029
508,3.207566762996688,2.0681972080283213,3.698476169224471,2.1655938595485433,3.262304598711527,2.997043720876678,2.4667046012589,2.6576911904549045,3.913265137624676,2.369508136293388,2.4038951168981972,3.3077745398071543,3.1368662141396895,4.0513831489359875,2.2444540107502085,3.314223781220947,3.1930248550539604,3.1658388850470995,3.1954355257652254,4.093149320482093,3.0559563634492224,2.763441705004009,2.17513058687969,2.242953361992636,3.935692064456253,2.2078694819048326,2.0869362805636005,2.925455539107272,2.798007560752513,2.16706759802743,2.085349845507036
509,3.20741196005114,2.067884476469784,3.6993197680667613,2.16462659996487,3.26274095085924,2.997431130544456,2.4659425368588113,2.659156854167689,3.912437089489697,2.3687807223536903,2.402314952901478,3.309797671239629,3.137968116388574,4.050617841332725,2.2427984797304803,3.3145910645541887,3.1934456368253628,3.1662918159498945,3.1945020787572087,4.094126381149404,3.055265813232304,2.763126799981916,2.1749772443339794,2.2440404756642622,3.9360567430957962,2.207370910356608,2.086545254445474,2.9255065629846353,2.7985680992586195,2.1663704065285745,2.0853697995483356
510,3.2072372935312146,2.067574311198334,3.700172046558275,2.163669364978009,3.2631553776286397,2.9978324795237854,2.465198883870396,2.660611957732338,3.9116396215659694,2.3680543333769553,2.400742243628531,3.3118159281518604,3.1390750481440226,4.049863445021048,2.241165980131439,3.314968042493562,3.1938779566185698,3.1667538917791718,3.1935987002288146,4.095088947152277,3.054602861862376,2.7628128875402878,2.1748254769032553,2.2451468724475143,3.9364190874928937,2.206868353926434,2.0861574354274275,2.925564437415587,2.79911199789794,2.165679727186236,2.0853924135456325
511,3.2070443554073034,2.0672667198566006,3.7010366643359243,2.1627222084367745,3.2635571256611238,2.998255319101306,2.4644770113869634,2.662061801693845,3.910880817346148,2.367330561362559,2.3991781846253386,3.3138341944285337,3.1401902617220085,4.049121188683156,2.239555890549989,3.315351974082155,3.1943169980795085,3.167218071817346,3.1927175206506173,4.096030416448137,3.053956540629293,2.762489587206974,2.1746746360068494,2.246271481943769,3.936772530641544,2.2063606992778486,2.085772651767707,2.9256250107446795,2.7996363577891543,2.16499521294862,2.0854176602221224
512,3.2068342147364417,2.0669616989554265,3.7019159206471626,2.161785109177039,3.2639496040753952,2.9987026179091605,2.4637781316383185,2.6635073369487694,3.9101617207662853,2.366609933322887,2.3976222903505464,3.31585120544,3.1413122978031467,4.0483890639289735,2.2379671537208856,3.315736027077504,3.1947553314976918,3.167675414932719,3.191849222274538,4.096943779516199,3.0533152574919566,2.762146259222501,2.174524118464902,2.24741329173029,3.9371112612640737,2.205846991577197,2.085390740714074,2.925685940587983,2.800139519714188,2.1643167338977842,2.0854455226555935
513,3.206607168062525,2.0666592269112622,3.7028099915083654,2.1608579400261285,3.2643293609464954,2.9991717866131,2.4631009009721705,2.6649448287384643,3.9094760374385933,2.3658918550355446,2.3960725724775647,3.3178598956235694,3.142435528049104,4.047662567540476,2.236398514883046,3.31611173899229,3.1951854433986835,3.168118001771191,3.1909861719157093,4.097823990408695,3.0526706453987367,2.761775603233755,2.174373543164519,2.2485718077456447,3.937432140089621,2.20532671590412,2.0850115868855053,2.9257474117616913,2.800621747923384,2.1636443985169866,2.085475993357019
514,3.2063627751079102,2.0663592635671466,3.7037169153054887,2.15994047552574,3.264687456038348,2.9996556428737446,2.4624419191103692,2.666367163315437,3.9088123993884802,2.365174944715731,2.394526230327555,3.319849764791276,3.1435521491907608,4.046936292226885,2.2348488187160838,3.3164719807610226,3.1956022536104935,3.1685414594410832,3.1901249102472153,4.098669614076957,3.0520202181325615,2.761376044935324,2.1742228484883115,2.249747333087168,3.9377356509939827,2.2047999196577357,2.084635143413259,2.9258119668255302,2.801085243265833,2.1629784914573826,2.085509070095241
515,3.2061001609923756,2.06606175621452,3.704633324819843,2.159032434233717,3.265012749578361,3.000144982127769,2.4617969447343886,2.667766350502384,3.908158400620775,2.3644576370883024,2.3929806126810327,3.32181045698976,3.1446549482748405,4.046205823174406,2.2333172641683663,3.3168134362960524,3.1960047832790277,3.1689462547211513,3.1892671817531424,4.099483217379406,3.0513679675272156,2.7609521288315997,2.174072279281461,2.2509409715313495,3.9380255879658503,2.204267139885647,2.0842614295408706,2.9258835206569267,2.801533487050614,2.16231935092452,2.0855447499672115
516,3.205818471643892,2.0657666498771676,3.705555661369121,2.158133539603383,3.2652959560000463,3.00063185674955,2.461162395703136,2.6691363505549806,3.9075049847629004,2.3637388445313925,2.391434118105173,3.3237353191556096,3.1457398878631686,4.04546928974497,2.2318035336247655,3.31713778030886,3.1963964315482505,3.169337347770704,3.1884191976957723,4.1002704090661615,3.0507227547310465,2.760512830583659,2.1739222705216177,2.2521543577788115,3.9383076203903657,2.2037291677760082,2.0838905065557967,2.9259659157740048,2.8019701504078562,2.161667229368399,2.0855830238153747
517,3.2055173152595704,2.065473898184512,3.706481437140771,2.1572435775832686,3.265533027420155,3.001112402095524,2.4605366005917566,2.6704752243509127,3.906849631126211,2.363018441499004,2.3898867220675104,3.325623692795517,3.14680760637875,4.044728032464234,2.2303077571042347,3.3174511689019983,3.196783785077688,3.169722351490308,3.187589421162681,4.101037890203772,3.0500950984855413,2.7600684121173487,2.173773269765511,2.253389210263767,3.9385872576968373,2.2031867369749523,2.0835224410962403,2.92606152975084,2.802397954259647,2.1610221862959964,2.085623872910266
518,3.205197030325114,2.0651834710395365,3.707410096699614,2.1563624309541654,3.2657266536846468,3.0015881930769917,2.4599203548784843,2.6717858297938877,3.9061971993386986,2.3622974000976957,2.3883399484929586,3.327481112674345,3.1478632895416996,4.043986143114371,2.2288303282598783,3.317762218242585,3.1971743732418654,3.170108839260532,3.186785650456137,4.101791199293405,3.049493491236996,2.759626924787172,2.173625560328391,2.254646862483436,3.9388679260558357,2.2026402452186615,2.08315726873919,2.926170420427419,2.802817879647051,2.160384050085325,2.085667268933261
519,3.204858686710435,2.0648953564854624,3.7083431744832733,2.1554900790817273,3.265885336085871,3.0020656367394816,2.4593165846852596,2.6730747991776442,3.90555812117228,2.361577529050902,2.3867962986134095,3.3293173168912102,3.148914936231927,4.043249026682487,2.227371638433762,3.3180791601552113,3.197574137627536,3.1705017250350096,3.1860124004511716,4.102532924845521,3.048921510690387,2.7591915648320304,2.173479145870498,2.2559279355498214,3.9391498180066042,2.20208960396224,2.0827949702074067,2.9262903025070877,2.803229002304146,2.1597524609778027,2.085713177093444
520,3.2045038252095908,2.0646095562480293,3.709283699453274,2.154626564137372,3.2660203730784136,3.0025536208799712,2.458729245179484,2.674350153458511,3.904944581556575,2.3608609116456214,2.3852583424887612,3.3311427610113142,3.1499706218007235,4.042521484824091,2.2259318216163475,3.3184071543048432,3.1979854860321715,3.1709016103056977,3.1852694697156005,4.103261986797948,3.048376701403352,2.75875977444427,2.1733337352488564,2.2572322657359387,3.939429900834244,2.201534264271184,2.082435467837944,2.926417357110743,2.803629003445516,2.1591269787240095,2.085761561163575
521,3.204134035539333,2.0643260766489133,3.710235068839462,2.15377193667957,3.2661418570072644,3.003060275886567,2.4581618589562204,2.6756184096841262,3.904366063047501,2.3601492474960803,2.383727797855728,3.3329648797186424,3.151035734788473,4.041806000284377,2.2245105976329373,3.3187466880611622,3.1984066009595047,3.171304654632818,3.1845521657526428,4.103974212028254,3.0478515761289424,2.7583243663439863,2.1731888312474448,2.2585591116314805,3.939703060656962,2.200973404846003,2.0820786427395963,2.9265475814477475,2.804015168779157,2.15850721579165,2.0858123886609916
522,3.203750529221486,2.064044918186864,3.711199802441024,2.1529262006348344,3.266255134573883,3.0035900256845736,2.457616227818929,2.6768822279288704,3.9038258665042944,2.3594433368323044,2.3822049226344646,3.3347854373357966,3.1521111789780054,4.041101835713011,2.2231072648415062,3.3190936096329944,3.1988322290828095,3.1717039901571877,3.183853077397766,4.1046639736489,3.0473363404003084,2.757876238246001,2.1730438900413898,2.259907565895014,3.939963954985398,2.200406210883855,2.08172436582,2.92667819081541,2.804385514547844,2.1578929485230782,2.0858656344427815
523,3.203353862888257,2.063766067513246,3.712178629650062,2.1520892775581246,3.2663590070634148,3.004141992530184,2.457091784122121,2.678139453314094,3.9033198732415197,2.358742892576343,2.3806884320949786,3.3365999163410005,3.1531931837481273,4.040405268975363,2.221720840066981,3.319440757377482,3.199255650593437,3.1720921562778255,3.183164738543872,4.105326290382859,3.046822339435288,2.757407686172005,2.172898493240863,2.261277022253009,3.940208894467615,2.1998321411924784,2.0813725311863847,2.9268085636849226,2.8047396350624827,2.1572841670597005,2.085921281560988
524,3.2029439106037043,2.0634894946296916,3.713170238919016,2.151261002605878,3.266446314931322,3.004710330303766,2.4565858133692386,2.6793839085216877,3.9028380050092224,2.358046745771127,2.3791759632469005,3.3383991622870317,3.1542747874971937,4.039710879696786,2.2203502921164033,3.319780588730972,3.1996711141897753,3.172463678774866,3.182482222876804,4.105958629913008,3.046304986054902,2.7569151262924043,2.172752470639545,2.262667528058678,3.940437073367958,2.199251087667246,2.0810230800159077,2.926940387250198,2.8050789678899837,2.15668104715721,2.085979319153875
525,3.20252009138186,2.0632151562202834,3.7141717772573744,2.1504411527370726,3.2665066942857646,3.00528636952511,2.4560944638523883,2.680607661853226,3.90236785948285,2.3573533678103136,2.3776649152958353,3.340172699882123,3.15534846372389,4.039013427656863,2.2189947843775255,3.3201078769852606,3.2000758744150004,3.1728168846284635,3.1818047565145324,4.1065617846075,3.045785140952825,2.756400268599056,2.1726059308004975,2.2640798951942998,3.9406507197362415,2.198663373353446,2.080676006890036,2.9270769568323947,2.8054063851386437,2.1560838552072408,2.0860397381680573
526,3.202081763586034,2.062943003796928,3.7151799124521125,2.149629495845926,3.266530507305391,3.005861802285139,2.4556141730272465,2.681803956640402,3.901899201876544,2.356661518483485,2.3761533630655047,3.341912536178616,3.1564089524581487,4.038309653508247,2.2176538417531297,3.3204215387687013,3.200471126317874,3.173154333445768,3.181135808626093,4.107139537584606,3.045268497688579,2.7558693623546775,2.172459190844409,2.2655155314468294,3.9408541403936184,2.198069596023752,2.0803313471783147,2.9272218953732034,2.8057252652682605,2.1554928217226914,2.0861025264756314
527,3.2016286361669337,2.0626729936115114,3.716192063441654,2.148825842244199,3.2665125096185035,3.006431744729746,2.455142985347689,2.682969732593516,3.901427667365875,2.355970782449593,2.3746407155636353,3.3436160793588803,3.157455278884548,4.0375993573769495,2.2163273863721447,3.3207249691821055,3.2008615313828104,3.1734817467126053,3.1804816736102177,4.107697276904526,3.0447632522773995,2.755330834700138,2.172312633219329,2.2669760568138497,3.941052037102374,2.197470379991213,2.079989150833271,2.9273777698436034,2.8060383891625365,2.154908029592507,2.0861676651555605
528,3.2011610410540063,2.062405094700814,3.7172073418793325,2.1480300796227647,3.2664538937262524,3.0069965389440694,2.454681271509407,2.6841068004176645,3.9009563019407727,2.3552817962257677,2.3731278841675008,3.345287102245477,3.158491220883977,4.036885364602355,2.2150156340912193,3.321024786391952,3.2012535269231295,3.1738058477074067,3.1798490906471253,4.108240085409171,3.0442769441906514,2.7547922127804014,2.172166542716968,2.2684628469004737,3.9412477235045538,2.19686612960903,2.079649452530088,2.927545113533014,2.8063470668808628,2.1543293575781237,2.086235127229987
529,3.2006799640102583,2.062139292172256,3.7182268551635027,2.1472421791214367,3.2663619330730187,3.007561607037129,2.454231577766286,2.6852212153478643,3.900494355172431,2.3545960811120565,2.371616903326225,3.34693438085275,3.159524042989166,4.036172386819603,2.213718892972794,3.321328449437078,3.20165304012397,3.1741319045135583,3.1792427744976006,4.108771006796318,3.0438136306396983,2.7542574573045147,2.1720209830221657,2.2699766713708325,3.941441894485528,2.196256873993177,2.0793122489789866,2.927722209793118,2.8066508143583304,2.1537564989636184,2.086304879174121
530,3.2001868233372517,2.0618755846158425,3.7192532597969308,2.1464621709178417,3.266247345119128,3.008135395520378,2.4537976592880675,2.6863210636388954,3.900053756641932,2.3539155443529243,2.370110147346167,3.348568496752396,3.160561953805117,4.035465191708809,2.2124373386356355,3.3216416177068413,3.2020634392883762,3.174461865414677,3.1786637471096286,4.109290110459281,3.0433724114451555,2.7537256657054128,2.1718757569855565,2.271517560698906,3.9416323893658665,2.1956422568637373,2.0789774912900696,2.9279057123171555,2.806947694694882,2.1531890475657542,2.086376884481372
531,3.1996830822410103,2.0616139766856016,3.7202897353547217,2.1456900989622048,3.2661203564038823,3.0087261733980695,2.45338306051902,2.6874134768347258,3.899644579262343,2.3532418357690346,2.368609434661348,3.3501979834666207,3.1616112254562543,4.034766754526946,2.2111708477364593,3.321966213091608,3.202484465869411,3.1747937525499688,3.178109057986503,4.109794677977247,3.042947813758693,2.753191590897897,2.1717304639073634,2.2730849509130238,3.941815022217027,2.1950216712087203,2.078645094591618,2.928091869352111,2.807235192323364,2.152626618693385,2.0864511078916808
532,3.1991698444088996,2.061354469652836,3.721338767602404,2.144925972116352,3.265986949055441,3.009338886953463,2.4529897778540044,2.688501987828161,3.8992711835742075,2.352575801365752,2.3671153494939774,3.351826247005655,3.1626740432329887,4.034077074285378,2.2099189475665217,3.3222998789837197,3.2029125234900166,3.1751225110866215,3.1775729654592855,4.11028041764904,3.042531854963467,2.7526477496869814,2.171584631194893,2.274678052353935,3.941985155208235,2.194394484894709,2.0783149607298403,2.928277893784932,2.8075112911611217,2.1520689601551117,2.086527518782886
533,3.198647588438446,2.0610970534559745,3.7224012014924384,2.1441697301313205,3.265846702152598,3.009973256007268,2.4526175089450137,2.6895852226572727,3.89893049282096,2.3519172381265574,2.3656270262561607,3.3534503994500544,3.1637478775136945,4.033393089197833,2.2086808957168027,3.322637002483666,3.203342189267199,3.1754419693222045,3.177049107941267,4.110743231579823,3.042116979746088,2.7520873074356706,2.1714378700153043,2.2762963026058918,3.9421394110480694,2.1937602700261936,2.0779870051539633,2.92846296274086,2.8077753527329614,2.151516012529406,2.0866060926200265
534,3.198116142659483,2.060841703186859,3.7234759229412764,2.1434212370646804,3.2656930425080275,3.010623832199892,2.452263772109152,2.690657428288975,3.898613057578695,2.351265040610067,2.3641424685068255,3.355062430160517,3.1648265999336966,4.0327097159475525,2.2074558559022743,3.3229708862568494,3.203768358250109,3.175747157486825,3.1765328314199546,4.111180858917836,3.041698750001423,2.751506644675767,2.171289995907443,2.277939729871436,3.9422768705567397,2.193118948948354,2.077661177809867,2.928648467317486,2.808028465786692,2.1509678970044077,2.0866868100587532
535,3.1975749088633876,2.06058838126957,3.724560290197291,2.1426803040927123,3.2655158182449155,3.011282008468055,2.4519248530374256,2.6917106538034554,3.8983065256692497,2.350617683517572,2.362659277529615,3.3566522752646,3.1659029215646552,4.032021622181543,2.206243102278122,3.3232962469152048,3.2041882094220524,3.17603611519841,3.176022798241875,4.111593778457609,3.0412772787199973,2.750906647252809,2.171141069403053,2.279609086478456,3.94239930583832,2.1924708036384457,2.0773374704761105,2.9288374183817676,2.808273138158742,2.1504248360948823,2.086769654096168
536,3.1970232477750127,2.0603370444375746,3.7256511506751195,2.1419467324158994,3.2653052376689002,3.011939238363018,2.451597224610993,2.692737780219802,3.89800022483427,2.3499738588876706,2.3611755169032196,3.358211646057809,3.166971246412858,4.031325073463252,2.2050421767319346,3.323611119441648,3.204602267826003,3.1763105279938153,3.175521294300688,4.11198504872421,3.0408568960076736,2.75029226118305,2.1709913428851975,2.2813057008552704,3.9425103770888823,2.191816349123526,2.0770159083544426,2.92903323834864,2.808512450586811,2.1498870374818577,2.086854606340759
537,3.1964608772273415,2.060087652818624,3.726746055088436,2.141220359516749,3.265055692070611,3.0125902581266066,2.4512789031840416,2.6937352615876593,3.897689131330071,2.3493330276544504,2.3596903915289817,3.359737189432434,3.168029878721396,4.030619169437976,2.2038529434775236,3.3239174829920364,3.2050141882345273,3.1765749840161996,3.175033156278934,4.112359174509581,3.040444218358277,2.7496705193363224,2.170841135697275,2.283031105148157,3.942614119555313,2.1911561236291655,2.0766965297079527,2.9292384038025245,2.808748996579266,2.149354584829887,2.086941643794608
538,3.195888128767713,2.0598401776748516,3.727844203183278,2.140501091147714,3.2647680031838204,3.013235080891494,2.450970221566121,2.694704528826973,3.8973757092144314,2.348695675743876,2.358204490153321,3.3612317891963177,3.169081756331588,4.029906009425625,2.2026755247154655,3.3242204019463335,3.2054293669190965,3.176835160420585,3.1745637604836467,4.11272045526729,3.0400453948040163,2.7490478212047966,2.170690686150838,2.2847865820820727,3.942713311834509,2.190490478211046,2.0763793616560218,2.929453458563665,2.8089840136958384,2.1488273765807584,2.087030737327538
539,3.1953059617513304,2.059594604892329,3.728946755586733,2.1397889071798017,3.2644492142698462,3.013878978169109,2.4506737153018707,2.6956515004467536,3.8970688989367477,2.348063175747425,2.356719505102638,3.3627035070793245,3.1701334309679865,4.0291897273183945,2.201510145454204,3.3245260288897995,3.205852925654704,3.1770956450940337,3.174116857303815,4.1130714568466615,3.0396636001043182,2.7484275149891495,2.170540036967661,2.2865728060583606,3.9428083524558755,2.18981944627362,2.076064401373629,2.9296767729708204,2.8092170376058054,2.1483051353973597,2.0871218523159265
540,3.1947157269299153,2.0593509329489974,3.7300563885114144,2.1390838394997087,3.26410997818714,3.01453042835011,2.4503931580800975,2.6965843653124146,3.8967806202588697,2.3474373063449407,2.355237541112274,3.364162560912529,3.1711926837792555,4.028474764588319,2.200356948552715,3.324839243580718,3.2062878470329954,3.177358228904125,3.173693079680082,4.113412189998706,3.0392977327579023,2.7478087000103697,2.170388997412601,2.2883897185596584,3.9428970717810974,2.1891427409562474,2.075751609617985,2.9299051399919844,2.8094462090359786,2.1477874840511646,2.0872149510363904
541,3.1941187700144393,2.059109166192352,3.7311762611309556,2.138385930765074,3.2637605318390754,3.0151978050997323,2.450132113979223,2.6975104749991865,3.89652111773814,2.3468196145990436,2.3537602805844675,3.3656174977111344,3.17226569234313,4.027764043387078,2.1992158504571244,3.32516183634359,3.206733979057633,3.177621316579792,3.1732896867463687,4.113740301738838,3.0389428021576546,2.7471866912157528,2.1702371959338813,2.2902366891419854,3.9429755464718417,2.1884598786661966,2.075440918662471,2.9301349795119034,2.8096691126661555,2.147274058385313,2.0873099957692123
542,3.193516030987821,2.0588693060377343,3.732308795810951,2.1376951900952257,3.2634068097680986,3.015886081577653,2.4498925659376702,2.6984335383265634,3.8962949367265165,2.3462108675999103,2.352288324152669,3.367072032168962,3.173354837442859,4.027057739547539,2.1980864905306294,3.325491922758008,3.2071882838312495,3.1778806664269466,3.172901622330054,4.1140521916375885,3.038591832069103,2.7465549447294957,2.1700842022438924,2.292112902404936,3.943039595549198,2.1877703784929623,2.0751322511737147,2.9303636873165937,2.8098838226689895,2.1467646141496863,2.087406951428275
543,3.1929077987861816,2.0586313434793606,3.7334547473209656,2.1370115628893327,3.2630482077545793,3.0165948318491242,2.4496741533634605,2.699352203740358,3.8960990868521255,2.345610804950003,2.3508209536457376,3.368523758153052,3.1744579829032267,4.026353119926977,2.196968289504162,3.325824784411772,3.2076462112464856,3.1781311481326258,3.172523453756501,4.1143446032966144,3.0382385158806358,2.745907677208526,2.169929670662365,2.2940178201677206,3.943086367786347,2.187073958156119,2.0748255424223716,2.930590605186299,2.8100897502714717,2.146259087176691,2.08750578684614
544,3.192293719704323,2.058395255783323,3.7346129266275048,2.1363349263669327,3.262677873420247,3.017318314962007,2.4494743176797207,2.7002605868651397,3.895924113926683,2.3450182868265617,2.349356399758082,3.3699652132724514,3.1755694874307387,4.025645495170981,2.1958605904762116,3.3261547720105966,3.208103635686615,3.1783688121774314,3.172151413051825,4.114616055339537,3.0378795663274136,2.7452421443059234,2.169773448198652,2.2959515342384504,3.943115390967721,2.186370649287598,2.0745207570947373,2.9308172315420715,2.8102879652947377,2.1457575844113803,2.0876064743826572
545,3.19167305644784,2.0581610085988453,3.7357806898073234,2.1356651122364094,3.2622854250043214,3.0180476256426783,2.449289304637842,2.7011505547620267,3.8957576820266375,2.3444317799807357,2.3478925040964365,3.3713868748279907,3.176682543965906,4.024929911596594,2.1947628255101597,3.3264775077208997,3.2085585822577527,3.178592452948359,3.1717847311517864,4.1148675444817835,3.03751583077778,2.7445596853476353,2.169615605075214,2.2979148654283255,3.94312866749519,2.185660787903227,2.074217894305297,2.931046587838138,2.8104808676537627,2.14526030981905,2.087708988094721
546,3.1910450954447414,2.0579285626159427,3.736955002695752,2.1350019472104056,3.261861058570931,3.018774095808796,2.449115640065209,2.7020148979714165,3.895589293043615,2.3438499939892807,2.346427517414583,3.372780930436268,3.1777919398564114,4.024202926718269,2.193674643281062,3.3267915296509334,3.2090120670205913,3.178804060454083,3.171425748499474,4.115102249482019,3.0371517436382502,2.743865137802094,2.1694563765132764,2.299909164709984,3.9431297835861594,2.184944886438258,2.0739169792078527,2.931281988998925,2.810671338297098,2.14476745409913,2.0878133011827154
547,3.1904095423908654,2.0576978821413876,3.7381336646281484,2.1343452952309976,3.2613994552797183,3.0194926349521385,2.4489515072061137,2.7028501647792553,3.8954143151457727,2.3432724211219647,2.3449607268815327,3.37414436814336,3.1788961726072738,4.023463784067371,2.1925959503388976,3.3270987543301134,3.2094677344865974,3.1790080014220754,3.171078779735119,4.1153243671009925,3.0367933556176205,2.7431648750451965,2.1692960398168792,2.301935892176442,3.943122393299824,2.1842234407401446,2.0736180448891752,2.931525702513856,2.810861703476375,2.1442790909419136,2.0879193836912746
548,3.1897667506040754,2.057468942242386,3.7393162091900107,2.133695084882915,3.2609019571199256,3.0202036985331953,2.44879748375464,2.7036580438477715,3.895235739317161,2.3426995686374665,2.343492673261279,3.375480184791807,3.1799981021855785,4.022714535439185,2.1915268531706773,3.3274035987824706,3.209930451603329,3.1792092716228644,3.1707482044861806,4.115537555780837,3.0364457441655173,2.74246426253006,2.1691347759748223,2.3039961398211797,3.9431086842455203,2.183496749944081,2.073321111910597,2.9317780249421417,2.8110529203943098,2.143795119906934,2.08802720134109
549,3.189117690475155,2.057241731688683,3.7405041232288587,2.1330513115082312,3.260376135030506,3.0209130878280486,2.448656340302126,2.7044447337815116,3.8950629556405634,2.3421327910259016,2.34202487917905,3.376796236817481,3.1811038886610152,4.021959068349297,2.190467526926762,3.3277111293986406,3.2104044292985447,3.179411524384654,3.1704365564782337,4.115743613881523,3.036110847406519,2.7417655484275065,2.1689725705753466,2.306090288962757,3.943088435045076,2.182764820253384,2.0730261735699793,2.9320371397728806,2.811244305259229,2.1433152777722846,2.088136715875017
550,3.188463668305031,2.057016250576984,3.741700292083609,2.1324140135108944,3.25983289085971,3.0216296301747687,2.4485319701989847,2.7052185273127747,3.8949080100952007,2.341573787379793,2.340559201132591,3.378102186033029,3.182220640870099,4.021201427791858,2.189418064547976,3.328024990091505,3.210891631949483,3.179615665987,3.1701433766346607,4.115941921380977,3.03578658724574,2.741067023881558,2.1688091930489772,2.3082179426112277,3.9430590389626468,2.182027389159626,2.0727331925190233,2.9322998130078997,2.81143390995116,2.1428392134278815,2.0882478866322307
551,3.1878059031614683,2.056792503607056,3.7429078866110514,2.1317832324200583,3.2592822197047795,3.022361637086489,2.4484278687845684,2.705986551719286,3.8947808072315757,2.341023962973403,2.3390970646347773,3.379405753901608,3.183353715680389,4.0204441015465,2.1883783662309075,3.328345947720947,3.211391120900702,3.179819580190622,3.169865287138462,4.11612986725319,3.035467628755525,2.7403637792830833,2.1686442622682804,2.3103781658647686,3.943016485821274,2.181284058562313,2.072442109801495,2.932562652629768,2.8116193961605505,2.1423665965952643,2.0883606725821933
552,3.1871451311400123,2.0565704916856804,3.7441291338089773,2.1311589726203573,3.2587293098898034,3.0231135411353773,2.448345764577389,2.706751952997311,3.8946851550940957,2.3404839088192206,2.337638884321011,3.3807097726134545,3.1845047417510224,4.019686949421521,2.1873481113844964,3.3286716332881383,3.211899596326087,3.18001908640869,3.1695972507847614,4.116304087881369,3.0351474644093988,2.7396497444020196,2.168477372110111,2.3125699435441023,3.9429569111442415,2.180534482137879,2.072152862459644,2.932823433305914,2.8117990584952786,2.1418972176362416,2.0884750339883844
553,3.186481398888639,2.0563502051866647,3.745364463954755,2.1305411767376423,3.2581725386294953,3.0238840560529567,2.4482849485422595,2.7075126439711825,3.8946172246697888,2.339953205576331,2.3361838927635294,3.38201119424096,3.185671140913399,4.0189271933342585,2.18632682107701,3.328997559067788,3.212412905747807,3.18020973204698,3.169334497025321,4.116462011021978,3.03482097293237,2.7389201830460426,2.168308226267291,2.3147926723159467,3.9428780882405015,2.1797785309650597,2.0718654025123664,2.9330819578184726,2.811972589042023,2.141431039513265,2.088590933164218
554,3.1858141318190687,2.056131621523643,3.7466123789692167,2.129929726343608,3.2576041732017673,3.0246666059350105,2.4482425721324432,2.7082621216293403,3.894567043391504,2.33943062867482,2.334730436962442,3.383302432103037,3.1868473159414386,4.018160458213259,2.1853139827841264,3.3293189700883534,3.2129278884840495,3.180388679407474,3.169074321688875,4.116603071674876,3.034486405073779,2.738173628132869,2.1681367276216887,2.317046484250554,3.9427802557000566,2.1790163707396952,2.071579709680521,2.9333401080710844,2.8121412788471556,2.1409681819748547,2.088708334187034
555,3.1851424492225524,2.055914707960296,3.74787009735115,2.1293244673925456,3.2570135112569334,3.0254518693082706,2.44821480085511,2.7089920408613803,3.8945224396932017,2.3389146724503327,2.333276617262558,3.3845744849791775,3.1880270143883522,4.017382437819375,2.184309185607688,3.329632761500961,3.2134437925738246,3.1805559141736923,3.1688170201529897,4.116729098973321,3.034145981511095,2.737412472204455,2.1679629860139635,2.3193322627002875,3.942665940602736,2.178248420543286,2.071295792890663,2.933601062769652,2.812307576561117,2.1405088447482665,2.0888272017757625
556,3.1844655981946173,2.055699428488827,3.7491347177353704,2.128725249842378,3.256391219392274,3.026231438959523,2.4481983686334985,2.7096955307938844,3.8944738770418796,2.3384041847742982,2.3318210114702653,3.3858205954062557,3.189205919728736,4.01659051673611,2.183312211802642,3.3299386840402203,3.21396268403704,3.18071428663458,3.168565574276597,4.1168437152502735,3.0338048601433796,2.7366419807092877,2.1677872417272206,2.32165133595381,3.9425388489946953,2.1774752118987926,2.07101368020897,2.9338679960420837,2.81247418233204,2.1400532004842985,2.088947499784295
557,3.183783332165242,2.055485751996049,3.750404432792832,2.128131965355269,3.2557331407592573,3.0270011405589043,2.4481919130415584,2.7103699316866496,3.8944182477982006,2.3378988589338556,2.3303631969022804,3.3870389828462897,3.1903834350474223,4.015784701221667,2.1823230495071,3.3302393587921326,3.2144886851960983,3.180868377111479,3.1683242297899374,4.116950997075714,3.0334689032287114,2.735868141947536,2.1676097364029694,2.324004967846688,3.9424022777188084,2.1766972072115545,2.0707334015215317,2.934142782826471,2.8126430428457585,2.1396013000356895,2.089069189898152
558,3.1830960831043065,2.0552736584447473,3.7516793024046255,2.127544567997423,3.2550420369761195,3.0277626684847365,2.4481965510439685,2.711017845367315,3.8943600956089983,2.337399384864687,2.328903866098908,3.3882335562389247,3.1915629469335993,4.0149674896786385,2.1813418240154574,3.3305391085484164,3.215026359090405,3.1810226571010807,3.1680965570757196,4.117053952256017,3.0331421681309667,2.7350952406647027,2.1674305842540194,2.3263938510674933,3.942257696533716,2.1759146520467287,2.0704549710941684,2.934425235122152,2.812814654346335,2.13915302762552,2.0891922310504523
559,3.1824048574364197,2.0550631406108164,3.752961269885121,2.1269630698819,3.2543265432742023,3.028522855909771,2.4482154545685795,2.7116460596364265,3.894309757934493,2.3369071977898903,2.3274444960933542,3.3894123194336583,3.1927504706084973,4.014142742429434,2.1803686778019764,3.3308420980081497,3.2155789104668946,3.1811797055534243,3.167883798164459,4.117153441688662,3.0328251567036384,2.7343241499765916,2.167249696014259,2.3288178120090377,3.942104079165848,2.175127520470727,2.070178377029838,2.934713178501549,2.8129879559114728,2.1387081234257717,2.0893165797406223
560,3.181710894641533,2.0548542007089665,3.7542534100048175,2.1263875138229036,3.2535977379430903,3.029290849586986,2.4482525899869167,2.7122627676993387,3.894279166933076,2.3364239259112667,2.32598671135194,3.3905841225525446,3.1939522393552746,4.013314019215276,2.1794036495946383,3.3311505634118426,3.216146956256923,3.181339218984375,3.1676841837671317,4.117247991978398,3.0325145453700126,2.7335520385730945,2.1670667865288062,2.3312758536612934,3.9419382577398294,2.174335573937375,2.0699035817172877,2.9350033377773186,2.813160854670447,2.1382662639668686,2.089442190996504
561,3.1810152249332537,2.0546468433019256,3.755558711854137,2.1258179342887153,3.2528647071716104,3.030074323537253,2.4483111302987277,2.712874205159953,3.894277008107303,2.335950762605979,2.3245316028349854,3.391755092577947,3.1951722337524933,4.0124830698414495,2.178446601894428,3.3314638747518526,3.2167283865965715,3.181498227782461,3.167493504557247,4.117334578501834,3.0322045087572747,2.732773608893128,2.166881462824262,2.3337665267597396,3.9417561587070358,2.173538507886599,2.069630532854314,2.9352926716773298,2.8133311665051774,2.137827167613613,2.089569019455461
562,3.180318308117828,2.0544410673908096,3.756878894175758,2.1252543226023026,3.252130912937822,3.030876275242317,2.448392187528247,2.713482073443237,3.894305207616179,2.3354880196957724,2.3230792791100043,3.392926203207451,3.196410661310066,4.011649094089041,2.1774972249792963,3.3317788163019344,3.217319378132855,3.1816524275418234,3.167306700154178,4.117410056201644,3.0318890896408535,2.731983351194761,2.1666933564021646,2.336288482394462,3.9415544151662325,2.172736124806207,2.0693591803522313,2.9355796116987944,2.813497586254651,2.137390682497134,2.0896970201088396
563,3.179619905301389,2.054236860907567,3.758213741541172,2.124696610518646,3.251392854832175,3.031693722062978,2.4484943850633702,2.714082803071656,3.89435818175496,2.3350350433976286,2.3216288258471676,3.3940929638672284,3.1976639924747765,4.010809062301759,2.1765551130471414,3.332090948862411,3.2179161289614986,3.1817980640377526,3.167119800886788,4.11747264181122,3.0315646277230295,2.7311778760620116,2.1665022449653963,2.3388409780075894,3.941331689556196,2.1719284622546793,2.069089492109561,2.935864696861712,2.8136602900601035,2.136956821700772,2.089826148530912
564,3.178919237376989,2.0540341998308875,3.7595612365591666,2.1241446786696985,3.2506415810409006,3.0325188432013164,2.4486144478711376,2.7146689624365057,3.8944251561694796,2.334590525644999,2.3201786811003364,3.395247332129636,3.198926514742314,4.009958949302071,2.1756198786981518,3.332396462697913,3.218516576460846,3.1819335771795214,3.1669314050852195,4.117522824599567,3.031231228773825,2.7303573535694596,2.1663081129990838,2.3414241207658977,3.9410891553879774,2.1711158237080452,2.068821462226556,2.936150342429954,2.8138209239048093,2.136525732038086,2.0899563606521885
565,3.178215362471658,2.0538330522367634,3.7609184337702017,2.1235983860518455,3.2498664357466187,3.0333421116263364,2.448748572954643,2.715232242798611,3.894494609144944,2.3341530823222354,2.3187272658956566,3.3963810495648215,3.200192751411692,4.009095364040787,2.1746912574537203,3.33269373640075,3.219121369556799,3.182060314097587,3.1667430690670253,4.117563320294854,3.0308926557060674,2.72952546164841,2.166111126238084,2.3440387374973772,3.9408299356182868,2.1702987011592203,2.0685551084566556,2.936439837803609,2.8139819849245677,2.1360976096696636,2.090087612237556
566,3.1775076141105,2.0536333855712945,3.7622827131110763,2.1230576080908374,3.2490595096406225,3.03415613931395,2.4488940210691434,2.715766801318773,3.8945590205639484,2.333721861296379,2.3172736095931175,3.39748902863466,3.201459747122092,4.0082169018416085,2.1737691596626805,3.3329839527631417,3.2197336855559224,3.1821820167109953,3.1665584478679056,4.1175980868472735,3.0305546889676274,2.7286878736044993,2.1659115312363015,2.346685916722901,3.940557732721272,2.1694776236764803,2.068290460183862,2.936735988795735,2.8141458526050016,2.1356725972490276,2.0902198582710545
567,3.1767959199953637,2.05343517413111,3.7636528930468836,2.1225222674742263,3.2482189625519036,3.0349586524654857,2.449050274176193,2.7162715859339457,3.894617971905565,2.33329693029911,2.3158177156439863,3.398571400312837,3.2027282814202556,4.0073246645282925,2.1728536499670548,3.3332705223054355,3.2203579696062126,3.182303304790306,3.166381554223947,4.117630818464036,3.030222650981803,2.7278499283546513,2.165709522531391,2.3493664090675113,3.9402752246657347,2.168652996293883,2.0680275420901584,2.937039968052482,2.8143138723321397,2.135250704633385,2.0903530524880476
568,3.17608087218982,2.0532384036778937,3.765029740426064,2.1219923451745055,3.2473498390600155,3.0357533545673574,2.4492192752635846,2.7167506735579128,3.8946783100198332,2.3328792841663235,2.314360522662651,3.399633380852211,3.2040025153580247,4.006421740086086,2.171944864931939,3.3335575660003807,3.2209981300357633,3.182427796679095,3.166214875063542,4.117663555238787,3.0298991414744925,2.7270144666202327,2.1655051331532746,2.3520801364389854,3.9399828982519103,2.1678249962310563,2.067766360339491,2.9373508513165523,2.814485872383944,2.1348317853906913,2.0904871472543656
569,3.1753635201113974,2.0530430713112096,3.76641566299198,2.1214678674242298,3.246462026598806,3.036548299727796,2.4494046441695434,2.7172114714922224,3.8947512989903434,2.3324704683551283,2.312903484124842,3.400683020555602,3.205288231170717,4.005511869162086,2.1710429049741133,3.333848108879171,3.221655958234119,3.1825566629473077,3.1660581431341956,4.117695996463029,3.0295829395980354,2.7261807412691104,2.1652981941922365,2.3548260196189785,3.9396788076702194,2.1669935681726864,2.0675068969125174,2.937666031607943,2.8146603142773277,2.1344155782623604,2.090622093804355
570,3.1746449706031097,2.052849180690032,3.7678137108766556,2.1209488743735827,3.2455661962447047,3.037352439087397,2.4496101918302573,2.717661525764573,3.89484794305999,2.332071976575687,2.3114479478777996,3.4017277865047753,3.206590417505252,4.004597867540818,2.1701477466685097,3.334142763052081,3.2223304536814767,3.182688227155924,3.16590828363676,4.117725808243687,3.0292695352048815,2.7253448546012486,2.1650883801498084,2.357602203927037,3.939359359451762,2.166158518373182,2.0672491142332245,2.937982336726976,2.8148350104715463,2.134001795884961,2.0907578426309956
571,3.1739259617681777,2.0526567346244002,3.7692263051610855,2.1204353836916052,3.2446694206566344,3.038171780793214,2.4498383536927144,2.718105269455866,3.894974435533854,2.3316846757580807,2.309994597009844,3.4027714203291626,3.2079112223798454,4.0036804716038965,2.1692592116529084,3.334439465616907,3.223018349397122,3.1828187825582397,3.1657605571614473,4.117749794723,3.028953061809249,2.724501530189582,2.1648753207451668,2.3604065954153195,3.9390207943578543,2.1653196662427465,2.066992967918445,2.938297380506008,2.8150081051539804,2.133590223654347,2.090894343777028
572,3.1732065922008923,2.0524657281484346,3.7706542300399875,2.1199273643621126,3.2437723099940827,3.0390067791080138,2.450089200450125,2.718542073308698,3.895129638573987,2.331308499403876,2.3085431826201734,3.40381238413634,3.2092491250231046,4.0027580845315835,2.1683770032255896,3.3347343716192803,3.223715610552984,3.18294427021942,3.1656104085125043,4.117765432950301,3.028628805803002,2.7236464611036704,2.1646587316754,2.3632374843914037,3.9386607404636713,2.164476988698578,2.066738422147483,2.9386105791214305,2.8151789042088913,2.133180787737362,2.091031546943485
573,3.17248632215939,2.0522761449659304,3.7720963156576923,2.1194247315075567,3.24286887230869,3.039852057648722,2.4503604430934542,2.718966415717624,3.8953056450866512,2.330942536175022,2.3070926520665793,3.4048445240581415,3.2105996500563543,4.001827512073342,2.1675007926994354,3.3350234970863752,3.224419252136073,3.1830620917329506,3.1654552254642887,4.117772112481076,3.0282952162284613,2.722778230777567,2.1644385086749858,2.366093988502378,3.9382791776452883,2.163630696620216,2.066485461169756,2.938923404290966,2.815348205622815,2.132773564409418,2.0911694015150037
574,3.1717642442617104,2.052087958717639,3.773549945141057,2.118927364084277,3.241949156485247,3.0406985902247374,2.45064843194178,2.719370100538156,3.895491179372918,2.3305854740825853,2.3056416095794665,3.405859645458886,3.211957298739474,4.000885360084908,2.1666303172828565,3.3353043909407223,3.2251286842876397,3.183172274963212,3.16529524925976,4.117771545267667,3.0279545515117228,2.721898987460511,2.164214745005074,2.368976118333179,3.937878402595776,2.162781212525995,2.0662340922273255,2.939238768008532,2.8155179936513344,2.132368727501126,2.0913078566121355
575,3.1710395041806407,2.0519011384748067,3.7750121677229105,2.118435137586223,3.2410035611232475,3.0415374249374634,2.4509497308989374,2.7197455907049704,3.895676401506914,2.3302362119772457,2.304188909897061,3.4068509016362913,3.213317872020319,3.999929495427284,2.165765447821916,3.3355771175326243,3.2258460044493713,3.1832774968489495,3.1651332477543583,4.117767170035586,3.0276118887185355,2.721013592413882,2.163987665575673,2.3718844283342264,3.9374620120376544,2.161929061187739,2.0659843388830668,2.9395598022459923,2.8156906295678956,2.1319664564944136,2.09144686116597
576,3.170311690429213,2.0517156560925467,3.7764809418534844,2.117947957660423,3.2400269869666083,3.042363378474224,2.451262602711777,2.7200890514502265,3.895857087342675,2.329894380206923,2.3027341345730092,3.4078155681198403,3.214680206270785,3.9989599537690634,2.1649061988165306,3.33584413850654,3.2265751151602564,3.183381964322803,3.1649731013589353,4.1177628128010415,3.027272931654303,2.720127621809714,2.1637575067836776,2.374819396558277,3.9370333441553154,2.16107472172936,2.0657362278105955,2.93988855447731,2.8158678852329087,2.1315668440599946,2.0915863639522208
577,3.169581029790792,2.0515314923012853,3.777955977606804,2.1174657803926653,3.2390210710535094,3.043177127654052,2.4515877730804925,2.7204018119256643,3.8960364135231016,2.329560550248152,2.301277754159466,3.4087560385054623,3.2160465961093423,3.9979789175934783,2.1640526783438108,3.336109158770798,3.2273200549693524,3.1834896462548774,3.164817923563209,4.117761188650091,3.0269415740626755,2.7192450942656445,2.163524394211556,2.377780798161039,3.9365940501933583,2.160218504987103,2.065489774791728,2.9402251555694336,2.816050232346528,2.1311698418313765,2.091726313573089
578,3.16884830845543,2.0513486389768714,3.7794388187820758,2.116988610901632,3.2379935489851324,3.0439847956210055,2.45192814345811,2.7206896204695488,3.896223588630393,2.3292360446096536,2.2998209147964053,3.4096786324608033,3.2174217405162495,3.996989787369306,2.1632050011911894,3.3363754494091937,3.228083272401594,3.1836026268253663,3.1646685360153177,4.117762897065529,3.026618276024422,2.718366907301401,2.1632882708095607,2.3807673453839904,3.936143410015539,2.159360507533461,2.0652449758625693,2.9405678143100946,2.8162366902109675,2.1307752668857742,2.0918666584153063
579,3.168114553347162,2.051167096666336,3.7809321300338823,2.116516481199898,3.2369550154352744,3.044795198811403,2.452287571394189,2.72096001130046,3.896429918228055,2.328922429365307,2.2983649478846893,3.4105907422723956,3.218810683702071,3.9959957591698565,2.162363203697849,3.336644389304379,3.2288646014886466,3.1837202957582296,3.164522959185992,4.117766345791745,3.026299953612556,2.717490651931719,2.1630489061292155,2.3837767559092473,3.9356786838335514,2.158500659826104,2.065001807214827,2.940913638052911,2.8164252938763292,2.1303828655596315,2.092007346568359
580,3.167380610002015,2.0509868684701917,3.782438496606442,2.1160494170868693,3.2359144735533643,3.045615933083228,2.4526692409193434,2.721218913782959,3.8966639950236743,2.328620908603559,2.2969108175981217,3.4114975567360095,3.2202166504614973,3.9949985302068036,2.1615271969337315,3.3369148678880833,3.2296613913269145,3.1838397236236595,3.1643771339279008,4.117768631964913,3.0259814209276357,2.7166118732353675,2.1628059820768124,2.386806227841189,3.9351963453130945,2.157638845375204,2.06476023364208,2.94125992335392,2.8166139766216753,2.1299924068939298,2.09214832566068
581,3.1666468006607413,2.050807952934519,3.7839592567036178,2.1155874084115833,3.2348755920286196,3.046449987814462,2.453074325317084,2.7214679624242564,3.8969280811180105,2.3283318818493557,2.295458742586807,3.4123997711584226,3.221639704277056,3.9939976858562614,2.160696776921391,3.33718379960182,3.2304697280279147,3.183957046968472,3.1642265489771244,4.117766989743913,3.0256577451087496,2.715726215406695,2.162559217468234,2.3898531204234943,3.934693659342014,2.1567750379187407,2.0645202216798233,2.9416053576932426,2.81680148266256,2.1296037656498483,2.092289542671724
582,3.1659128134200905,2.0506303390133196,3.78549387387893,2.115130395426545,3.23383528500279,3.0472943540336264,2.4535015196737042,2.7217036619555106,3.8972172300852668,2.328054853453234,2.2940081475573133,3.4132932467291686,3.2230767806962652,3.9929910129920625,2.159871685064023,3.33744749737491,3.231286196323265,3.1840692406454023,3.164068050160175,4.1177601636406,3.02532647382184,2.7148315052427643,2.162308476810968,2.3929155433607816,3.9341699164750747,2.155909396955027,2.064281751677744,2.941950612550848,2.8169879151902206,2.1292169596973443,2.0924309439094153
583,3.1651778700532462,2.050454005240616,3.7870401211178515,2.114678276840079,3.2327852224235563,3.0481412304922815,2.4539476452282054,2.721918760636241,3.8975215110157477,2.327788729788729,2.2925579554842193,3.4141707305420943,3.2245230481337575,3.991975579463289,2.1590516904735866,3.3377032752593117,3.232109388606925,3.184175487569271,3.163901028113613,4.117749098916631,3.0249887513893388,2.71392885913721,2.1620538158786675,2.3959925908016677,3.9336267854525486,2.1550422812804895,2.064044823650828,2.942298073491547,2.8171746852920583,2.128832126417257,2.0925724753034514
584,3.164441094298729,2.0502789234081926,3.7885949923312756,2.114230935683749,3.2317156070528354,3.048981305437131,2.4544090646337815,2.7221052331650664,3.897830360292647,2.3275323731850577,2.2911070862141307,3.4150248674289463,3.2259739870598683,3.990949096379464,2.1582366576678953,3.3379505666797087,3.232940490353114,3.184277544565467,3.163727461971441,4.117736644775187,3.0246488350280063,2.7130223351439473,2.1617954448070646,2.3990841092197304,3.9330676334180366,2.154174176750688,2.063809454567888,2.9426508290614164,2.8173638885958834,2.1284494489571606,2.092714082937278
585,3.1637019150158947,2.0501050650939705,3.7901559387450594,2.113788271435577,3.230619572158459,3.049807688749155,2.454883295179017,2.7222575797505737,3.8981371722476785,2.327285171908034,2.2896549431835185,3.4158511967498955,3.227427286149204,3.9899109706191336,2.157426570929272,3.3381910768243483,3.233782690797913,3.184378957207656,3.1635508117295683,4.11772640858327,3.024312237870138,2.712117300050022,2.161533626013769,2.4021900958601843,3.932496119329518,2.1533055719699803,2.0635756684920508,2.943011362891864,2.8175573852420133,2.1280690645415192,2.092855713548649
586,3.16296032809851,2.0499324081770434,3.791721887292458,2.1133502243259135,3.229496285045239,3.0506187796170563,2.455370117441732,2.722375009277542,3.8984421381865584,2.3270473791843767,2.288201680396687,3.4166498487289916,3.2288837457397146,3.988862600054773,2.156621506462628,3.3384279229760008,3.2346396938859456,3.184483489583225,3.1633742679918955,4.1177212800963705,3.023983338133135,2.7112182505078226,2.1612685528270625,2.405309992586019,3.931914686051951,2.152436837452053,2.0633434840473623,2.943380521840459,2.8177559872571543,2.127690994486798,2.092997314756014
587,3.162216906280235,2.0497609405171238,3.7932935956414964,2.112916781400644,3.228351404545864,3.0514188113402745,2.4558716925811384,2.722461558510454,3.8987521048231377,2.326820074620367,2.2867481407621737,3.417425225509445,3.2303468176613874,3.9878068007944956,2.155821566570196,3.338664166516708,3.2355140054306433,3.1845934800151037,3.163199151175024,4.117722290479863,3.0236635272624497,2.7103270624845783,2.1610002627169327,2.408442191597188,3.9313236185287406,2.1515681607434716,2.0631129047320984,2.9437572109134935,2.8179591089505083,2.127315125909831,2.093138834943717
588,3.1614725553845915,2.0495906592360837,3.7948731905465847,2.1124879620298125,3.22719469769587,3.0522158298253586,2.4563916342595817,2.7225241025279865,3.899077526457997,2.32660476660083,2.285295501322884,3.4181838330949317,3.2318210105688054,3.986746638881842,2.155026806320638,3.338901410397293,3.236405772579707,3.1847088607238696,3.163024177711743,4.117728316578663,3.0233507211423554,2.7094424425845465,2.1607286231807907,2.411583979698371,3.930721081902764,2.1506995640762683,2.0628839162084414,2.944138945388911,2.8181650305263366,2.1269412524546167,2.093280222876147
589,3.1607281250862687,2.0494215659694484,3.796463096211905,2.112063789556702,3.226035871084931,3.0530179960946238,2.456933442950864,2.722569138758376,3.899427861348361,2.326402812425661,2.2838447875258483,3.418931238303872,3.233309883937772,3.985684196454504,2.154237185461728,3.33913909993387,3.237312701386255,3.1848272756196776,3.1628459148376225,4.117736757597092,3.0230404421216566,2.7085608115743343,2.1604533958061136,2.4147319546340067,3.930104117484182,2.1498309942574374,2.062656491528937,2.9445230119123753,2.8183716530796747,2.126569155581368,2.09342142717025
590,3.159984047708601,2.049253660217855,3.7980648298462416,2.111644261762078,3.2248804621389056,3.0538298497640097,2.4574989941902676,2.7225997646491877,3.8998074428791054,2.3262149127662095,2.2823964714126217,3.4196694955268825,3.2348145161845565,3.984619816433267,2.1534525657585566,3.3393748313270413,3.2382310831077312,3.1849452292319396,3.162660206462006,4.117744871745903,3.022727972033529,2.707678208005871,2.1601743491693504,2.4178827344866223,3.929470148313625,2.1489624430479948,2.0624306017495853,2.9449077211280827,2.8185774061034197,2.1261986904377883,2.0935623958298195
591,3.159240168334284,2.049086933746155,3.7996782009910586,2.1112293331644403,3.2237276069775307,3.054650189893718,2.4580877490352995,2.722614176987274,3.9002136353433574,2.3260409021474273,2.280950325341376,3.4203961558076834,3.236333096731356,3.983552139176137,2.1526727527090337,3.3396054983482335,3.239157446473878,3.1850597288955864,3.162463912426596,4.117751161565797,3.022410593847148,2.7067923443350015,2.1598913695270916,2.4210336440673847,3.9288183187149595,2.1480940438859286,2.062206227085289,2.945293195518988,2.81878190365207,2.125829838753382,2.0937030761200472
592,3.158495842641469,2.0489213684845398,3.8013012700007316,2.1108189167568523,3.2225706632670397,3.055472510147343,2.4586970348876034,2.722606342975012,3.900638065070519,2.3258799243078845,2.2795055858070326,3.42110525349927,3.237861781276504,3.982478884171818,2.151897560827155,3.3398287248380587,3.2400900661979413,3.1851696615740677,3.1622561631763078,4.117756174756243,3.022088901403496,2.7059038845696364,2.159604519593412,2.424183065784049,3.9281500674128873,2.147226102637382,2.0619833636676974,2.945681345604563,2.8189860604763908,2.125462706097191,2.0938434149733
593,3.1577502545705,2.048756938804969,3.8029310794941447,2.110412904040466,3.2214003946175236,3.0562877889996587,2.459323270865326,2.722568532426541,3.9010703579848256,2.325730910993748,2.27806134533481,3.4217897960744983,3.239396400034915,3.9813980060673395,2.1511268722537453,3.340043917998412,3.241029633345566,3.1852762789772067,3.162038558740006,4.117762355654012,3.021766584716082,2.705016372038954,2.1593140195822023,2.427330290335114,3.9274686805196994,2.1463590504826953,2.0617620230509144,2.946075051130134,2.819191622055613,2.1250974654886816,2.093983359814974
594,3.157002805814639,2.048593617095338,3.804564825749808,2.110011194101668,3.2202092863506357,3.057088388215722,2.4599635930111665,2.722494580017301,3.9015027137601166,2.3255931499824136,2.276616994088604,3.4224446406603217,3.240934253214067,3.9803087042668315,2.1503606628971266,3.3402524724913363,3.241978789030133,3.1853825836965086,3.1618142316451894,4.117773020410683,3.0214487994713175,2.704134855182197,2.1590201601548444,2.4304749304927062,3.926778032846033,2.1454933420809934,2.061542224899993,2.94647691814215,2.819400323900137,2.1247342728690066,2.0941228594050196
595,3.156253400754168,2.0484313801093164,3.806200941944791,2.1096137186248733,3.2189950646467866,3.0578713177083117,2.4606171550757647,2.7223824268966954,3.9019332851837363,2.325466690040403,2.275172516662002,3.4230684932743047,3.2424752088764626,3.979211845954557,2.1495989859289515,3.3404570555033546,3.2429407499687426,3.1854919165270514,3.1615862193631803,4.117790934021647,3.0211398800982057,2.703263853293692,2.1587231876410327,2.4336161644802696,3.926081092874785,2.1446293459551016,2.0613239863137216,2.946888170301306,2.8196130597763793,2.12437319206424,2.094261864274418
596,3.1555025019860126,2.048270213263063,3.8078396081756383,2.109220451784116,3.217761852094331,3.058639405414116,2.4612855225704635,2.722234816326254,3.90236687005226,2.32535240375166,2.273728518489851,3.423664170369653,3.244021641075131,3.9781096348361853,2.148841922007824,3.3406603262815358,3.243917672022177,3.185606408284459,3.161355907698621,4.117817150150879,3.0208414538403447,2.702405599409313,2.1584232139613535,2.4367521585568745,3.9253788711006368,2.1437672761754545,2.061107312644154,2.9473081704533772,2.8198294323686426,2.1240141623178457,2.094400326588203
597,3.1547509351602296,2.0481101109995254,3.8094824632567676,2.108831400893654,3.216518454580524,3.059399850019437,2.461971982869196,2.7220578477039234,3.902812628473847,2.3252516824965563,2.2722859790097534,3.424237042065017,3.2455772705395125,3.977004700797685,2.148089520307037,3.340863701968833,3.2449095178256675,3.185726015149868,3.1611222668693593,4.117850649817372,3.020551821613255,2.7015593605621637,2.1581201918386594,2.439879940982593,3.9246702864403886,2.1429071945010656,2.0608921938716147,2.947734783430567,2.8200478852595907,2.123657022234887,2.094538199545937
598,3.1539995327760266,2.0479510731161947,3.811131653732842,2.1084465823651133,3.215274565517446,3.0601608157052764,2.462680082871085,2.721858055537388,3.90327987294487,2.3251659033627954,2.2708458499611126,3.4247923869968475,3.2471454582954973,3.975899041816733,2.147341757661036,3.3410667526823494,3.2459139586348007,3.1858485800064607,3.160882228194941,4.117888941836091,3.0202668814364757,2.7007221334196627,2.157813965731334,2.4429957950245464,3.9239530051259885,2.1420490796762985,2.060678607976553,2.9481654102818036,2.8202663505094305,2.1233015786617906,2.0946754365813494
599,3.1532487795013995,2.0477930987608364,3.812788655062778,2.108065994033684,3.214036611120229,3.0609276149738,2.463412055438377,2.7216393377928165,3.9037738366794503,2.325095909779854,2.2694086823109427,3.4253328606866478,3.2487277280738316,3.974793299594277,2.1465985336057005,3.34126749932294,3.2469273515355153,3.185970879250318,3.160632016011886,4.117929340396967,3.0199821554521566,2.699890378586857,2.157504374219667,2.446095998971855,3.9232248622321175,2.1411929304641646,2.0604665295491147,2.948598220246308,2.820483112614684,2.1229476890667205,2.094811990689663
600,3.1524986227338987,2.0476361808300036,3.8144534023879455,2.107689596374149,3.212805115573471,3.06170020952569,2.464167845377826,2.721401113952701,3.9042933177950965,2.3250417390932077,2.26797444598246,3.4258571990295272,3.2503231599291085,3.9736866771673824,2.1458597016557626,3.3414634472172935,3.247946320633993,3.1860901507233095,3.160368803697721,4.117970320141474,3.0196949709468823,2.699061980634058,2.157191356168036,2.4491775761317136,3.922485210232995,2.140338854704675,2.0602559395665225,2.9490330194905057,2.820697494286136,2.1225953203714125,2.094947814227676
601,3.151748535948343,2.0474803032905053,3.816124125064327,2.1073173109106604,3.21157476511087,3.062473155021168,2.4649451728483873,2.721138526808631,3.9048312338006346,2.3250027161802103,2.2665426145588716,3.4263606971903453,3.2519288849579584,3.9725775025896564,2.145125120454447,3.341652839535926,3.248969184805362,3.186205375671646,3.160091912759344,4.118012313026432,3.0194057761130315,2.6982375221006514,2.1568750116800994,2.452238706632431,3.9217355743729057,2.1394871043401205,2.0600468318698066,2.9494713650896203,2.820910054837329,2.122244558276555,2.0950828593882367
602,3.1509978026090724,2.047325442586617,3.817797954942151,2.1069490361986105,3.210337117612231,3.0632380015220657,2.465740601881654,2.7208445746727916,3.9053778020030405,2.324977866141682,2.2651124667905727,3.42683720189655,3.2535414188070395,3.971464154125922,2.1443947002120782,3.3418355263571753,3.2499965546434444,3.1863177127230564,3.159802992360315,4.118057573305056,3.01911797807033,2.6974202849845725,2.156555590271357,2.455278605643755,3.920979316319797,2.138638042011088,2.0598392135033716,2.949915879689912,2.8211222171663137,2.121895563702835,2.0952170791992355
603,3.150245884985763,2.0471715724266026,3.8194720233782853,2.106584673779329,3.2090847040795314,3.063987045557148,2.4665511265274023,2.7205131914040055,3.9059248831353366,2.32496645623452,2.263683462462947,3.4272816932647974,3.255158214493216,3.970345914955291,2.143668423321334,3.3420130470647376,3.251030823280296,3.1864298909634226,3.159505101810028,4.118109176658124,3.018836386240986,2.6966149913976203,2.1562334127078806,2.4582969213051507,3.9202204672371384,2.1377920563848876,2.059633098945811,2.9503690865777026,2.8213355005786744,2.121548496772848,2.0953504285568267
604,3.149492706156381,2.0470186697219095,3.8211445405598954,2.106224152123421,3.2078146449135065,3.064716717508153,2.467375551717986,2.7201418708653504,3.906469513463736,2.32496842059536,2.2622555222553014,3.4276922933304443,3.2567787387050413,3.969223375482846,2.142946330930104,3.3421879067289133,3.252074802670336,3.186544863589381,3.159201139737512,4.1181696296680865,3.0185650010582004,2.695825884939337,2.1559087636142564,2.4612929336922207,3.9194622754804325,2.136949466265894,2.05942850103975,2.9508323011046325,2.8215507153031654,2.121203443123242,2.095482864773271
605,3.148738718046739,2.046866718966095,3.822815363491634,2.1058674377243465,3.206530137275356,3.0654290584301656,2.4682150386246873,2.7197326506333637,3.9070150339269283,2.324984475935422,2.2608290898966774,3.428070818384433,3.258404608766611,3.9680982212400453,2.1422284833536325,3.34236241093872,3.2531301612289916,3.1866643700833412,3.1588923718343,4.118239750266383,3.018305194176065,2.695055057884473,2.155581805021465,2.4642649343379373,3.918706143907124,2.136110457502524,2.0592254228664464,2.951305085543374,2.8217674894177938,2.120860375866699,2.095614347421939
606,3.147984728032317,2.0467157130915425,3.8244857977037805,2.105514528561083,3.205239152557629,3.066130620115387,2.4690725666801487,2.7192910282602076,3.9075693314536695,2.3250158783234474,2.25940495684373,3.428421663918778,3.2600387647127453,3.9669725323340166,2.1415149140830687,3.342537632226347,3.2541964130134735,3.1867880930460233,3.1585777577114964,4.1183183495030695,3.018055136637998,2.694301805145216,2.1552525506498506,2.4672100854921886,3.9179514470584795,2.1352750804047,2.0590238542648187,2.951785513318375,2.8219843428406186,2.120519169917463,2.0957448376237395
607,3.1472315662455923,2.0465656504757592,3.82615773177148,2.1051654332850296,3.2039509661362042,3.066829310355438,2.46995156316038,2.71882333268101,3.9081410310072737,2.325063936088537,2.2579839377350353,3.428749569580792,3.261684088743216,3.965847940582023,2.1408055993288335,3.3427130125818576,3.2552709451566373,3.1869138081730757,3.158254392858859,4.118402862584723,3.0178107375462684,2.6935632961740574,2.1549209119500174,2.470124835049627,3.9171963057986314,2.1344433068162414,2.058823774446606,2.9522711139014826,2.8221992680072536,2.1201796612794612,2.0958742971163034
608,3.14647974897195,2.0464165295353776,3.827832510760548,2.104820145961575,3.202672134372712,3.067530651558526,2.4708543347114014,2.7183337738987756,3.9087354050964,2.3251295050509615,2.256566549252264,3.4290573059517455,3.263342116362197,3.9647250385511894,2.14010045667772,3.342886787253631,3.2563500684468685,3.1870384472825326,3.157918848290603,4.11849062543876,3.017567640002298,2.69283623351578,2.154586793266512,2.4730057002578514,3.916438949367881,2.1336151186011296,2.058625159296474,2.9527600550841857,2.8224105422424723,2.11984172344048,2.0960026874942255
609,3.1457292962753587,2.046268343430797,3.8295100731243403,2.1044786280575867,3.201403776033166,3.0682351832202217,2.4717810236629814,2.717822524539851,3.909351874416031,2.325212697661806,2.255152837255093,3.4293443301345596,3.2650124110091094,3.963603295826405,2.139399371918994,3.3430570043034944,3.2574305781692403,3.1871595546874736,3.157568762236351,4.118580186583622,3.017323321300948,2.692118704102673,2.1542501906852927,2.4758500544002184,3.915679021391729,2.1327905856415144,2.058427989819023,2.9532520121610037,2.8226173923354474,2.1195053256651186,2.0961299699865075
610,3.1449797887422024,2.0461210773110667,3.831188749649221,2.1041408058037585,3.2001413959534717,3.0689381969770704,2.472729565492105,2.717285694969876,3.909984220242202,2.3253129360873417,2.2537424237176444,3.429606987181315,3.266692850377802,3.9624814906147847,2.1387022397624804,3.3432226243555774,3.2585110660278835,3.18727643121822,3.157203919114339,4.1186720277367534,3.0170782967910177,2.691411343632616,2.1539112478913527,2.4786565428848366,3.9149182153414177,2.131969897471949,2.0582322577665324,2.9537483233949517,2.8228202048313444,2.1191705469001194,2.0962561059790175
611,3.1442306335141996,2.0459747093236933,3.832865811314824,2.1038065838132036,3.1988773011504743,3.06963190607539,2.4736966610782734,2.716717184766007,3.910623371731956,2.3254293199201745,2.2523347427070197,3.4298401200299713,3.2683806551829586,3.961358428844684,2.1380089984194646,3.3433841576274888,3.2595923481447717,3.1873904165210516,3.1568262982570143,4.1187683484705016,3.01683585574909,2.6907172663543646,2.1535702432397317,2.4814249274958273,3.914159943344033,2.1311533352841616,2.05803796591569,2.954251367386481,2.823020190553522,2.1188375397100923,2.0963810580827786
612,3.143481411062522,2.045829214865116,3.834538502600634,2.1034758683422266,3.197604460077818,3.070309024470285,2.474679310504027,2.716111531675381,3.911261448757839,2.3255611352863266,2.2509293504371675,3.430039317121506,3.2700736641639847,3.960233602427862,2.137319642002713,3.343543533159268,3.2606768051217694,3.1875041809177116,3.156439072854866,4.118872019404854,3.0166004614098703,2.6900408046315674,2.1532275150842617,2.4841554303789906,3.9134082000240746,2.130341199238796,2.057845123041461,2.9547634618010874,2.823218668027867,2.11850646165265,2.096504791165924
613,3.1427321381896385,2.04568457205184,3.8362050727816213,2.1031485892454755,3.19631999867511,3.0709660809967785,2.4756761941900756,2.715466428295863,3.9118951778221063,2.3257082685289863,2.2495261652641347,3.430202758486598,3.2717712678424737,3.9591074849066143,2.1366342059292336,3.3437032758428433,3.2617669591559304,3.1876203787489596,3.156045048575047,4.1189852102527444,3.0163755886814965,2.689385670980293,2.1528833614760887,2.4868478910091785,3.912666162810212,2.1295337262793463,2.0576537360978158,2.9552858022995916,2.8234163070798166,2.118177406347201,2.096627272831054
614,3.1419833247762448,2.0455407658476035,3.8378653241446647,2.102824710462722,3.1950267127621323,3.071604926210126,2.476688257531878,2.7147837473715657,3.912527113520916,2.325871333736656,2.2481255309931156,3.430331833915284,3.273474594707361,3.957981349234079,2.135952733566673,3.343865407051112,3.2628639839025535,3.187740321988194,3.1556453007062206,4.119108355437059,3.0161620404103875,2.688753425837193,2.152537961930957,2.4895011421780597,3.911935190998888,2.1287310368896115,2.057463803332077,2.9558179358530703,2.823612687931637,2.117850366150136,2.0967484731937636
615,3.141235800262094,2.045397788950327,3.839520427639971,2.1025042244120122,3.1937319166145905,3.072231744838449,2.4777182290626865,2.7140686260387152,3.913164136959357,2.326051458131568,2.2467280819260216,3.430430290520791,3.2751859031258315,3.956856724019923,2.135275241046539,3.344030620264247,3.2639668763923266,3.1878633193242134,3.155238668774521,4.119239955174672,3.0159575482260017,2.688142979243387,2.152191357786454,2.492112908969629,3.91121469232755,2.1279331345660752,2.057275311522147,2.956358008742967,2.823806378644724,2.1175252431280334,2.0968683641559482
616,3.1404903946561737,2.0452556390947514,3.84117210286581,2.1021871332879956,3.1924441999881,3.0728540622849505,2.4787693046701422,2.7133270696436496,3.9138139734442876,2.3262498298155,2.245334480177005,3.4305023440563396,3.276907493116693,3.955734765140577,2.134601697308842,3.344198141575366,3.2650726964051016,3.1879869989738383,3.154822349794666,4.119377305830503,3.01575784351565,2.687551353726004,2.1518434993924247,2.4946802860117274,3.910502911891091,2.1271399565006246,2.0570882385179217,2.956903665503768,2.823995488434532,2.1172019023014697,2.096986918538984
617,3.139747626860796,2.0451143141097603,3.8428215566740196,2.101873426339967,3.1911696396345115,3.073477172948478,2.4798436223097875,2.712563217645455,3.914481381131057,2.326467222625321,2.2439451518088536,3.430550649477981,3.2786406514658584,3.954615839392992,2.1339320282787755,3.344366336344006,3.2661777531585017,3.188108450898169,3.1543932972351034,4.119517803723179,3.0155586757011523,2.6869753298770975,2.1514943365004005,2.4972005699001025,3.909798259035756,2.126351450106046,2.056902559739345,2.95745316949525,2.8241784305142774,2.116880241533828,2.0971041094564065
618,3.139007549242922,2.0449738070904875,3.8444686838415665,2.101563063849847,3.189909247137999,3.0741016737992832,2.480941244130507,2.7117775499903445,3.9151657905752466,2.3267037204958934,2.242560143216893,3.4305750666154244,3.280385105531436,3.953499500047866,2.133266141936446,3.3445337478900314,3.2672791536639068,3.188225623559856,3.153949741054002,4.119660188595993,3.0153577986398483,2.6864131743100046,2.1511439078632275,2.4996720480487316,3.9091005328908284,2.125567638616644,2.0567182554351895,2.9580062132542544,2.8243545309538627,2.1165602451141865,2.0972199102136853
619,3.1382698211663937,2.0448341039403433,3.8461119041884437,2.101255975127952,3.1886588300729373,3.0747232461966507,2.4820601172638477,2.7109668497500157,3.915861470588694,2.3269587667919374,2.2411791581332228,3.4305727631106433,3.2821392093135606,3.9523848402314448,2.1326039610449095,3.344700042268432,3.268375952052738,3.1883382900510897,3.153492087693941,4.119805123951675,3.015155964658897,2.6858656156580896,2.1507923870139076,2.502094360726175,3.908411459485312,2.1247886451980245,2.0565353152319723,2.9585640385117076,2.824524197112188,2.1162419963555927,2.097334294821017
620,3.137533971918712,2.0446951843882655,3.8477487050844226,2.1009520711504566,3.1874112945672946,3.075334759886664,2.4831970226662343,2.7101259044368002,3.9165600991512433,2.3272315104344186,2.2398017497877074,3.4305395641207204,3.283900741596381,3.951271032912535,2.131945447236469,3.3448663869709945,3.269469337991433,3.188448114201294,3.1530227638504664,4.119954835169542,3.014956450096497,2.6853356039423986,2.150440062873344,2.5044682570413297,3.907734287311113,2.1240146655718917,2.056353737901607,2.9591288179245687,2.82468857250319,2.1159256441948333,2.097447238907962
621,3.1367997233282736,2.0445570259429964,3.8493766226931503,2.1006512655934655,3.1861602686042607,3.0759296801191844,2.4843490587711288,2.709250116684777,3.9172544941469125,2.3275212823898244,2.238427572550565,3.43047188797875,3.285667921582818,3.9501577892843316,2.131290605139524,3.345035077860711,3.270561773876742,3.1885577902310347,3.1525450843523126,4.120111984845958,3.014763350760693,2.684826981307446,2.1500872654814525,2.506794860449414,3.907072641938694,2.1232459039097984,2.0561735266164103,2.9597026016281998,2.824848850450584,2.115611340379665,2.0975587205488666
622,3.1360672165111025,2.044419608867513,3.850994189742816,2.1003534941721456,3.1849033154368156,3.076505151773283,2.4855149557439065,2.7083377812352665,3.9179417321999033,2.3278279765871615,2.2370565739229376,3.430368357542836,3.2874401666743753,3.949045523893727,2.130639465489696,3.3452086062207727,3.2716555077335325,3.188669684419205,3.152061702580623,4.120278336426814,3.0145794832416875,2.684342719073034,2.149734273311578,2.5090747995316907,3.9064291944901783,2.1224825036307,2.0559946820844477,2.9602863339072134,2.8250055790698503,2.1152991773225054,2.0976687205316815
623,3.135337035908563,2.0442829197998282,3.852601400084561,2.1000587231797305,3.183643221693677,3.0770633000288257,2.4866955964535347,2.7073909614107112,3.918624198262555,2.328152156224025,2.23568904022312,3.430230352033394,3.289218258471511,3.9479351694639173,2.129992056438088,3.3453886383441427,3.2727511977654964,3.1887846510921154,3.151573405799138,4.120453860551513,3.014404917469646,2.683883581790863,2.149381246926516,2.511307627652286,3.9058047850859863,2.1217245060888654,2.055817196901991,2.9608794067476825,2.8251582902119443,2.114989155916222,2.0977772220192623
624,3.134610021533425,2.0441469523302507,3.8541994772505674,2.099766943452838,3.18238677971424,3.0776101511866503,2.487893500850622,2.706414579802271,3.9193081100091107,2.3284948385611504,2.234325481295011,3.430061276064956,3.291003871496545,3.9468277558525786,2.129348377634591,3.3455754225975536,3.2738473291477153,3.1889016060511217,3.151078844665906,4.120636719918885,3.014236853250095,2.6834478638503043,2.1490282203841207,2.5134918165825066,3.905198419073457,2.120971855871639,2.05564105380123,2.9614799576550643,2.825305626072256,2.1146811979106395,2.0978842098982176
625,3.1338869616853424,2.0440117043298667,3.855790068959836,2.0994781530117623,3.1811416839558646,3.0781527216606173,2.489111529494942,2.705414192728056,3.920000264698268,2.3288570652340463,2.2329664156370406,3.4298649260190137,3.2927987139399018,3.945723972409479,2.128708389751243,3.345767921819742,3.2749407105807,3.1890180632596126,3.150575323436878,4.1208241355252735,3.0140708923727035,2.6830323151243016,2.1486751533630883,2.515625329406319,3.904608127967192,2.1202244486652964,2.0554662285270955,2.9620857608040323,2.8254458960112325,2.11437519598742,2.0979896701370127
626,3.1331683163789688,2.0438771733789136,3.857374262196358,2.0991923369354333,3.179913050988443,3.0786956914714674,2.490351433807893,2.7043935313595924,3.9207045845544055,2.329239466069777,2.2316121612434703,3.4296437428270545,3.2946036927290474,3.9446239232905747,2.128072023928736,3.345964597723084,3.2760278001971996,3.189131362346349,3.1500602549611956,4.121013705124707,3.013903075212367,2.6826337913137905,2.148322017485858,2.5177064931513673,3.904032267849517,2.1194821974653655,2.0552926958231486,2.9626952765342813,2.8255777898004153,2.1140710768935906,2.09809358939348
627,3.1324541059215734,2.0437433525165942,3.8589518945349774,2.098909454133985,3.1787012290756564,3.079239256582718,2.49161294625787,2.7033529779650314,3.9214201032598286,2.3296420242987272,2.2302627298160633,3.4293977693906634,3.2964184827096767,3.943527176730646,2.1274392055226112,3.3461644421893877,3.2771061987067878,3.189239973689679,3.1495325593856824,4.121204525084526,3.013731680488994,2.6822508158623295,2.1479688742146026,2.5197347422806278,3.903470620192961,2.1187450849519105,2.055120435559598,2.9633083528421684,2.825700901480624,2.11376884732782,2.0981959550578213
628,3.131744016445545,2.0436102283334083,3.8605214880415146,2.098629437145861,3.177501919828563,3.0797791675835535,2.492893838450106,2.702289677052483,3.9221413215290926,2.3300641517233815,2.2289178688957367,3.4291247770764026,3.298241678057289,3.942433062686903,2.126809879752918,3.346367732082234,3.278175569668185,3.1893442346074075,3.148993317102175,4.1213975659869035,3.0135579085009683,2.6818842910173872,2.1476159065805436,2.5217108654501352,3.9029247621809193,2.1180131775819264,2.054949436060802,2.963926246756238,2.825815814109377,2.1134686011421127,2.098296755750362
629,3.131037666611644,2.04347778227128,3.8620808270090556,2.098352204726539,3.1763085109857117,3.0803089017544387,2.494190909346552,2.7011991905998203,3.9228607153630417,2.330505033075098,2.22757722503675,3.4288214654450346,3.300071429035581,3.9413410580101367,2.1261840265228296,3.3465761306193,3.279237535500691,3.1894461571626147,3.148445358001304,4.121595121552676,3.0133851207720292,2.6815370185436427,2.147263390102515,2.523636630918179,3.902397533117474,2.1172865961221534,2.054779693118138,2.964550965096704,2.8259237112103675,2.1131704852928372,2.098395981991451
630,3.1303349013350936,2.0433459944427166,3.863627889735225,2.0980776808940926,3.175115461297425,3.080822892509925,2.4955014203839245,2.7000778724876078,3.9235721571111792,2.330964070704609,2.2262405455230123,3.4284851391987723,3.301906245619145,3.9402510657069754,2.125561657526762,3.3467920872361843,3.280294605355103,3.18954840961362,3.1478919963171452,4.121799608196918,3.01321702113549,2.681212278064842,2.1469116180950674,2.525513972181896,3.901891865127258,2.116565458424157,2.0546112052974017,2.9651842516172575,2.826025710124981,2.1128746417106585,2.0984936266191845
631,3.129635968119126,2.0432148480798005,3.865161677988014,2.0978058111432176,3.17392109164562,3.08131924428607,2.4968242812925436,2.6989248095200136,3.9242735943172757,2.3314412144910186,2.224907821642568,3.428115058909793,3.303745585482123,3.9391634591963025,2.1249427977782678,3.347017839612354,3.281348670184435,3.1896529825738433,3.147335542834373,4.122012312598532,3.013055683873243,2.6809121735820503,2.146560818590142,2.5273441339432043,3.9014095551886476,2.1158498230764184,2.054443967931623,2.965826714573341,2.8261222450724883,2.112581153458585,2.098589684738051
632,3.1289414920727063,2.043084332456465,3.866682544940617,2.097536568104469,3.172728449074659,3.0818006297951634,2.4981604150248096,2.6977424088513526,3.924967717458796,2.331937019425262,2.2235793084857534,3.4277128389301,3.3055899648629703,3.9380788892265848,2.1243274614026686,3.3472545247169165,3.282399816881628,3.1897602061815045,3.1467763338898376,4.122232707839082,3.012900404963558,2.6806365667525007,2.146211103580917,2.529127199544792,3.9009505801265827,2.115139661210262,2.054277968770014,2.9664775160688186,2.8262127996683972,2.1122900209292514,2.0986841533079805
633,3.1282522651106275,2.0429544429106294,3.86819187234485,2.097269944205037,3.1715438640561704,3.0822729660320087,2.499512133544207,2.6965353838505384,3.925660339760772,2.332452406979863,2.222255417841163,3.4272817340004367,3.307440567428601,3.9369979695562023,2.1237156340616528,3.347501851817279,3.2834460541207977,3.189868606682587,3.14621275501107,4.122458673109778,3.0127479382013087,2.6803831171060315,2.145862474721165,2.530862232345015,3.900513284406684,2.114434869208247,2.054113187366826,2.9671347673382176,2.8262961141699154,2.112001178804723,2.0987770306353966
634,3.127568954831943,2.0428251780261646,3.8696912662392444,2.097005935248579,3.1703739445358936,3.082742549277352,2.500881839181601,2.6953086670228816,3.9263573202921487,2.3329882505415145,2.220936541377037,3.4268251862161057,3.309298558532367,3.9359210063635928,2.1231072705353613,3.347758500446497,3.2844840826689508,3.189975667288974,3.1456422379355744,4.122687500963961,3.0125939874214502,2.6801483966038284,2.1455148814399947,2.53254795851439,3.900095338128238,2.113735314806893,2.0539495984079323,2.9677964280977536,2.826370758699359,2.111714544563395,2.098868315999178
635,3.12689187705125,2.042696535408433,3.8711816714492566,2.096744523127549,3.1692224943519824,3.0832130659929256,2.502270690677992,2.6940652813746864,3.9270615467359313,2.333544988867194,2.2196228917416874,3.426345343186357,3.311164435972715,3.934847899473019,2.122502308009,3.3480230327097606,3.2855107166901245,3.190079103930025,3.145062724877146,4.122917185755465,3.012435204337643,2.679929514987019,2.1451683017374212,2.534183649114059,3.899694984750233,2.1130408931476965,2.053787177242812,2.968461264007538,2.8264357860433487,2.111430074282454,2.098958009557141
636,3.1262209437448467,2.042568508138458,3.8726628378601426,2.096485666070318,3.1680888526803357,3.0836839331437,2.5036778825351838,2.6928051956101227,3.9277714333743665,2.3341224546378343,2.2183144363519705,3.425842250864018,3.3130377159486692,3.9337782487888036,2.1219006877404736,3.3482948497503786,3.2865242394133496,3.1901780122201284,3.144473865436488,4.123147350988011,3.012270696600579,2.6797254453330717,2.144822805365413,2.5357697597556044,3.89931196107533,2.1123515653467746,2.0536259048636034,2.9691293938798697,2.8264911428358293,2.1111477985449105,2.099046112563241
637,3.1255558096337275,2.042441083616974,3.8741333923649863,2.0962293009446338,3.1669684328409957,3.0841507511326975,2.5051008807468405,2.691525689182847,3.9284816270268625,2.33471999779176,2.2170109508398874,3.4253140841158434,3.314917085563561,3.932711596926343,2.121302373928237,3.348574706960606,3.2875250164746217,3.1902733130671663,3.1438773509595146,4.123379357341633,3.012102301746948,2.6795373961840974,2.1444785686152543,2.5373080069900222,3.8989476407558725,2.1116673616539074,2.0534657699250127,2.969802165708862,2.826537640879772,2.110867821524638,2.099132627758205
638,3.1248961402283175,2.0423142453067733,3.875591468894723,2.095975356162516,3.165855152275912,3.084607609227436,2.5065364880811023,2.690223010342221,3.929185529661116,2.3353368388065507,2.215712160733602,3.4247582743015634,3.3168009301926054,3.9316476772124096,2.120707360449942,3.3488645314022722,3.288515067126652,3.190367280893555,3.1432762268535557,4.123615544602316,3.0119335029946965,2.6793680572904113,2.1441358344288903,2.538800841952799,3.898604340730841,2.110988349142985,2.0533067669133884,2.9704814325266007,2.826576509165829,2.1105902845691245,2.0992175596689693
639,3.124241864558065,2.042187976452475,3.8770355752858334,2.0957237686017316,3.1647445269528474,3.0850500807037466,2.5079822071498743,2.6888944875998013,3.929878370640029,2.335972475722218,2.2144178991549057,3.4241729682180373,3.3186879705632037,3.9305865423355,2.1201156625579123,3.3491666383532257,3.2894968158638456,3.1904623994976387,3.1426735362521625,4.1238579938544575,3.0117675415891827,2.6792201092065584,2.143794838683913,2.5402505833693727,3.8982841446097005,2.1103145811550132,2.05314889148248,2.9711685918448048,2.8266087535171254,2.1103153128508567,2.099300914595879
640,3.123593287073138,2.042062263909613,3.878465265603478,2.095474496169364,3.1636359023797227,3.085477426323102,2.5094372283222204,2.6875400551176045,3.9305593189129593,2.3366269444852503,2.2131282039537563,3.4235581082688524,3.320577703638422,3.929528517939126,2.119527298275441,3.349482747199458,3.290471656083228,3.1905601259222616,3.1420709808427256,4.124107433821418,3.0116056775225033,2.679094750496202,2.1434557398503755,2.5416586427040313,3.897987833300893,2.109646054037111,2.0529921353435023,2.971863864229852,2.8266346428732136,2.1100429715030278,2.0993827002824177
641,3.1229510063929777,2.041937100205192,3.8798812915001393,2.095227519991794,3.1625327481077283,3.085892940375601,2.510902561360281,2.6861624657300025,3.9312316268572256,2.337300806772861,2.211843310507634,3.4229156248293298,3.322470449543867,3.9284740198983115,2.118942269281331,3.349813299392882,3.2914390501086155,3.1906601853638152,3.141468270351615,4.124362838225524,3.011446467888144,2.6789909791306923,2.1431185868283413,2.543025227535665,3.897714454187013,2.1089826922582082,2.05283648326062,2.9725661636951903,2.8266535741814787,2.1097732524006223,2.099462925473278
642,3.122315684969409,2.0418124828639717,3.881285169573254,2.094982835470295,3.161440915842559,3.0863023071218008,2.512380257831265,2.684766125943357,3.931900783817361,2.337994875580252,2.2105635489798843,3.422248674245859,3.3243670031764982,3.927423341416116,2.1183605509858516,3.3501574260330385,3.29239661629829,3.190760747721087,3.140863479427404,4.124621909186567,3.011286413562324,2.6789059783752625,2.14278334007966,2.5443496678463053,3.8974617359930828,2.108324368269596,2.0526819135908214,2.973273615776063,2.826664376276084,2.109506097211012,2.0995415996051774
643,3.1216877863211376,2.0416884114010623,3.8826783904879307,2.094740436929611,3.1603657641564262,3.0867108173431044,2.5138721211142605,2.683355161865439,3.9325716331142293,2.3387098182628114,2.20928920064162,3.4215603184994947,3.3262680742605273,3.926376521896147,2.11778209647344,3.3505135762792975,3.293341150989842,3.1908593870461512,3.1402542197494543,4.124882194189233,3.0111216342010008,2.6788363996069666,2.1424499342867676,2.5456311956922995,3.897227131566402,2.1076709461192613,2.0525284020031935,2.9739844567812583,2.826665893913126,2.109241444390483,2.0996187327550753
644,3.1210674112064627,2.0415648835223035,3.8840616679177535,2.0945003036032577,3.1593095920943246,3.087120840666872,2.5153785489637275,2.681931683712781,3.933245892287119,2.339445835043751,2.208020384917678,3.4208523004368145,3.3281737891846164,3.925333357235475,2.1172068517760065,3.3508804776175714,3.294270059559106,3.190954329554117,3.1396390262991902,4.125142267909906,3.010949718271654,2.6787798871324915,2.142118350325526,2.546869780967386,3.897008960132957,2.107022326544424,2.05237592644647,2.9746978620953106,2.8266575562904377,2.1089792763529127,2.09969433582476
645,3.12045431354054,2.0414418924317443,3.8854345981102387,2.0942623938237963,3.1582706421312494,3.08753079732873,2.516898079743174,2.6804950928059754,3.9339212849952343,2.340202570482244,2.2067570303296806,3.4201245038769925,3.330083487329105,3.9242935341413125,2.1166347743143303,3.351257933612647,3.295182469703324,3.1910453556554463,3.1390182558665174,4.1254023835582165,3.010770816033996,2.6787360766371417,2.1417886604431824,2.548066599696694,3.896807078621558,2.1063784714148537,2.0522244708776367,2.975414294020482,2.826639646960097,2.1087196435681075,2.099768420838582
646,3.1198480851755965,2.0413194265536614,3.8867958896551977,2.0940266500386446,3.15724413008976,3.0879361072238556,2.518427857356525,2.6790427404196615,3.9345926723114264,2.3409792977078694,2.205498939200799,3.4193753410211656,3.3319958969464825,3.923256809638393,2.116065845065718,3.351647054851955,3.2960794691367017,3.1911339042887668,3.138394050398917,4.125664271846717,3.0105874346451267,2.678706572967799,2.1414610247464285,2.549223898921693,3.896622755005561,2.1057393964315914,2.0520740259502244,2.9761352048394887,2.8266131453207386,2.108462654309178,2.0998410011588584
647,3.1192484126983464,2.0411974717438444,3.88814403527208,2.09379301183062,3.1562247437103776,3.088331602508884,2.519964770403506,2.6775715736569037,3.935254575472955,2.341775279348329,2.2042459099009784,3.4186028528255776,3.333909591293959,3.9222231392122,2.115500068530445,3.3520498114345743,3.2969633574952546,3.1912223364347727,3.137769395427835,4.125930199005218,3.0104030549258,2.6786939332384296,2.141135641933667,2.5503443283944907,3.896457820283439,2.105105137063516,2.051924586414983,2.9768622533995055,2.8265792256814333,2.1082084360113726,2.0999120914270466
648,3.1186552745848677,2.0410760148225653,3.889478079299072,2.093561430233539,3.1552093335741254,3.0887141713325996,2.5215066879573604,2.676079926151145,3.9359038067846344,2.34259012237053,2.2029978540356874,3.4178059643136383,3.335823494027502,3.921192689718379,2.1149374609497205,3.3524681407703265,3.2978363008231755,3.191312740812973,3.137146761550121,4.126201768923105,3.0102202836446064,2.678700183284339,2.140812680064173,2.551430079176394,3.896313536932449,2.104475705760726,2.0517761466292854,2.977596433547667,2.826538670184231,2.1079570881128684,2.0999817071942273
649,3.118068980740464,2.0409550466340747,3.8907980949283223,2.0933318761953585,3.1541984538674823,3.08908431067339,2.523053173759423,2.674568564212257,3.936540901097661,2.343423949506663,2.201754851472131,3.416985273807379,3.337737188309755,3.9201657382408377,2.114378033182898,3.3529030701353904,3.298699076576424,3.1914058934438465,3.1365270229956064,4.1264790794031825,3.010039482603819,2.6787256249726465,2.1404922226298235,2.5524822657241075,3.8961897592272225,2.1038510621504303,2.0516286964853547,2.9783375518765576,2.8264914915358084,2.107708649977812,2.1000498644252725
650,3.1174900385325035,2.0408345631212885,3.8921051398161124,2.093104339170143,3.153196015516594,3.08944583938479,2.524605330560098,2.6730404948312554,3.9371696681184885,2.34427730431296,2.2005171194484485,3.4161430002155484,3.3396508899549273,3.9191425194195055,2.113821777159645,3.3533543038235276,3.2995505458786623,3.1915008982616246,3.1359091980073317,4.126760655854264,3.009858562634227,2.6787685341982583,2.140174256701454,2.5535008615932147,3.8960848058420305,2.1032311106268953,2.0514822197953424,2.979084311248586,2.8264369511517975,2.1074630993754706,2.1001165791462846
651,3.116918916549019,2.040714563933433,3.89340072500291,2.092878816854837,3.152207273309719,3.0898039579915455,2.5261648675979065,2.6714996709388212,3.937795138405824,2.3451508418656886,2.199284915473802,3.4152821377805243,3.3415651131751076,3.9181231073851377,2.1132686626883936,3.353820482440635,3.300388113371061,3.1915956825614225,3.1352911303022335,4.1270441851699555,3.0096740300775444,2.678825889102751,2.1398587080733558,2.554485214682791,3.8959960986352353,2.102615725495922,2.0513366958739963,2.979834947852345,2.8263739556186755,2.107220381341161,2.1001818673983146
652,3.116355826834813,2.0405950493291294,3.8946860745817546,2.0926553014696014,3.151236195459279,3.090162664432399,2.5277328726371886,2.6699492719213906,3.938420969453335,2.3460449639839367,2.198058425318524,3.4144052575587986,3.343480204178198,3.917107393930066,2.1127186458801654,3.3542999735741144,3.301208928357272,3.1916880824755154,3.1346707501622326,4.127327665211384,3.0094827356891756,2.6788947433644292,2.1395455044987433,2.5554348726002827,3.8959212329919968,2.1020047900627663,2.0511921034296328,2.9805880914427005,2.8263016238712053,2.106980452108367,2.100245745484292
653,3.115800635298278,2.0404760169735763,3.8959615522210616,2.09243376954518,3.150283548761913,3.0905228360982417,2.5293089111220337,2.668390427365475,3.939047620439494,2.3469595831817753,2.1968376921163837,3.41351355782379,3.3453959748771056,3.916095169158799,2.112171684488708,3.3547917820380566,3.3020112062633684,3.191776956315879,3.134047264026788,4.127610379100101,3.009283426187842,2.6789735374278107,2.139234634409185,2.5563502932530877,3.8958589323383848,2.101398229655189,2.051048424745269,2.9813434117244815,2.826219735248832,2.10674331571644,2.1003082303544933
654,3.1152529438746623,2.0403574602433783,3.897226538534885,2.092214180213894,3.149346642546789,3.0908819262337452,2.53089090106366,2.666822005053673,3.9396721870675497,2.347894131797861,2.195622619468027,3.4126066271003754,3.3473116120750337,3.9150862558184847,2.111627752112338,3.3552961126507865,3.3027949965820937,3.1918627576380927,3.1334216678475313,4.127893200845531,3.0090773114509686,2.6790626821367285,2.1389261716113728,2.557233078292057,3.8958094070819174,2.100796022426095,2.050905648047425,2.982101729287584,2.8261288339870463,2.1065090351812326,2.100369339896137
655,3.1147122996644434,2.040239368850698,3.898479809325698,2.0919964825766075,3.1484208175880912,3.0912353892844218,2.5324758142440364,2.6652415342500384,3.940289934125531,2.348847807322786,2.194413043179451,3.411683018466974,3.3492258964092407,3.9140806219000206,2.1110868440525556,3.3558143022358773,3.3035620140640773,3.191947283788255,3.1327963337257323,4.128178086581128,3.00886737319495,2.67916412942097,2.138620254398593,2.5580856142102064,3.8957739478140607,2.1001981835406567,2.0507637669292498,2.9828645450086557,2.8260299435219602,2.106277713357403,2.100429092912992
656,3.114178421705181,2.0401217314030786,3.899720209855739,2.091780628129908,3.1475018836373447,3.0915790738967144,2.534060835521407,2.6636467646910926,3.9408967096981096,2.34981992566378,2.1932088324783843,3.4107413268010145,3.3511376111081606,3.9130784106338914,2.1105489721164337,3.356348163078032,3.3043146318736656,3.192032740961663,3.132173896728743,4.128467023829209,3.008656787849286,2.6792801660320227,2.1383170309073827,2.558910310362777,3.8957539743937692,2.099604731861038,2.0506227772095307,2.983633236514823,2.8259240429349903,2.106049453980835,2.1004875087358097
657,3.1136513294180688,2.0400045385459835,3.900947275325862,2.091566581815539,3.146588249881665,3.0919113502239686,2.535644385479467,2.662037058341058,3.9414910013309665,2.3508102011823775,2.19200996881554,3.40978121557096,3.353045930815539,3.9120798742027336,2.110014151393031,3.3568990813148716,3.3050545621565908,3.192120614867741,3.1315560234812243,4.128760984951155,3.0084472843805363,2.6794120601879454,2.1380165994094287,2.5597088282926745,3.8957500363745616,2.099015656671077,2.0504826728969925,2.984408335255888,2.8258115764237464,2.1058243230659066,2.100544606627528
658,3.1131313100885256,2.03988778507929,3.9021614843490804,2.09135432616279,3.14568168064229,3.092233902449833,2.5372264908834135,2.6604139211952296,3.9420746068538524,2.3518188121876995,2.1908165641332564,3.4088038777619354,3.3549505984985846,3.9110852509702028,2.1094823860447742,3.3574673365951124,3.305781903257979,3.192210929023933,3.1309426954482857,4.129059420897707,3.0082382788685726,2.6795592564040778,2.137718974087812,2.5604816971728805,3.8957612770316548,2.098430901246908,2.0503434433369563,2.9851892502242996,2.825692244973056,2.105602330072241,2.1006004052864755
659,3.1126187460572363,2.0397714700047174,3.9033640267565914,2.091143856664346,3.144786332476059,3.092550820000193,2.5388083279796567,2.6587804381405045,3.9426516198522736,2.352846222053757,2.189628812690515,3.4078117130631145,3.3568518109845416,3.910094655868536,2.1089536614191444,3.358051990191315,3.3064950359780427,3.1923022646479167,3.130332364895081,4.129360545556592,3.0080272156721835,2.679719521308672,2.1374240930646886,2.5612285069849885,3.8957856270359104,2.0978503708628127,2.050205072953192,2.9859745704971608,2.825565180422114,2.1053834376985887,2.100654922703312
660,3.112113892625104,2.0396555945393797,3.9045562165456857,2.0909351710152952,3.1439066083871845,3.092866492752911,2.540391187957583,2.6571399339957815,3.9432262908636933,2.3538928514098827,2.188446904132186,3.406807404904616,3.3587498818614225,3.909108044316363,2.1084279463002766,3.358651391097391,3.30719140846561,3.192392518170721,3.1297228866462246,4.1296622503445155,3.0078109179986985,2.679889948517044,2.1371318634439658,2.56194857123572,3.8958206151043604,2.09727396013718,2.0500675436327027,2.9867627808193453,2.8254294045921053,2.105167594427534,2.100708176427726
661,3.111616721039093,2.0395401591641393,3.905738857860398,2.090728257868892,3.143044951595685,3.0931834113586203,2.5419754042550036,2.6554945629634394,3.9438008800950897,2.354958771494028,2.1872709435169755,3.405792880451302,3.3606448599775396,3.9081252685772725,2.10790520380569,3.3592640308781174,3.307868792751773,3.192479993486038,3.129112731757716,4.129963167193844,3.0075872350084567,2.6800682910939226,2.1368422193788756,2.5626417106468837,3.8958643689698143,2.096701585065781,2.0499308384569463,2.98755301653292,2.8252843323581125,2.104954772615492,2.100760184082075
662,3.111126906349753,2.039425161239685,3.9069118884370044,2.090523090831158,3.142200703798188,3.0935009963706976,2.5435597915177643,2.6538445414941068,3.944374591691349,2.3560435751853133,2.1861009181679822,3.404768684515356,3.3625362986509124,3.907146194988362,2.10738540505969,3.359889303290217,3.3085263609384956,3.1925642613947955,3.1285018538615654,4.130263330261597,3.007356132331613,2.680253930773351,2.136555163174134,2.5633087516670536,3.8959162907187594,2.0961332033609787,2.0497949448405746,2.9883454712656796,2.825130060062695,2.1047449926381856,2.1008109638344363
663,3.1106439643738084,2.039310594390546,3.9080744751047707,2.09031963056424,3.141370580678359,3.0938160275196243,2.5451418744358656,2.652188390089366,3.9449441000505545,2.357146488652899,2.1849367255797048,3.4037340753375247,3.364423287876767,3.906170817525858,2.1068685385365136,3.3605277803851688,3.3091650321842296,3.1926463488276164,3.1278917700921007,4.130564103257413,3.0071196745927002,2.6804479918452646,2.13627076892652,2.5639514864623814,3.8959770675177348,2.0955688133445847,2.049659855498626,2.9891412558698387,2.8249672960322307,2.1045383212724285,2.1008605345527296
664,3.1101674644702717,2.0391964499153414,3.9092254994439157,2.0901178336305883,3.14055047506297,3.094124410745149,2.5467187744029673,2.650524025137868,3.945505353134018,2.3582666619677912,2.18377824504474,3.402687774437451,3.3663047234631884,3.905199305047652,2.10635461040664,3.361180870378597,3.3097869245027143,3.1927281732550563,3.1272848317565156,4.130867424059969,3.0068809300388795,2.68065255720077,2.1359891479644677,2.5645721231700183,3.896048026857485,2.095008432935163,2.049525566816086,2.9899417922020195,2.824796976830631,2.104334845960722,2.100908915505271
665,3.1096972068885966,2.0390827194330283,3.9103641727447664,2.0899176633081806,3.1397376253622995,3.0944233407992137,2.5482882860317115,2.648850114635607,3.9460556933881237,2.3594034857506934,2.182625414382935,3.4016289686639305,3.3681796658923546,3.9042319556029974,2.105843635988135,3.361850042161027,3.31039420814606,3.192811528451963,3.126683078485284,4.131174770186683,3.006642384022027,2.6808694086990066,2.1357103949903937,2.5651725191397787,3.8961301831306514,2.09445207032264,2.0493920755352266,2.9907480628837737,2.82461977400909,2.104134638850709,2.1009561257130995
666,3.1092332746361704,2.0389693973646033,3.9114904602866223,2.0897190967643064,3.138932026513087,3.0947127386774826,2.54984958638205,2.6471669973704763,3.9465952002080207,2.360556769735162,2.181478272519641,3.400558041667321,3.370047600290184,3.90326908211868,2.105335626979074,3.3625360223404144,3.3109879611544972,3.19289715423703,3.1260872770896713,4.131486385921406,3.0064046916484832,2.6810989525789974,2.13543454324043,2.5657535983479587,3.8962234750903173,2.093899701653528,2.0492593755123263,2.9915601063996053,2.824435748471291,2.10393772929393,2.101002183274981
667,3.1087759366770493,2.0388564819775,3.912605102256485,2.089522125035503,3.1381363814676906,3.094995245692961,2.5514032199412893,2.645476712927184,3.9471265879566535,2.3617266931327956,2.18033694807239,3.3994766639150997,3.3719084665442045,3.9023108916326374,2.1048305811715426,3.3632383795174916,3.3115676170592296,3.192984369505421,3.125496638432324,4.131801166029228,3.006166408390181,2.681339882465547,2.1351615515330176,2.5663152521494332,3.896326584719581,2.093351266784518,2.0491274562042854,2.992377012611967,2.82424432765103,2.103744098569851,2.1010471050247936
668,3.108325455711652,2.0387439744977756,3.9137092322809255,2.0893267460722504,3.13735466136644,3.0952748180325793,2.5529503838316234,2.6437821608497742,3.9476537554810838,2.362913556607432,2.179201602711547,3.3983872116764617,3.373762452787286,3.9013574243968723,2.104328479859721,3.363955704454326,3.3121312788453894,3.1930714465777887,3.124909343604186,4.132117242171292,3.00592481734218,2.6815897394395822,2.1348913289710816,2.5668567660760884,3.8964374183299304,2.0928066844164377,2.0489963036007213,2.9931974097398637,2.8240446095665312,2.1035536987742427,2.10109090670222
669,3.1078819016828056,2.0386318768068152,3.9148038020966966,2.089132954664152,3.136590057314847,3.095554686269323,2.5544918995932315,2.6420858523557853,3.948179775056509,2.3641174684144493,2.1780723607474504,3.397291834648633,3.3756096697127322,3.9004085874391876,2.103829294030499,3.3646862837557383,3.3126767205865666,3.193156516921844,3.124323587830835,4.13243295183862,3.0056773995189903,2.681846059851156,2.134623783452385,2.5673775407262984,3.8965539854046862,2.0922658779408803,2.0488659030353316,2.9940201795458226,2.823835828345605,2.10336648536086,2.101133603537839
670,3.107445068192238,2.0385201889574014,3.9158891157821265,2.0889407345447637,3.1358433994801347,3.095835752814985,2.5560274126564133,2.640388909932608,3.9487053749607113,2.3653381293789666,2.1769492617964588,3.3961916667536536,3.3774498821039365,3.8994642663597605,2.103332995862522,3.365428911457646,3.3132025458019023,3.1932385272663675,3.123738588357816,4.132747677400758,3.0054231682869306,2.6821075020603344,2.134358868238105,2.567877725563504,3.896675210125627,2.0917287982476496,2.0487362423628275,2.994845024806252,2.823617735967953,2.1031824461664606,2.101175210937252
671,3.1070145345339983,2.03840890780135,3.9169647122178333,2.0887500566730126,3.1351128477061794,3.0961162454741102,2.557555231369671,2.638690819096321,3.9492286841964894,2.3665748271283404,2.1758322595752495,3.3950865878094985,3.3792824379136492,3.898524456223531,2.102839569419744,3.3661834173679623,3.3137089002955955,3.193317749329294,3.1231550341746743,4.133062121578547,3.0051631760401873,2.6823743661554293,2.1340966025860135,2.5683584367052252,3.8968012558936427,2.0911954319348043,2.048607313849147,2.995672597899218,2.8233907042243875,2.1030016121243116,2.1012157448943687
672,3.106589838792246,2.038298027402147,3.918029646638371,2.088560884348755,3.1343949749781164,3.0963927708258066,2.559072876052228,2.63699003106933,3.949746332212736,2.3678266389222618,2.174721264912404,3.393975645944884,3.381106425579721,3.8975893406304873,2.1023490150210242,3.3669506439519576,3.314197379032903,3.1933955887940364,3.122574757951495,4.133377888841555,3.004899947654317,2.682648248785326,2.133837056607243,2.568821453332871,3.8969332060054116,2.090665791389507,2.0484791138394645,2.996504133812895,2.823155501052574,2.1028240447908004,2.1012552218890113
673,3.1061706692673163,2.038187540954001,3.91908301235725,2.088373182244793,3.133686636687898,3.0966621781643675,2.5605780364162087,2.6352850720549728,3.9502552903376706,2.3690927332191314,2.173616208330526,3.392857901040461,3.3829209668881424,3.896659274283457,2.1018613452018466,3.367731892708851,3.314670190993678,3.1934738089019135,3.121999820639961,4.133696607337635,3.0046361610566112,2.682931032099242,2.13358030938133,2.5692685625293707,3.8970722829167013,2.090139892695291,2.0483516404478284,2.9973407902561826,2.8229128663183394,2.1026498079386657,2.1012936582842716
674,3.105756974005126,2.0380774431528947,3.9201244229805434,2.088186924505446,3.132986627294013,3.096923238448867,2.5620694282220717,2.6335755651014066,3.9507544730301443,2.370372609902396,2.1725170886836693,3.3917332327056635,3.3847254820527928,3.8957346752953774,2.1013765745987363,3.368528135030336,3.3151290298461817,3.1935535863172975,3.1214315008876623,4.13401906105178,3.0043732820704303,2.683223749996257,2.1333264030101353,2.5697009037109266,3.8972190254927845,2.089617733319531,2.0482248905308773,2.9981830460046477,2.822663114002279,2.1024789384686278,2.1013310695208944
675,3.105348933621193,2.0379677317647316,3.9211542045802616,2.0880020977243436,3.13229626718734,3.097177267785161,2.5635471036732507,2.6318626383240855,3.951245271101955,2.3716661538201946,2.1714239833285105,3.3906026857717064,3.3865197835856975,3.8948158825555232,2.100894709169928,3.369339400077932,3.3155742429150363,3.1936348952469533,3.1208697193424575,4.1343447860856,3.0041108690768663,2.6835259278425694,2.1330753167265146,2.5701186572066073,3.897372855872959,2.0890992810868574,2.048098857538891,2.9990304703924253,2.822405968459521,2.1023114317294507,2.1013674695449067
676,3.104946814853289,2.0378584075957193,3.9221732065485786,2.087818697433421,3.1316186472035517,3.0974274017959313,2.5650120667390985,2.6301485324713276,3.951730772646839,2.3729734769398894,2.170337016669088,3.3894681828952633,3.3883039538460125,3.8939030544419975,2.100415740359858,3.370164654459176,3.316004724714547,3.193716533337215,3.1203131874675463,4.1346723310171445,3.003846895587878,2.683835730874526,2.1328269739748222,2.5705212334523546,3.8975322528194445,2.0885844795557222,2.047973531326213,2.9998819753015997,2.8221407145013995,2.1021472483441674,2.101402870792236
677,3.1045507838593993,2.0377494729317682,3.923182342327242,2.0876367201731334,3.1309569685486736,3.097676942099085,2.5664654135312936,2.6284356446055517,3.9522141225488934,2.3742946368156614,2.1692563058465404,3.388331775708542,3.3900780818099747,3.892996165531453,2.0999396470919653,3.3710022285556525,3.3164185756775186,3.193796760288259,3.1197601836865405,4.135000027628925,3.003578896033012,2.6841508246208328,2.1325812777494333,2.570907852190176,3.8976954244490365,2.088073266167928,2.0478488999437157,3.000736405111622,2.82186657423284,2.101986338223305,2.1014372847475307
678,3.1041607785275067,2.037640929315751,3.924182110034068,2.0874561554593813,3.1303128772583824,3.0979276711067407,2.567907462911889,2.626725528897012,3.9526969092502036,2.3756293831590067,2.1681819132781834,3.387194847479739,3.3918420099084203,3.892095106575616,2.0994664043168627,3.37185055920484,3.316814166546325,3.1938742003008453,3.1192095332136933,4.135326853629744,3.003305311511867,2.6844694783547194,2.132338154829257,2.571278197637439,3.8978611133102263,2.087565593091798,2.047724952401579,3.0015931457791236,2.8215831066763144,2.1018286686627783,2.1014707227831204
679,3.1037765071773995,2.0375327758528496,3.925172346637034,2.0872769818688255,3.129685668573383,3.0981790225837913,2.5693373368152543,2.625018377351135,3.953178425207602,2.376977066725117,2.167113830516674,3.3860576948388923,3.3935952314173132,3.8911998368438225,2.098995993454848,3.37270885722013,3.317191043997011,3.1939485296432957,3.118661272142054,4.135652931017725,3.0030263217953452,2.684791324871769,2.132097585483791,2.5716328022666897,3.898029106459697,2.0870614397744487,2.047601680920174,3.0024524318369545,2.8212904195703814,2.101674241762527,2.101503196837107
680,3.103397572792589,2.037425008916134,3.9261523385163692,2.087099169143312,3.1290727516366768,3.0984285184872835,2.5707532012552745,2.623313231890518,3.953656161227636,2.378336756152483,2.1660520001029417,3.384919701777622,3.3953369910030364,3.8903105076574045,2.098528409208658,3.3735773535768088,3.3175502074439436,3.194020594734133,3.1181166559857174,4.135979407204411,3.002743738148503,2.6851173841276603,2.131859603586576,2.5719729631003445,3.898200189658933,2.0865608110676335,2.047479081506164,3.0033151972289884,2.8209890871880217,2.101523092493283,2.101534719564665
681,3.1030236542891965,2.037317623353982,3.9271212185172453,2.086922684963546,3.1284710868246526,3.098673200923905,2.572153023739503,2.6216087857926538,3.9541272326015138,2.379707496854939,2.1649963617034462,3.383779995202387,3.3970665256093575,3.889427488655035,2.0980636592708874,3.3744570030457197,3.317893625585418,3.194091913460096,3.1175775266270076,4.136307798062234,3.002460038040865,2.685449355957509,2.1316242681044866,2.5723002466048417,3.898375585022837,2.086063722604908,2.0473571526081846,3.0041825605390295,2.8206798259614154,2.101375269156102,2.101565303859143
682,3.102654646989527,2.0372106145025426,3.9280784295040614,2.0867475026213405,3.1278788022163937,3.0989112688551073,2.573535431551897,2.6199043279989023,3.9545899509470592,2.3810885711794687,2.1639468967127002,3.3826382137810573,3.398783304610576,3.888551278399105,2.0976017572631034,3.375348808602772,3.318223262186235,3.1941638376220323,3.1170453891272834,4.13663915447135,3.002177074728445,2.6857885737978386,2.1313916219750904,2.5726158554691048,3.8985561837399443,2.0855701816790955,2.047235892623753,3.0050552263113497,2.8203631065002615,2.1012308071380548,2.1015949619821526
683,3.102290688593916,2.0371039799050483,3.9290240060785644,2.0865736054866995,3.127296126473741,3.099143044809749,2.5749002115743953,2.618200326564848,3.9550447028746856,2.382479620595714,2.1629036477123718,3.3814949696699275,3.4004871315639997,3.8876823430832963,2.097142712785085,3.3762531255119734,3.318540132821896,3.194236826042343,3.116520693566542,4.136973498270347,3.0018951537410894,2.6861351821117694,2.131161660533918,2.5729201977655762,3.898741986070614,2.0850801738196654,2.047115297608091,3.0059331217299556,2.8200389096594254,2.101089709998038,2.10162370478363
684,3.1019320594779387,2.0369977198340288,3.9299585309262257,2.0864009860223813,3.1267251666226312,3.099370780361032,2.5762481952342653,2.6164983592689826,3.955493692648486,2.383880567246625,2.1618667038768375,3.380351761500771,3.4021780527939156,3.886820968436717,2.096686523875269,3.377169309891192,3.3188438879397806,3.1943102086660238,3.1160026953886133,4.137309819102895,3.001612956270428,2.686487968479875,2.130934325903821,2.5732128831733325,3.8989320397878986,2.0845936617798615,2.046995360381602,3.0068154550251087,2.8197067522227974,2.1009519475562617,2.1016515414658765
685,3.101579012986374,2.0368918363798474,3.93088280027861,2.0862296400824194,3.1261686888825966,3.099597442631382,2.5775806075270022,2.614800457107893,3.955939726408882,2.385291381532523,2.1608361621072074,3.379210403731813,3.403856131149091,3.885967206453728,2.0962331757815047,3.37809589117313,3.3191331306335403,3.194382553427231,3.1154899511777305,4.1376466178657605,3.0013283269803486,2.6868449231061877,2.130709529481556,2.5734931375807837,3.8991248949420867,2.0841105967911773,2.0468760714494567,3.0077011527280177,2.8193659608259987,2.1008174713544303,2.101678480045585
686,3.1012316279411563,2.036786331641071,3.9317973873380656,2.086059559719271,3.1256285867332836,3.0998251628301654,2.578898243726258,2.6131082342315928,3.956384720984327,2.386711824692943,2.159812086093885,3.3780722998683537,3.4055212200101908,3.88512094965002,2.0957826465100347,3.3790311699556432,3.319406285440569,3.194452426127847,3.1149811682074846,4.137982691956949,3.0010394829211577,2.6872042093280983,2.130487189676291,2.573760403923983,3.899319317020689,2.083630935498272,2.0467574211720048,3.00858943189276,2.8190160410965475,2.1006862386878806,2.101704528280528
687,3.100889762710044,2.036681206014005,3.932702341429608,2.085890728404759,3.1251048653726423,3.1000541871661667,2.5802009200110105,2.611422274995561,3.956828744124811,2.3881413063984747,2.1587944853229786,3.376937962396772,3.407172869509799,3.884282096442152,2.0953349160213866,3.3799739200340126,3.319662546786601,3.1945191307732825,3.1144759462256797,4.138317737096852,3.0007459872938567,2.687565017031092,2.1302672643678924,2.574014803247437,3.899514869958503,2.083154653334585,2.0466394019835406,3.0094801978277594,2.8186569425904633,2.100558232220528,2.101729694576534
688,3.1005531341665895,2.0365764574907983,3.933597180336818,2.085723121130159,3.1245956681675837,3.1002828750399303,2.581487485171518,2.609742092158832,3.957270081050031,2.389578932464096,2.157783324063242,3.375807034907657,3.408810417535677,3.8834507197155674,2.0948899740891993,3.380923823189173,3.319902403326419,3.194583038668806,3.1139750204112717,4.138652450162543,3.0004489749428895,2.6879278461469913,2.130049761037868,2.574257213204398,3.8997120611202134,2.082681747450535,2.0465220094763628,3.0103740596269892,2.818289081391309,2.100433465012791,2.101753988393347
689,3.1002214761935667,2.036472082301081,3.934481170090991,2.0855567091305947,3.1240982935490287,3.1005087092697723,2.5827563704283074,2.608066652380641,3.9577062544380373,2.3910237132747962,2.156778553660052,3.3746787881417797,3.410433208928376,3.8826271455618055,2.0944478226734353,3.3818814115830564,3.3201274696891447,3.194645342817747,3.1134798911350394,4.13898809280308,3.0001505304940155,2.6882940834143625,2.1298347199850878,2.574488932833718,3.899911983619922,2.0822122281741424,2.0464052418132055,3.0112719660925023,2.817913115693183,2.1003119688923855,2.1017774199203196
690,3.0998946896010677,2.0363680764972036,3.9353537311285227,2.0853914664947326,3.1236106192984225,3.100729738904347,2.584006363982819,2.6063951618413266,3.9581354137704094,2.3924748165522796,2.155780149249771,3.3735528004099318,3.412040810803614,3.881811894966212,2.094008471679532,3.3828475555744717,3.32033973018678,3.194707383812582,3.1129920563280793,4.139325765296359,2.999852576687439,2.6886651178970573,2.1296221805567477,2.5747111258018878,3.900115662802709,2.081746104102912,2.0462890978414343,3.0121746681680834,2.81752960222315,2.100193773014042,2.1017999991881724
691,3.099572901934562,2.0362644375904253,3.936214746656355,2.08522737501238,3.123132151864091,3.1009456610497104,2.5852371838136268,2.6047276789382066,3.958557330379502,2.3939317259293644,2.1547881306890755,3.3724294387005553,3.4136330951204545,3.8810055151997416,2.0935719305305174,3.3838227748777543,3.320540609662321,3.194769918010465,3.1125122683951516,4.1396657885775525,2.9995558836801655,2.6890414825590083,2.129412149085746,2.574924348726616,3.900323466928816,2.081283369046968,2.04617357496374,3.0130823017673154,2.8171387218427535,2.100078884417262,2.101821735117676
692,3.099256406541934,2.036161165351776,3.937064609795989,2.085064424712298,3.122664148715975,3.1011579704741967,2.586449544141719,2.6030652337150526,3.958973475057616,2.395394220977473,2.153802557264927,3.371309879535909,3.4152101401796937,3.880208390279913,2.0931382001616896,3.3848067416637404,3.3207303706745535,3.1948327203237916,3.1120402124141604,4.140007523070739,2.999259728395921,2.6894224830759055,2.129204585695076,2.5751284171208066,3.9005348971257363,2.0808239976420326,2.0460586679123165,3.0139943120896318,2.8167402200418774,2.0999672808775856,2.1018426350657813
693,3.098945516505805,2.0360582613755907,3.9379039935673164,2.084902609979563,3.122208782890353,3.101369130089515,2.5876446953174947,2.6014094138648405,3.959386171811632,2.3968621940568777,2.1528235006854555,3.3701956742252754,3.4167720119948215,3.879420635153209,2.0927072697097953,3.385798237784237,3.320908151905522,3.1948947250271265,3.1115747649379784,4.1403497084050205,2.9989623681366027,2.6898065007175527,2.1289994164183743,2.575322671904095,3.9007488574860996,2.0803679514792184,2.0459443690443786,3.014909749891099,2.8163335877768603,2.099858919385668,2.101862705156272
694,3.098640414781257,2.0359557276883056,3.938733479130661,2.08474192354818,3.1217678390488177,3.101581247838778,2.5888237040517277,2.599761666131379,3.959797323454892,2.398335408792311,2.1518510124535566,3.369088117892849,3.41831855837986,3.8786421351975804,2.0922791195414585,3.386795582635335,3.321072612746671,3.1949546144027368,3.11111467606894,4.140691124785267,2.9986620485247406,2.6901917872753582,2.12879656323592,2.5755064905099823,3.9009642433385667,2.0799151918888485,2.045830669934313,3.015827767916905,2.8159183774669048,2.099753755106321,2.1018819512392497
695,3.0983410827267823,2.035853565192996,3.939553250513193,2.0845823517332733,3.121341667544308,3.101794997078033,2.5899868743398042,2.5981227037336505,3.9602074192662298,2.399813334898804,2.150885103814102,3.3679877828017326,3.4198493405667163,3.877872713420022,2.091853728814566,3.3877972963452536,3.321222824496364,3.195011527041307,3.1106592943686193,4.14103120901564,2.9983579849071145,2.690577308481923,2.1285959752163506,2.575679758221556,3.901180518367668,2.0794656921661607,2.0457175633489744,3.0167480422323445,2.8154944790757708,2.099651760267,2.101900379972988
696,3.0980473447095953,2.0357517728001144,3.9403630207083395,2.0844238734570064,3.120928956634377,3.102009359626762,2.591133620350821,2.5964923349431617,3.9606153548408076,2.4012951491316223,2.149925748456649,3.366894472357835,3.421363744421799,3.8771123357490476,2.0914310833695575,3.3888026402154123,3.3213589237892944,3.195065501937476,3.1102089425136756,4.141370293687757,2.9980507868926853,2.6909631775869545,2.1283976439337695,2.575843045094514,3.901397967585191,2.0790194427107687,2.0456050445223366,3.0176708921538826,2.815062208115248,2.0995529328783475,2.1019179994468926
697,3.0977590013060814,2.035650347688061,3.941162221340295,2.084266463438347,3.120527415768258,3.1022223009139673,2.592262845160918,2.5948697847811397,3.961019130536318,2.4027798984300475,2.1489729050152495,3.365807606982684,3.4228612047478446,3.8763612404834538,2.091011179672899,3.389811746696425,3.321482182049591,3.195117426746409,3.109764751925825,4.141709352099623,2.997742113141336,2.6913504552304524,2.128201595410942,2.5759974014441953,3.9016174990326755,2.078576446696055,2.045493111065896,3.01859704301296,2.8146221638304345,2.099457291043562,2.101934819000799
698,3.097475974733343,2.03554928650223,3.941950341681112,2.084110097611179,3.1201349603102924,3.1024319718093594,2.5933735992245572,2.5932543100169627,3.9614170104402904,2.4042667314452775,2.148026545647163,3.3647268083191353,3.424341406562247,3.8756199166069676,2.0905940227770854,3.390825274973398,3.321594466697281,3.1951685319349243,3.109328062900211,4.142049403206505,2.997433767971763,2.6917404424131766,2.128007863825135,2.576143895534911,3.9018401168147836,2.0781367090983465,2.0453817616158467,3.0195271721499726,2.8141749420347617,2.099364856537201,2.101950848335491
699,3.0971983850837583,2.0354485867954013,3.9427272243401714,2.083954757689976,3.1197507283035986,3.1026377571903803,2.5944656454921615,2.59164575735814,3.961808486078523,2.4057550685113034,2.1470866744313826,3.3636523428638943,3.4258043396378532,3.87488893828806,2.0901796195624525,3.3918437844445846,3.321697398964337,3.1952197169602776,3.1088997290227955,4.142390911166705,2.997126749112663,2.692133866455887,2.127816461943256,2.576283154598388,3.902066363809081,2.077700225347609,2.045270994002119,3.0204614928826974,2.8137208638787,2.0992756369815226,2.1019660964229243
700,3.0969265165375868,2.0353482479089897,3.9434931558861384,2.0838004324066017,3.1193753780885247,3.102840600983244,2.595539622130568,2.590044763272206,3.962194521801942,2.407244617221694,2.1461533259952112,3.362585177155098,3.4272501706876373,3.874168744361007,2.0897679710654025,3.392867168616796,3.321791671217075,3.195271078263259,3.108479706529065,4.142733506913105,2.9968207676978884,2.6925304077522725,2.1276273645231565,2.5764151609167034,3.9022960397662714,2.0772669757403626,2.045160803956379,3.0213996030698693,2.8132598683429904,2.0991896163334913,2.1019805708562425
701,3.096660694944646,2.0352482708344657,3.944248710127053,2.0836471148888127,3.1190105330058353,3.103042457418681,2.5965967269314802,2.588452505272552,3.962576975971885,2.4087352291796544,2.1452265464165494,3.361526626945401,3.4286790085789303,3.873459485370063,2.089359068099204,3.39389445517551,3.3218768903049725,3.1953218896007405,3.1080671426755684,4.143076173284918,2.9965144879651273,2.692928816527239,2.127440513277881,2.576539407073418,3.9025283396866977,2.0768369283109624,2.0450511850418516,3.0223406729415445,2.8127916220001,2.099106758494245,2.1019942780321004
702,3.096401146740373,2.0351486571722313,3.9449944406338444,2.0834947978058924,3.118657715183418,3.1032452061541473,2.597638114882351,2.58687016483978,3.962957553096856,2.410226682528987,2.1443063682316392,3.3604778164726614,3.4300907054505783,3.8727610265886643,2.088952892465617,3.394924075919293,3.32195201962224,3.19537103253458,3.107660898376577,4.143417777080692,2.996206332093596,2.693327538069667,2.127255839892938,2.5766553132802468,3.9027623213359637,2.076410048117835,2.0449421297883132,3.0232838576334373,2.8123157784968473,2.0990270215330558,2.1020072240929832
703,3.096147917845083,2.0350494077959826,3.945730599809251,2.083343469073366,3.1183173802147284,3.1034496535539313,2.5986643529848448,2.5852984125149394,3.9633368896755576,2.4117185145259747,2.143392793926496,3.3594392663459502,3.431484818520767,3.87207311024979,2.0885494229374046,3.3959544540517395,3.322016164836768,3.195417629518493,3.1072602048204105,4.143757644731556,2.995895389588572,2.693725487064045,2.1270732937957275,2.576762667637598,3.9029974320496432,2.0759863075138125,2.0448336313497126,3.0242286990257936,2.811832239833519,2.0989503743587195,2.102019416145691
704,3.095900896399199,2.0349505219720454,3.9464570405503956,2.0831931104879198,3.1179885848597504,3.1036551713788265,2.5996752331110486,2.583737197883962,3.963714277185092,2.413209997444079,2.142485796623949,3.3584108427483192,3.4328607596188534,3.8713955885326845,2.088148642594668,3.3969845845409323,3.3220692654043726,3.1954615278269465,3.1068650900292605,4.1440958643029955,2.995581927786912,2.6941225400153908,2.126892859253957,2.576861845423605,3.903233801653493,2.0755656917404006,2.044725684746562,3.0251752953640683,2.811341275517156,2.098876806680222,2.1020308630887956
705,3.0956599239502562,2.0348519974045542,3.9471733479057525,2.0830436999313866,3.1176694454025062,3.103860146706239,2.6006700330618338,2.5821859436420977,3.96408814656981,2.4147002680104586,2.1415853364345785,3.3573920822582664,3.434218042028663,3.870728594531065,2.0877505434357233,3.398014290247999,3.32211231491375,3.1955033739566034,3.106476349705832,4.144433157825511,2.9952672366726616,2.694519483774398,2.1267145528499967,2.576953694590109,3.9034721486300006,2.0751481970787546,2.044618287034484,3.0261241539829755,2.8108434390964523,2.0988063271303923,2.102041575552187
706,3.09542492938642,2.0347538311405975,3.9478791171280263,2.082895215743977,3.1173580964955026,3.1040629570171134,2.601648061160338,2.580644013407391,3.9644570079127743,2.416188533356818,2.140691382161931,3.3563826890551756,3.4355564739899607,3.870072551773562,2.087355125793153,3.399044018580053,3.3221470007414706,3.195544249805585,3.106095094063474,4.14477040947517,2.994952916595206,2.6949174660113657,2.12653840351347,2.5770391630761447,3.903713365915994,2.0747338230063503,2.0445114363577597,3.0270758203975783,2.8103393351800396,2.09873895110933,2.1020515649658433
707,3.0951960084751624,2.034656020789887,3.9485742158584083,2.082747640702097,3.117053593761935,3.104262903857285,2.602609166932973,2.5791111785906335,3.9648203000174016,2.4176742351132714,2.1398039256761003,3.3553829101264734,3.4368761805566823,3.8694280146827458,2.08696239303713,3.4000742979569663,3.3221749753154874,3.195585083059989,3.105722133931585,4.1451081217760954,2.9946400209376076,2.6953172667877445,2.126364426795168,2.577118883397006,3.9039580270070795,2.0743225629773376,2.044405130453252,3.0280304966620983,2.8098293706011708,2.0986746854804736,2.1020608423057023
708,3.094973405096183,2.0345585653613116,3.9492588836243177,2.0826009633758633,3.1167562592356273,3.1044605858683387,2.6035539320810788,2.577587825763037,3.9651786798616326,2.4191570801873326,2.138922981268021,3.354393576372675,3.438177439138938,3.8687954296755342,2.0865723446572453,3.4011051598251902,3.3221971700378714,3.1956261631689813,3.1053575498925756,4.145446103061868,2.994328532833962,2.6957187999119516,2.126192607795527,2.577192946366333,3.904206088750896,2.073914398938476,2.044299365449041,3.028987860502527,2.8093136277713007,2.098613518677027,2.1020694172722116
709,3.0947574074149484,2.034461465264365,3.949933619212332,2.0824551762248475,3.116467302046479,3.1046575271788015,2.6044834469851583,2.5760748045225124,3.9655336156852763,2.420636924871836,2.1380485713605326,3.3534157988008473,3.439460426449461,3.868174953102372,2.0861849716212575,3.4021358468689495,3.3222135302596385,3.1956670276400843,3.1050006769432583,4.145783551837732,2.9940174550566203,2.6961211137239385,2.1260229018571155,2.577260983360223,3.9044569488727383,2.073509302380105,2.0441941356105104,3.0299471788667365,2.8087919262418697,2.0985554214325766,2.1020772984156544
710,3.0945482203353496,2.034364721513685,3.950598927962216,2.082310271669602,3.1161879597246536,3.1048553014194997,2.6053988149653198,2.574573021331508,3.9658865427669965,2.4221135827233367,2.137180707675721,3.3524505090928614,3.4407250279363635,3.8675664299302324,2.085800256515156,3.4031649638661756,3.322223306550855,3.1957067707017828,3.10465049948207,4.146119477792061,2.9937054428180687,2.696522875914256,2.1258552519781673,2.5773225009699354,3.904709813486069,2.07310724098593,2.044089434140477,3.030907643246365,2.808264032010543,2.0985003572684993,2.102084494152754
711,3.0943458874594656,2.0342683346211246,3.9512550776349826,2.0821662384684307,3.115918664553286,3.1050546651849213,2.6063006744457287,2.5730830206912847,3.96623807607234,2.4235866682018505,2.1363193789647767,3.3514981175627834,3.4419708248116123,3.8669695457480926,2.0854181782205323,3.4041909791909983,3.322225724453431,3.1957445895815257,3.1043062226915166,4.146453213083717,2.9933916082274354,2.696923057065349,2.125689612641966,2.5773772724045845,3.904964157733698,2.0727081869007513,2.0439852545464854,3.031868732372383,2.807729892938008,2.098448296516141,2.1020910140910956
712,3.0941503053246056,2.0341723038114012,3.9519020013972517,2.082023060442226,3.1156587047414313,3.1052551895133926,2.60718900783483,2.5716047890774973,3.9665877231318474,2.4250555646256347,2.135464551901607,3.3505584844304996,3.4431972703463414,3.866384066894144,2.0850387183648986,3.405212792315808,3.322220649080106,3.1957802565669087,3.1039676951863857,4.146784724849546,2.993076040159929,2.697321423636194,2.125525966507702,2.5774255638212473,3.905220017190126,2.0723121219387455,2.043881591781702,3.032830397816499,2.8071897675095263,2.098399225963097,2.1020968699073515
713,3.0939613185962944,2.0340766269858657,3.9525393977127847,2.08188071815759,3.1154065512851727,3.105455577624507,2.6080633333431607,2.5701378794836307,3.9669342399460072,2.4265195316203165,2.1346161837638835,3.3496312115259887,3.4444039545451792,3.8658100331737937,2.0846618658902987,3.4062300517385244,3.3222088745055154,3.195814256019122,3.103635451874538,4.147114560967713,2.992759757502572,2.6977185691434995,2.1253643248719425,2.5774680734937703,3.9054779515785927,2.0719190369999834,2.043778442520057,3.0337929735901596,2.8066441778346474,2.0983531489771927,2.102102075279259
714,3.093778838988361,2.0339813014194608,3.9531669623881687,2.0817391924686355,3.1151606365775866,3.1056544603923943,2.6089231548903244,2.5686817685494203,3.9672763999910625,2.4279778868387307,2.1337742388244565,3.3487160722621696,3.445590799386051,3.865247792674527,2.0842876172591827,3.407243052198236,3.3221918871516087,3.1958475206735173,3.10331036692903,4.147443473152205,2.9924441422510433,2.6981154809087107,2.1252047122690403,2.577505628279752,3.9057387133138466,2.071528926351552,2.0436758044453103,3.03475687034563,2.806093719007552,2.0983100764847786,2.102106644910485
715,3.093602919582135,2.0338863247666814,3.953784614164653,2.081598467818732,3.1149201223962057,3.1058511969273384,2.609768403375245,2.5672362314945865,3.9676137167824788,2.4294301555343694,2.132938698719958,3.3478133184681607,3.446758060656301,3.864697854667371,2.0839159723253395,3.408252275231905,3.3221712486184867,3.1958809270560185,3.1029931261031676,4.1477719420832795,2.9921301909818494,2.6985129023711227,2.125047144515722,2.5775388185109582,3.906002820303536,2.07114178028941,2.043573675008949,3.0357222361137493,2.8055388376210746,2.0982700142761153,2.1021105931977284
716,3.0934337450496536,2.0337916958008724,3.954392584068346,2.081458533451957,3.114685221168975,3.1060462245136087,2.610599618748152,2.5658015220631123,3.9679467041053638,2.430876102693055,2.1321095611437384,3.346923680668346,3.447906123181059,3.8641606386398495,2.0835469283132895,3.4092578324901606,3.3221479504516935,3.195914838910786,3.102683821711873,4.148099876933741,2.9918180138619848,2.6989108578366885,2.124891612836368,2.5775677812750164,3.9062702799671953,2.0707575804217546,2.0434720504018378,3.036688778991076,2.804979706163987,2.09823295390652,2.102113933270205
717,3.0932715448971018,2.0336974144735414,3.954991321667502,2.0813193819123295,3.114456904948534,3.106240775069614,2.6114177767203306,2.5643782655900518,3.968276544649064,2.432315632327009,2.1312868283567927,3.3460480722224997,3.4490352121134875,3.863636265858822,2.0831804753774694,3.410259127981059,3.3221221048308824,3.1959489537340833,3.102381893539797,4.148426651970452,2.9915068546899084,2.6993086028133106,2.1247380827686615,2.5775922492129753,3.906540614838047,2.0703763000541406,2.043370925309665,3.037655845809523,2.8044162601408615,2.0981988721014977,2.102116676976119
718,3.0931164752739457,2.0336034812619377,3.9555812771490424,2.081181005694839,3.114236186576843,3.106436137537823,2.6122238644430498,2.562967138460178,3.968604389310511,2.433748615532595,2.1304704928772775,3.3451871945415403,3.4501452148646425,3.863124529511346,2.0828165962901597,3.4112549405296537,3.3220931472404303,3.1959825343698953,3.1020864363660534,4.148751443982375,2.9911956001265585,2.699705014381199,2.1245865078824093,2.577611825464376,3.906813160448053,2.069997909081103,2.043270293517813,3.038622698035325,2.803848368684038,2.0981677386147406,2.102118835984992
719,3.09296853949115,2.0335098962159037,3.956162690510382,2.0810433940911426,3.114023407899253,3.1066329126587786,2.613018462132796,2.561568531104755,3.968930708559319,2.4351747495530227,2.129660528955817,3.3443412822271084,3.4512357227317163,3.8626250618214493,2.082455270306988,3.4122438726850204,3.3220604224656762,3.1960148836011864,3.10179668781398,4.149073668419808,2.9908834706650618,2.7000991836947312,2.1244368498893844,2.577626318958218,3.9070874539832534,2.0696223803725746,2.0431701489820235,3.039588820209344,2.8032760369981995,2.0981395277433097,2.1021204233465216
720,3.092827602713126,2.0334166583062268,3.956735515325924,2.080906532251337,3.1138179643735038,3.1068307106042896,2.613801588121819,2.56018239784897,3.9692550679075893,2.4365935314445704,2.128856894683515,3.3435101260523394,3.4523062446397557,3.8621375817885566,2.082096478751744,3.413224883400587,3.3220237926259206,3.196045776966793,3.1015124132239085,4.149393266738103,2.9905704943941522,2.7004908638167886,2.1242890933536858,2.577635946924252,3.907363490157013,2.069249694032967,2.0430704867691056,3.040554088200591,2.802699526037424,2.098114226777149,2.1021214543625786
721,3.0926934900826786,2.0333237654351946,3.957299517822033,2.0807704029206433,3.1136186086010365,3.107028449067487,2.6145728868740354,2.558808370671688,3.969576443580481,2.4380043597762375,2.128059542961323,3.342693353794434,3.4533564660729272,3.8616620768068985,2.0817402090474317,3.4141975971413547,3.3219839172737413,3.1960756076851595,3.1012339725140627,4.149710688099995,2.9902575034583174,2.700880524256215,2.1241432469194566,2.577641294867891,3.907641704466005,2.0688798372622763,2.042971303339786,3.0415187072207504,2.8021193238455955,2.098091836734703,2.1021219463120873
722,3.092566098037936,2.0332312150332728,3.957854478772309,2.0806349895057212,3.113424105399086,3.1072250250216547,2.6153320164116156,2.55744604346887,3.9698938616920345,2.4394066977217768,2.1272684340486663,3.34189079702223,3.4543864187367053,3.8611988305851366,2.0813864550557337,3.415162239862373,3.3219420717638033,3.1961051764728756,3.1009620413407775,4.150026582503163,2.9899456695892894,2.701268994806379,2.123999330971611,2.577643065782822,3.9079227035741284,2.068512800149462,2.042872596026821,3.0424829634381654,2.8015359904301125,2.098072365475921,2.1021219174257846
723,3.0924454508937407,2.0331390048621487,3.9584003762645836,2.080500278578339,3.113233841760175,3.1074199554496147,2.616078999501759,2.5560952520756075,3.970206976527652,2.4408001993805106,2.126483542074788,3.3411027217111062,3.4553964667229256,3.8607482909244335,2.081035213752493,3.41611926235353,3.3218996354825903,3.1961352672221635,3.1006971646474186,4.150341395093924,2.989635868160404,2.7016569226269116,2.123857359478275,2.577641771702244,3.908206906815766,2.068148569991689,2.0427743620157863,3.043446934824954,2.800949967065781,2.0980558174411463,2.1021213856322123
724,3.0923316745098672,2.033047133568075,3.958937442717744,2.080366260455242,3.1130480425025295,3.1076136204025246,2.616814341310198,2.554756191426729,3.970516249193648,2.442184727068011,2.125704852126581,3.3403297832153465,3.4563870999368813,3.8603108415166516,2.0806864802203746,3.417068853926905,3.321857535370243,3.196166247893843,3.1004393989314076,4.1506550955977035,2.989328235567444,2.7020443545358086,2.1237173264307856,2.5776375456314202,3.908494308635965,2.067787127481107,2.0426765974573793,3.0444103315422963,2.8003614615542203,2.0980421859685685,2.1021203676475864
725,3.092224915138861,2.032955600705297,3.959466072787052,2.0802329277554508,3.1128675016751997,3.1078070012786068,2.6175388661033754,2.5534293186642394,3.9708226428819047,2.4435602549452855,2.1249323503429847,3.3395727310407484,3.4573586332354167,3.8598865932712503,2.0803402437610075,3.418010605088469,3.321815946828704,3.1961979153364406,3.1001882445629825,4.1509671965501695,2.989022168312969,2.702430679701747,2.1235792044358885,2.577630178600537,3.908784496714315,2.067428446892104,2.04257929726086,3.045372557648866,2.7997704742257534,2.0980314524397903,2.1021188789627954
726,3.0921252492875446,2.032864406223602,3.9599866400987493,2.080100272782515,3.112693002327605,3.108001082438231,2.618253374365127,2.552115108422777,3.971127037439145,2.4449267188582207,2.124166013359295,3.3388320572469787,3.458311008740073,3.8594753309591727,2.0799964874080152,3.4189435242115245,3.3217744275608925,3.196229671106382,3.099942897890395,4.151277037018049,2.9887167486415427,2.7028149560340955,2.1234429559275014,2.5776193529063525,3.90907690597101,2.0670724999375736,2.042482455648864,3.0463329500590994,2.799176944536859,2.0980235924806103,2.1021169348792
727,3.092032630725916,2.0327735497203747,3.9604993317436388,2.0799682852034476,3.112524768585131,3.1081962719119556,2.618958321382304,2.550813807813154,3.971429722802708,2.4462839015485986,2.1234058034504213,3.338107814982158,3.45924384621047,3.859076663991078,2.079655191112337,3.419866412731925,3.3217324111989006,3.1962609253711296,3.099702666630198,4.1515841543198615,2.988411332765066,2.7031964178429604,2.123308549996135,2.577604927165912,3.9093711490879595,2.0667192608141174,2.0423860670748084,3.0472910446396164,2.798580926358561,2.098018585277184,2.1021145519898745
728,3.0919469070793855,2.0326830299161975,3.9610040990792537,2.0798369514591815,3.1123622751749322,3.1083921843515343,2.619653708862367,2.549525336073199,3.9717302646118027,2.4476314203909135,2.122651671924983,3.3373997029649605,3.460156696940833,3.8586902796737426,2.0793163365131098,3.420778361834725,3.3216897537597694,3.196291483303294,3.0994673026712505,4.151888528413712,2.988105955162928,2.7035748622499565,2.1231759747211068,2.5775871041125495,3.909667226750016,2.0663687094557677,2.042290126962668,3.048246714457695,2.7979826900372484,2.098016420525188,2.102111749171268
729,3.091867900474506,2.0325928446744563,3.96150075286614,2.0797062563104767,3.1122045212699136,3.108587908016581,2.6203392524250826,2.5482493836374127,3.9720278037586656,2.448968823059108,2.1219035683441474,3.3367073452259124,3.461049324463553,3.858316130407363,2.0789799103440054,3.4216790589227264,3.3216469961836586,3.1963216809733126,3.099237061339225,4.152190564958126,2.987801322757786,2.7039506939973426,2.1230452380404503,2.577566389174198,3.9099655019412913,2.066020831272012,2.042194631881158,3.049200109067023,2.7973826966510016,2.0980170991258964,2.102108547418023
730,3.091795501925727,2.0325029915256794,3.961989140727542,2.0795761854542474,3.1120505834378123,3.1087825765175894,2.6210147129605885,2.546985640089178,3.9723215944491295,2.4502957308069058,2.1211614497760802,3.336030598140301,3.4619218539615133,3.8579544538670527,2.078645904647152,3.422568740944793,3.3216052070647395,3.1963522034628413,3.0990124625080355,4.152490833902329,2.987498416838898,2.7043246156607728,2.122916357243482,2.5775433731732886,3.9102664637499673,2.0656756137462167,2.04209957906297,3.050151437137853,2.7967814624528637,2.0980206274525397,2.102104968569189
731,3.091729717903463,2.032413468345537,3.962469294241658,2.0794467274858697,3.1119000961818823,3.1089758827985516,2.621680179929064,2.54573400393138,3.972611446838359,2.451611940592996,2.1204252844152736,3.3353697032228684,3.4627747170130356,3.8576056301706307,2.078314313921049,3.423447850523477,3.3215655273181888,3.196383711450884,3.098793907814544,4.15278972552597,2.987197951697308,2.7046971594074574,2.122789343748894,2.577518473814293,3.910570427580273,2.0653330420582625,2.04200496556446,3.0511007241822456,2.796179395651169,2.0980270088768838,2.1021010337748196
732,3.091670641199693,2.0323242737749507,3.962941457077597,2.0793178740769585,3.1117533751253754,3.109168228549676,2.622336137646882,2.5444946500762806,3.9728978132753094,2.452917426232648,2.1196950476741714,3.334725192644677,3.463608419616463,3.8572699587314094,2.077985130958982,3.4243166000763505,3.321528690626317,3.1964165005271536,3.098581384756173,4.153087230863319,2.9869000139228117,2.7050683407895293,2.1226641921884153,2.5774917885728734,3.9108773500805674,2.0649930963146566,2.0419107875831215,3.05204768862746,2.795576702299373,2.098036237671895,2.1020967626744063
733,3.091618368600348,2.032235407157195,3.963405983180692,2.079189618402575,3.1116111304824505,3.1093604417085183,2.622983289261364,2.5432679265192903,3.973181484501881,2.45421224228619,2.118970713646882,3.33409761008465,3.464423264848635,3.8569474804886488,2.0776583438064686,3.4251746881712393,3.321494790053972,3.1964503847432253,3.0983744245284335,4.153382969246445,2.9866040833242486,2.7054376296593663,2.122540879893099,2.5774631394206837,3.911186862384353,2.064655751888999,2.0418170403349603,3.052991804216386,2.7949734128509665,2.0980482986346374,2.10209217363462
734,3.091572920617256,2.032146868059575,3.9638631725100546,2.0790619528367715,3.1114739643746696,3.10955325510782,2.623622257605869,2.5420541536856005,3.9734630964233775,2.455496391589546,2.1182522474358527,3.333487225319541,3.4652192008274003,3.856637953097059,2.0773339356004734,3.4260213303998617,3.3214634178084967,3.1964848631861207,3.098172326451218,4.153676434102747,2.9863094045412177,2.7058042407219536,2.122419376602304,2.577432274610862,3.911498492383923,2.06432098250777,2.041723718537583,3.0539325044102963,2.7943695081498547,2.098063172303017,2.1020872848503465
735,3.091534210027195,2.0320586556759666,3.964313144887917,2.0789348672914842,3.1113419615013296,3.109746867318297,2.62425334508842,2.5408534508054244,3.973742752790076,2.4567697369309034,2.117539602994174,3.332893922196443,3.465995893864884,3.8563409983524055,2.0770118873044545,3.4268555865282067,3.3214340898556647,3.1965194659077856,3.0979745086183192,4.153967303450392,2.986015477988442,2.7061675624428014,2.1222996582974214,2.5773991024140432,3.9118119365396082,2.0639887641151513,2.041630817178431,3.0548694023524727,2.793765067067685,2.0980808424910316,2.102082115765475
736,3.0915020728278666,2.031970768468232,3.964755825673188,2.078808349174115,3.1112146123781272,3.109940841775471,2.624876491753556,2.5396656905077855,3.97401998532359,2.4580320086096044,2.116832727562788,3.332317324986197,3.4667529812372373,3.8560563305797233,2.0766921815773354,3.4276767834071604,3.321406696669888,3.1965540710766023,3.0977807755693867,4.154255631565546,2.9857223786210616,2.7065274682451665,2.1221817168763892,2.5773638179214653,3.912127219092913,2.0636590772082464,2.041538332101766,3.055802396409983,2.793160348664096,2.098101301627868,2.1020766879760995
737,3.091476342384716,2.03188320425769,3.9651910488944346,2.0786823849694662,3.111091101974454,3.110134391564979,2.6254914511382244,2.5384906032705596,3.974294061301632,2.4592829004274797,2.116131569659946,3.3317570741643996,3.4674903411692175,3.85578392208099,2.076374805402387,3.4284847746580622,3.3213817069894596,3.1965890039465137,3.097591347882874,4.154541814797228,2.9854307214980764,2.7068843299169654,2.1220655601166336,2.5773268522214714,3.912444649100437,2.06333190637501,2.0414462600809324,3.0567316044246384,2.792555763425243,2.0981245508563853,2.1020710249861017
738,3.0914569246502657,2.0317959606962828,3.9656187129693605,2.078556962429983,3.1109707757878318,3.1103268653268024,2.6260980709368793,2.5373279612469655,3.9745644384493524,2.4605221929995778,2.115436085526455,3.3312130738319254,3.468208212160055,3.8555240052885247,2.076059749980893,3.4292798866341965,3.321360009947747,3.196624864577937,3.0974066442759183,4.154826360238108,2.98514130795781,2.707238736052856,2.121951202357398,2.5772886812830826,3.9127646089523087,2.0630072374808557,2.0413545983565538,3.0576571729274953,2.791951754579175,2.098150595089924,2.102065150918386
739,3.091443828064512,2.0317090358129786,3.9660388919369898,2.078432071985308,3.1108534919145674,3.1105181301327898,2.6266965011608585,2.5361777236453804,3.9748310831540907,2.4617498282748045,2.1147462401800383,3.330685561039892,3.4689070945748925,3.8552769169026897,2.075747008108581,3.430062597019912,3.3213425069504936,3.1966621986040518,3.097226956021798,4.155109601800081,2.9848546760834602,2.707591096132365,2.1218386519230785,2.5772496155829296,3.9130873097871315,2.0626850543381976,2.0412633439484122,3.0585790815661262,2.7913486634925717,2.0981794362131363,2.1020590890002766
740,3.0914371276760515,2.0316224282973856,3.9664518337831525,2.0783077065274855,3.1107396479334932,3.11070862091271,2.6272872044422995,2.5350400565116287,3.9750944623714384,2.462965891399184,2.114062002764252,3.3301749621256422,3.4695874997125413,3.855042884068303,2.0754365707324824,3.4308331486677295,3.3213297092290475,3.196701214919294,3.0970522130665694,4.155391534991464,2.9845708278923375,2.7079413719289205,2.1217279029551563,2.577209697752925,3.913412663053336,2.062365336882187,2.041172493171469,3.0594970609495675,2.790746660266737,2.09821106858866,2.102052860785295
741,3.091436887891633,2.031536137362143,3.966857850562358,2.0781838597742532,3.110629880306778,3.11089904106871,2.627870771970037,2.533915223298612,3.975355229579721,2.464170513973407,2.113383339344057,3.329681629749301,3.4702496976829558,3.8548218805787706,2.0751284247627817,3.431591326855138,3.3213215775430216,3.19674171474252,3.0968819761784134,4.155671863301937,2.9842892864570842,2.7082890888038427,2.121618936185536,2.577168762682648,3.913740337809029,2.06204806181132,2.041082041628074,3.0604106664644446,2.7901457771918277,2.098245479409741,2.102046486546966
742,3.091443095268148,2.0314501622919536,3.967257172392623,2.0780605242759926,3.110524634381692,3.111089912438339,2.6284476663184075,2.5328034209193815,3.9756138112131243,2.46536376031738,2.112710207730084,3.3292056261780845,3.470893615496488,3.854613636336904,2.0748225533608666,3.4323365225124816,3.32131768618321,3.1967832636610662,3.096715649024198,4.155950218481818,2.984009432639811,2.7086336064683567,2.121511727702237,2.5771266157415003,3.9140699600029722,2.0617332051458424,2.040991984653786,3.0613194561639347,2.7895460199952646,2.0982826534011907,2.1020399865628594
743,3.0914556430052302,2.0313645019695596,3.9676498562815303,2.0779376903020483,3.1104238737135494,3.111281255873142,2.6290180508146994,2.531704663836266,3.975870149566957,2.466545566788832,2.1120425574819217,3.3287466873215728,3.471518947150824,3.8544177921410214,2.0745189384111016,3.4330680340646627,3.321317600928722,3.196825494753352,3.096552774965782,4.1562264152161505,2.9837309086868515,2.70897447776185,2.121406260180642,2.5770832181716106,3.914401328833504,2.0614207450842943,2.040902317933452,3.0622231627419936,2.788947487517611,2.09832257883044,2.1020333825039694
744,3.0914743737174275,2.0312791546657065,3.9680358037241934,2.0778153462475717,3.110327101438111,3.111472592576752,2.6295818063414167,2.5306187841882455,3.9761237521441033,2.4677157691466918,2.1113803348413556,3.3283043841457296,3.4721254057600808,3.8542341033886096,2.074217563598978,3.433785421398916,3.321321238042315,3.196868357401365,3.096393237535196,4.15650058590033,2.983453844310924,2.709311677152674,2.121302529753622,2.5770387679312345,3.9147345188366356,2.061110663439823,2.0408130379067626,3.0631217566176496,2.7883504277359306,2.0983652511582798,2.1020266980656404
745,3.091499150821347,2.0311941182078397,3.9684148725443085,2.077693480256351,3.110233667073797,3.111663251710956,2.6301387182196816,2.5295455420119897,3.976374005230711,2.468874197927307,2.110723489301854,3.3278783749469647,3.472712960256472,3.8540625673682536,2.073918416222206,3.434488698956332,3.3213289899788894,3.1969121652222805,3.096237248837981,4.156773120585788,2.983178777365293,2.709645566476488,2.12120054455529,2.576993631252944,3.91506981051711,2.060802944877091,2.0407241417236435,3.064015366091608,2.787755199075916,2.0984106722652256,2.1020199584441475
746,3.0915299144190573,2.031109390409426,3.968787011325033,2.077572082024306,3.110143157288744,3.111852782173669,2.6306887115948374,2.528484772248885,3.9766205494956126,2.4700207811316113,2.110071977713859,3.3274685898626615,3.473281912358669,3.8539033988036584,2.0736214867175145,3.4351782580675114,3.321341551837025,3.196957422496972,3.096085143141096,4.15704445802115,2.9829063315029285,2.709976630537083,2.121100316233776,2.5769481733918633,3.9154074997959984,2.0604975745486893,2.040635626800406,3.064904109317421,2.787162164449409,2.0984588459487448,2.1020131889811
747,3.091566690097447,2.0310249694874742,3.9691523334039998,2.077451143664589,3.1100556271710467,3.1120412125135584,2.631231988598124,2.5274364760269883,3.976863484268123,2.471155591033281,2.1094257635661107,3.327075236514247,3.473832771889997,3.8537568744550983,2.073326766330461,3.4358545776326053,3.3213595678046817,3.1970045435179157,3.095937109411365,4.157314860640708,2.9826368571503252,2.7103051534771234,2.1210018499332453,2.5769025963134466,3.915747708118759,2.060194535661496,2.04054749026918,3.065787944334649,2.7865715842907317,2.0985097725687503,2.1020064137967416
748,3.091609546185804,2.030940854211738,3.969511086015923,2.077330659121478,3.1099715352201134,3.112229005123592,2.631768986337902,2.526400802446906,3.9771032806398146,2.4722788079567675,2.108784812158772,3.3266986308292656,3.4743660133615144,3.8536231475153446,2.0730342444530336,3.436517907672501,3.321383321515558,3.1970536401527108,3.095793027636973,4.157584309706324,2.9823702543988286,2.710631034442487,2.120905138871271,2.5768568815726596,3.9160903089695376,2.0598938084488867,2.0404597286621713,3.066666627459526,2.785983572756064,2.098563446114774,2.1019996552510216
749,3.0916585249224937,2.0308570437031523,3.9698635354404908,2.077210622532251,3.1098914314934616,3.112416742617764,2.632300187731933,2.5253779371007616,3.9773404669888217,2.4733906255485922,2.1081490848581,3.3263389636568554,3.4748818639227617,3.853502145214749,2.0727439072417417,3.4371681152807065,3.3214126548696767,3.1971045024797227,3.0956525021759616,4.157852577253239,2.9821060747014974,2.71095384631839,2.120810166511301,2.576810867386383,3.916435009700627,2.059595371074232,2.0403723380100303,3.067539799791989,2.7853981405291286,2.0986198553633115,2.1019929345478667
750,3.0917135913877334,2.0307735370211364,3.9702098422708354,2.0770910265920985,3.1098156020388763,3.1126047508425887,2.6328259079643277,2.5243679710640823,3.977575290404558,2.4744911576068658,2.107518536020968,3.3259961481441533,3.475380248247431,3.853393607214988,2.072455738252451,3.437804775182026,3.321447151587717,3.19715677389639,3.0955150614711098,4.158119422116505,2.981843825432267,2.7112730896980026,2.1207169145927853,2.5767644058342034,3.9167815307650677,2.0592992017888605,2.040285314271843,3.068407143063576,2.784815294318356,2.098678988209433,2.1019862730909984
751,3.0917746339167085,2.03069033280751,3.9705500060324113,2.0769718619534046,3.109743894814978,3.1127928973783874,2.633346191369709,2.523370833514342,3.977807566760421,2.475580404396543,2.1068931144028555,3.325669840828568,3.4758609205467974,3.853297236891655,2.0721697205931693,3.4384274394901633,3.3214864620527327,3.197210206104461,3.0953803962115067,4.158384785980188,2.9815832841636944,2.711588479835409,2.1206253718877575,2.576717501149469,3.9171297689191884,2.059005280969881,2.0401986538207924,3.0692685077118416,2.7842351306658317,2.0987408363788824,2.1019796937598656
752,3.0918415149149543,2.030607429206927,3.9708839118643935,2.0768531180011895,3.1096758295545657,3.1129806850432553,2.6338608796379988,2.5223863273132503,3.9780368065224425,2.4766582976548097,2.106272768004641,3.3253596193090065,3.47632369895917,3.85321286986938,2.0718858392168813,3.4390359169901403,3.3215305665548938,3.19726483644524,3.0952484905602624,4.1586488709207545,2.981324632304142,2.711900091534211,2.1205355383679176,2.5766703464600518,3.917479846092097,2.0587135918241333,2.040112353688857,3.0701239370591145,2.7836578677824355,2.098805397636787,2.1019732213012863
753,3.091914137457124,2.0305248240995146,3.971211446825074,2.0767347844719004,3.109610911985302,3.1131675702302455,2.634369802270071,2.5214142401647335,3.978262527012806,2.477724793299394,2.1056574491689606,3.325065199145637,3.4767686536873557,3.8531405549993845,2.071604081951777,3.4396303914224036,3.3215798188410757,3.1973209823955235,3.095119570742652,4.158912056318449,2.9810683350735694,2.712208280206693,2.120447422474987,2.5766232414328503,3.917832019085961,2.0584241194155903,2.0400264114323647,3.0709735774931306,2.7830837987836037,2.0988726742586405,2.1019668815852603
754,3.091992484353413,2.0304425154867096,3.971532610941203,2.0766168528751012,3.1095489475440887,3.1133532980235676,2.634872965104458,2.5204544576582,3.9784845479002033,2.478779951822662,2.105047116724019,3.3247865512838928,3.4771961324223817,3.853080499924496,2.071324438703661,3.4402113123872544,3.321634752683142,3.1973790636679906,3.0949939098748525,4.159174712915122,2.980814852705899,2.71251343742491,2.120361033507692,2.5765764469347947,3.9181865121881265,2.0581368487154794,2.039940824720286,3.071817535069756,2.782513198558754,2.098942668894559,2.101960700215574
755,3.0920766068579,2.0303605017852324,3.971847553977337,2.0764993168335053,3.109490157758664,3.113538044126777,2.6353706188473427,2.519507007035789,3.978703085747731,2.479823956358646,2.104441733999804,3.324523850232411,3.4776066123813028,3.853032919495001,2.0710468994214764,3.44077913475666,3.3216957811176484,3.197439368282007,3.0948716152215994,4.159437032713655,2.9805643676238183,2.712815738234641,2.1202763740293236,2.5765300690434882,3.918543379831216,2.057851762930218,2.0398555909135245,3.0726557693836805,2.781946243444107,2.0990153805150333,2.101954701373782
756,3.0921665730567764,2.030278781850982,3.97215651756673,2.0763821711677446,3.1094350343607946,3.1137222831964237,2.6358631698301322,2.5185720078700786,3.978918597666548,2.4808570596723736,2.1038412642095867,3.324277293730092,3.478000477384941,3.8529978855233153,2.070771452155275,3.4413340730171074,3.3217629791801535,3.1975019090472268,3.0947525296735825,4.159698978324824,2.98031669439147,2.7131150357251275,2.120193436938294,2.5764840423049664,3.918902482607713,2.057568843109621,2.0397707068947843,3.073488088019493,2.781382991672351,2.0990908029115727,2.101948907595386
757,3.0922624088081925,2.0301973547280983,3.9724597212151167,2.076265410335591,3.109384031634698,3.113906475770495,2.6363509950507136,2.5176495651812765,3.9791314821626944,2.481879495847394,2.103245666250836,3.324046913619394,3.478377861505857,3.8529752724639375,2.0704980824068224,3.4418760212659945,3.321836081574494,3.197566455394698,3.0946363027420594,4.1599603765943804,2.9800714185854664,2.7134109604247985,2.120112208750634,2.5764382174947054,3.9192635858037015,2.057288069189218,2.039686169240433,3.074314239804834,2.78082343318035,2.0991689265315405,2.1019433405804584
758,3.092364067116005,2.030116219290473,3.972757264418904,2.07614902721797,3.1093372948194786,3.114090775620271,2.6368342806740555,2.5167396745371904,3.9793418286955866,2.482891412663987,2.1026548935263323,3.3238324970824404,3.4787386536277554,3.8529648296185184,2.0702267740994067,3.442404680743066,3.3219146875561583,3.1976327137471316,3.094522579555133,4.160221091656345,2.9798281676711054,2.713703153177554,2.120032676752734,2.5763924944743275,3.919626513582039,2.0570094217358124,2.0396019746102447,3.07513404443276,2.7802675750115347,2.099249742359461,2.1019380225248745
759,3.092471445220929,2.0300353740057457,3.9730491062470668,2.0760330130005524,3.109294594658645,3.114274940997462,2.6373129844955328,2.5158421981018995,3.9795493705426694,2.4838928658375354,2.1020688963536163,3.3236336627665635,3.4790826536291615,3.8529663295405574,2.0699575114671274,3.442919805966865,3.3219985361008706,3.1977005381752632,3.094411185867929,4.160481167182863,2.9795868406250725,2.7139914812953143,2.119954835409372,2.5763469156013885,3.9199912601799634,2.056732883276179,2.0395181201003814,3.075947476282336,2.779715508167629,2.09933324534268,2.101932977149331
760,3.0925844384062584,2.0299548169663844,3.973335133579986,2.075917358188242,3.109255502528227,3.114458498762163,2.6377869418604085,2.5149569238009595,3.979753663945413,2.4848838766699592,2.101487626294495,3.3234500390232355,3.479409778496236,3.8529796974315875,2.0696902806456956,3.4434214118540973,3.3220876775135713,3.197770039521928,3.0943021952153384,4.160740851853994,2.9793476569650865,2.7142761053784987,2.1198786881146474,2.5763016637989162,3.920357990861408,2.0564584384145137,2.0394346033405233,3.0767546523819824,2.7791674154614245,2.099419435242058,2.10192822976205
761,3.0927029948153866,2.029874546156935,3.9736152723482023,2.075802054077456,3.109219686612918,3.1146410484557516,2.638256043431136,2.514083666914659,3.9799543735322365,2.4858645147654124,2.100911039620823,3.323281429425009,3.4797201897561587,3.8530050425415037,2.069425070011143,3.443909816835275,3.322182441187932,3.1978415306291446,3.0941958426848584,4.161000498247184,2.979111004565139,2.714557363329102,2.1198042434752717,2.576256971756057,3.9207269378098673,2.0561860727490835,2.039351422290098,3.077555736994495,2.778623518634324,2.0995083145015867,2.101923806319293
762,3.0928271358859156,2.0297945597781957,3.973889570204243,2.0756870937461867,3.109187137552349,3.114822509139898,2.638720369945084,2.513222347816004,3.9801514796375237,2.4868349525229547,2.1003390977854153,3.3231278610327935,3.480014265065546,3.853042575634859,2.0691618691351676,3.4443855035425703,3.3222832303058665,3.1979153495271038,3.094092346154915,4.1612604041093135,2.9788771909657097,2.7148355527695194,2.1197315087306734,2.576213003561534,3.9210982614305347,2.0559157713426974,2.039268574879127,3.078350826698243,2.778084000718433,2.099599884623833,2.1019197321152574
763,3.0929569309341005,2.029714856422361,3.974158199754106,2.0755724719570976,3.1091581842066995,3.115003156107351,2.639180200662722,2.512372997619576,3.9803452794401024,2.4877954578273616,2.0997717647627794,3.32298948902635,3.480292436237141,3.853092468078106,2.06890066708293,3.4448488909409334,3.3223902794472098,3.1979916756027684,3.0939917500717855,4.161520697084555,2.9786462571094416,2.715110751811223,2.1196604845421385,2.576169783940758,3.921471965662454,2.055647517726095,2.0391860587265285,3.0791398887825157,2.7775489531645006,2.0996941434042817,2.1019160309484746
764,3.0930924441675414,2.029635434996774,3.9744213831990556,2.0754581840764907,3.1091332979729955,3.1151834330775343,2.639635895505343,2.5115356917207463,3.9805361900190017,2.4887463319891534,2.099209003127084,3.322866424895761,3.480554999922184,3.853154743540411,2.0686414511498437,3.4453001621277677,3.322503527705849,3.1980704529227735,3.0938938875485102,4.161781332076494,2.9784179660596104,2.715382787681066,2.119591164324931,2.5761272170250793,3.9218479181425647,2.055381294019866,2.0391038711085425,3.079922789083335,2.7770183793837733,2.099791084723951,2.1019127252746177
765,3.093233688896058,2.029556294454819,3.9746792883181983,2.075344224720697,3.109112817014956,3.115363666719344,2.6400877301915884,2.510710456554771,3.98072448574039,2.4896878340790396,2.0986507714045004,3.3227585999281297,3.4808020196898397,3.853229268940385,2.068384206796778,3.445739251041545,3.322622680763928,3.198151463089803,3.0937984781611316,4.162042196851781,2.9781919646318435,2.71565136516726,2.119523538291676,2.5760851782741367,3.922225957295346,2.055117082024679,2.039022009184264,3.0806993875187665,2.776492249615285,2.0998907009142087,2.1019098372242127
766,3.0933806172160314,2.029477433511215,3.9749319619782804,2.0752305869908887,3.109096767571737,3.1155438670995266,2.6405357901052473,2.5098972095015064,3.980910137337615,2.4906201395889145,2.0980970242817145,3.3226657479502197,3.481033375862823,3.8533158458009247,2.0681289187489553,3.4461659878829796,3.3227474140550113,3.1982344953192756,3.0937052938172354,4.162303254540793,2.9779680083514455,2.7159162664970022,2.1194575994253153,2.576043618197346,3.9226060145999373,2.05485486453736,2.038940470323117,3.0814696379288318,2.775970570399092,2.0999929860953923,2.101907389834042
767,3.0935331504405346,2.0293988505230667,3.975179342088528,2.075117262756052,3.1090848921528904,3.1157237372103133,2.640979987939958,2.5090957685049,3.9810928498643685,2.4915433579439377,2.0975477153731013,3.3225875126357773,3.481248924890197,3.85341433977969,2.0678755724971967,3.4465803039874996,3.3228775826419388,3.1983195027393294,3.093614285662545,4.162564631968715,2.9777461057835697,2.7161774937093326,2.119393347544787,2.576002612191558,3.922988174243183,2.0545946260573222,2.038859252321784,3.0822336291540653,2.775453424807088,2.1000979383494967,2.101905407713982
768,3.0936912304160344,2.0293205436061084,3.9754213382799626,2.0750042437671183,3.1090768595407585,3.1159028779081077,2.6414201895242906,2.508305922381047,3.9812722679580417,2.492457595561169,2.0970028006736725,3.3225236067129535,3.4814486637200774,3.8535247649335305,2.067624155240699,3.446982364882435,3.3230133054802984,3.1984066473749504,3.093525594477233,4.162826601488986,2.9775264962784918,2.7164352672693686,2.1193307890344415,2.575962328216224,3.923372635871475,2.054336352484429,2.0387783533800627,3.0829915444475913,2.774940959823237,2.1002055594117945,2.101903916739699
769,3.0938548585588936,2.0292425109022307,3.9756579281559112,2.0748915228663933,3.109072516519843,3.116081050793083,2.641856364027811,2.5075275146432605,3.98144821299796,2.493363022805564,2.0964622404945366,3.3224739209794447,3.481632797200965,3.853647272383557,2.067374655726632,3.4473725530043247,3.323154878180539,3.19849621127708,3.093439444186429,4.163089473606271,2.977309484401185,2.716689889575799,2.1192699326576947,2.575922937247463,3.9237596090029743,2.054080030064507,2.0386977718648347,3.0837435690818786,2.7744333316544605,2.100315852194842,2.101902942997687
770,3.094024097184236,2.0291647508211264,3.9758892072007037,2.074779094525112,3.109072019240338,3.116258329528934,2.642288662141298,2.5067604868681532,3.981620800335475,2.4942599021715393,2.0959259987679957,3.322438517585765,3.4818016720225007,3.8537820562378955,2.067127063170725,3.44775132037888,3.323302579965602,3.1985884373416784,3.0933559920039224,4.163353472908187,2.9770952430083066,2.7169415662781926,2.1192107843039776,2.5758845261354564,3.9241492094821773,2.053825644292309,2.0386175060222764,3.0844898067206867,2.773930645329348,2.1004288178150508,2.101902511670547
771,3.094199033570085,2.0290872621034057,3.976115362449627,2.07466695439139,3.1090757651761063,3.116435047942633,2.642717375516196,2.506004855941105,3.981790367278855,2.4951485610818516,2.0953940403101625,3.322417516946743,3.4819556246066794,3.853929240402609,2.06688136599732,3.448119010354154,3.3234565025799485,3.198683403384459,3.0932752313777256,4.163618675793895,2.9768837102245898,2.717190299855562,2.119153344029901,2.5758470675675555,3.924541423063821,2.0535731794593595,2.038537553821157,3.08523025675831,2.7734329269033595,2.100544454034697,2.101902646586462
772,3.09437973161905,2.029010043673912,3.9763365892057507,2.0745550981750736,3.1090841765060704,3.1166115857590535,2.6431428080233235,2.5052606427134485,3.9819572646177623,2.4960293288435045,2.0948663279128894,3.32241095611212,3.4820948423128817,3.8540888190474867,2.066637551205791,3.4484757611865264,3.3236165083038314,3.198781007265672,3.0931970062931695,4.163885046177391,2.9766746405442843,2.7174359189004127,2.119097607152911,2.575810463518317,3.924936156410861,2.0533226190932186,2.0384579130204843,3.0859648639760424,2.7729401439981793,2.100662756055144,2.101903370714299
773,3.0945662030713352,2.0289330943883703,3.9765530060559984,2.0744435205945004,3.10909747885367,3.116788135145067,2.643565144748746,2.504527800061121,3.9821216512865907,2.4969024793723245,2.0943428211113853,3.322418710266253,3.4822193250280575,3.8542606864170894,2.0663956047228367,3.448821547469234,3.323782337175981,3.1988810668861745,3.093121121940675,4.16415254106905,2.9764677693640818,2.7176782172747753,2.119043568480276,2.575774630620777,3.925333338481945,2.053073946950507,2.0383785814060493,3.08669360567328,2.7724522595747985,2.10078371906581,2.1019047072738273
774,3.0947584155704817,2.0288564128392137,3.9767646218542496,2.0743322150608106,3.1091156171401906,3.1169645978163825,2.643984402447696,2.503806186135503,3.982283421462606,2.497768216102812,2.0938234773273123,3.322440525343858,3.4823289667423185,3.8544447334443213,2.066155512462718,3.44915632620011,3.323953788604342,3.198983466930091,3.093047477626278,4.164421216431702,2.9762629815271513,2.7179171093243193,2.1189912268276774,2.5757395713587874,3.9257330056627584,2.0528271479036344,2.038299557037216,3.087416558600676,2.7719692829106375,2.1009073408523258,2.1019066807390363
775,3.094956331391452,2.0287799973411142,3.9769713743703097,2.0742211742565724,3.109138356950089,3.1171406730929836,2.6444004898269284,2.5030955978824285,3.982442306480774,2.498626706470085,2.093308254467346,3.3224761331783634,3.4824236982480454,3.8546409454667314,2.0659172613704437,3.449480188509665,3.324130856859745,3.1990882557448646,3.092976135378335,4.1646912651658745,2.976060375919263,2.718152701256523,2.118940586931624,2.575705385999462,3.926135316121428,2.052582208160315,2.0382208383438942,3.0881339043183518,2.771491286398854,2.101033622816351,2.101909317113801
776,3.0951599505117215,2.028703846098702,3.977173212572639,2.0741103912209495,3.109165499028018,3.117316072161159,2.644813334195975,2.5023958401762676,3.982598076039503,2.499478142156519,2.0927971132941443,3.322525374275386,3.48250359758564,3.8548494388589347,2.0656808397989495,3.4497934208005474,3.324313737482194,3.1991956344676797,3.092907285551994,4.164962968560291,2.975860192362052,2.7183852386380103,2.118891657741955,2.5756722223207253,3.9265404899543093,2.052339114739386,2.038142424025449,3.088845872747273,2.7710183789739546,2.1011625688436335,2.10191264332972
777,3.0953693317716504,2.0286279574414054,3.977370170467709,2.073999860207405,3.109197066694543,3.117490718353178,2.6452229920539505,2.5017067857285085,3.982750711656952,2.500322785255827,2.0922900180143205,3.322588246765312,3.482568899584379,3.855070415628772,2.0654462370142994,3.450096440803024,3.324502706067588,3.199305848890408,3.0928411347255134,4.165236594753633,2.9756626535545885,2.7186149696696464,2.118844448363138,2.5756401976655123,3.9269487155240825,2.052097854572952,2.0380643128244866,3.0895526643823823,2.7705506569150655,2.1012941828665586,2.1019166862159686
778,3.095584577409386,2.0285523299724653,3.977562383304515,2.073889576816974,3.1092333463723976,3.1176648041369726,2.645629672440232,2.5010283868311207,3.982900435788991,2.5011609720840506,2.0917869349410343,3.3226648594252746,3.48261990470737,3.8553040706439656,2.0652134422288557,3.450389657592949,3.324697956944229,3.1994190613024878,3.0927777948285757,4.1655123155700995,2.975467830561542,2.718842017401491,2.118798964436244,2.5756093470495953,3.9273600874837338,2.0518584138586022,2.037986503335859,3.0902544012436097,2.7700881630310774,2.1014284667551455,2.101921471709207
779,3.0958057947323754,2.028476962539447,3.9777500416406277,2.0737795372956107,3.1092747625255357,3.11783867647721,2.646033663532034,2.5003606353648418,3.9830475952564712,2.5019930728198627,2.0912878300270643,3.3227553154263365,3.482656848468449,3.855550511572825,2.0649824437740847,3.450673346227445,3.3248995029691613,3.1995352800081482,3.0927172385581536,4.165790187789479,2.975275611548714,2.719066339739678,2.118755207154619,2.575579625778514,3.9277746092097563,2.051620778014973,2.0379089939593906,3.090951138050827,2.7696308827391594,2.1015654199090177,2.1019270248623623
780,3.096033056886893,2.028401854055431,3.9779333095028964,2.07366973756929,3.1093216717357675,3.1180126272212263,2.646435210860943,2.4997034965411062,3.9831924622259587,2.502819436270827,2.090792667179457,3.32285961695827,3.4826798175754394,3.855809744811473,2.064753228983599,3.4509476180184193,3.325107203102757,3.1996543956699357,3.092659353686061,4.16607021588513,2.97508579469765,2.719287800761092,2.118713175548234,2.575550967199039,3.9281922632200303,2.0513849322926,2.037831783036495,3.0916429208755583,2.769178773241398,2.1017050407313067,2.101933370570856
781,3.0962663956644665,2.028327003291676,3.978112270288623,2.0735601725070065,3.1093742173646515,3.118186735557938,2.646834433200059,2.4990568650175664,3.983335112810745,2.5036403538919023,2.0903014079777806,3.3229776327754914,3.4826887615440683,3.85608172984002,2.0645257847358627,3.451212495586237,3.325320883928737,3.1997762841443897,3.0926040437928086,4.166352437776089,2.9748982281369027,2.719506296666143,2.1186728701538198,2.5755233471518126,3.9286130872668026,2.051150862504568,2.037754869043402,3.0923298570551854,2.7687318122898628,2.1018473289961745,2.101940534646767
782,3.096505818267077,2.0282524087787377,3.9782869183549585,2.0734508360896085,3.1094323272932884,3.118360848778198,2.64723131987246,2.4984205631539815,3.9834754125188208,2.5044560690173974,2.089814013542062,3.323109177488723,3.4826835919648023,3.8563664706175844,2.064300098407914,3.4514680472362143,3.3255404887286053,3.1999009266229983,3.0925513298041807,4.166637000856934,2.9747129232391245,2.719721860853168,2.1186342960470417,2.5754968273786734,3.9290372291709,2.0509185555689147,2.0376782507615547,3.0930121447227874,2.768290023524438,2.101992287529335,2.1019485444029242
783,3.096751355023729,2.028178068870771,3.9784572250510237,2.0733417219847,3.109495863964032,3.1185347283905287,2.6476258221877664,2.497794392726208,3.983613186907292,2.5052668178329327,2.0893304461671884,3.32325409727921,3.4826642955107934,3.85666407390827,2.064076158396239,3.451714480028719,3.3257661317554854,3.2000284378628923,3.092501353635212,4.166924143027095,2.9745300406610378,2.7199346684168986,2.118597462683664,2.575471528506754,3.929464909725275,2.0506879992582996,2.0376019272382924,3.0936900544660553,2.7678534810255213,2.1021399222157524,2.101957428644377
784,3.097003074482065,2.0281039819287145,3.9786231918980643,2.0732328247008422,3.1095647983217813,3.118708223620693,2.648017950524923,2.4971781834129216,3.9837483371094207,2.506072882746205,2.0888506713643196,3.3234123853167494,3.4826309962983184,3.8569747539742396,2.0638539542458476,3.4519521535238944,3.3259980696694282,3.200159040983603,3.092454342364471,4.167214157897679,2.974349813945426,2.720144964550046,2.1185623819158703,2.5754475916209945,3.9298963827710813,2.050459181814534,2.037525897704303,3.0943638617439753,2.7674222626954883,2.102290240346599,2.1019672167171017
785,3.0972611112212185,2.0280301464931827,3.9787849280580003,2.073124139641368,3.1096393387742136,3.1188814222802885,2.648407857955271,2.496571842171783,3.9838810319173756,2.5068746099737753,2.0883746562660064,3.32358412406586,3.4825839190556467,3.8572987603232405,2.0636334757828148,3.452181480043194,3.326236545822626,3.2002929227148216,3.0924104670255295,4.167507265694556,2.974172383229822,2.7203529313742387,2.1185290638170087,2.5754250918225985,3.930331818808889,2.0502320909572296,2.037450161291949,3.0950338028865696,2.766996433158104,2.1024432485826803,2.1019779379350254
786,3.0975255963184396,2.027956561342978,3.9789425818302697,2.0730156635817107,3.109719857155679,3.1190545743499003,2.6487957819944428,2.4959753121264248,3.9840115085553367,2.5076724032575815,2.0879023701495734,3.3237695140142214,3.4825233010202243,3.857636318402543,2.063414712803119,3.452402833717618,3.326481729839826,3.2004302134646005,3.0923698470820744,4.167803651056874,2.973997787962528,2.720558644252648,2.118497516158731,2.5754040687138797,3.930771361815933,2.0500067141998564,2.037374717112016,3.095700039401624,2.766575986773459,2.1025989517714603,2.101989620729783
787,3.097796698354275,2.0278832254007595,3.9790963818973055,2.072907392748806,3.109806807037172,3.1192280393154332,2.6491820217708244,2.49538857588139,3.9841402102919456,2.5084666649558995,2.087433779165023,3.323968612027963,3.482449285868662,3.8579875598429334,2.063197653951163,3.4526164417081757,3.3267335943182847,3.2005708536024065,3.092332428562637,4.16810334083592,2.9738258830358077,2.7207620366038032,2.1184677425769243,2.5753844667955788,3.9312150236303713,2.0497830380965096,2.0372995640034195,3.096362725941047,2.7661609238204043,2.102757353546728,2.1020022938590315
788,3.0980744676165,2.027810137558845,3.9792464022935627,2.0727993240512332,3.109900440163318,3.119401951844497,2.649566728548576,2.4948115181792785,3.984267158017745,2.509257779977088,2.0869688515359663,3.324181560307843,3.4823619037407694,3.8583525874250046,2.0629822881410105,3.452822469354952,3.3269921386387256,3.200714858248956,3.092298268928455,4.168406514033794,2.9736566345460886,2.72096307493124,2.1184397494957437,2.5753663421090605,3.931662993634844,2.0495610505539332,2.037224701199223,3.097022010035295,2.7657511755521176,2.1029184580990106,2.1020159859252012
789,3.098359082184905,2.0277372965515195,3.9793928368403755,2.0726914514040966,3.1100009644172877,3.119576442218594,2.6499500756492678,2.494244063035142,3.9843927318597836,2.5100460626207717,2.0865075479859994,3.324408114952022,3.482261096512357,3.8587314626495237,2.0627686030451646,3.4530209919972044,3.3272572316540727,3.200862059141634,3.0922672466562604,4.168713143214665,2.9734898914911954,2.7211617065461966,2.1184135415388745,2.575349641186229,3.9321152681798064,2.0493407383243483,2.0371501275792303,3.097678177854865,2.7653468279990077,2.1030822720665863,2.1020307285463984
790,3.098650449172655,2.0276647009150874,3.979535485343707,2.0725837719412015,3.110108200821583,3.1197511496308,2.6503319196961503,2.493685914800561,3.9845162507465792,2.510831846848995,2.0860498408711594,3.324648566301254,3.4821468290627107,3.8591243960631147,2.0625565893663302,3.453212290063359,3.327529176287994,3.2010127950532783,3.0922397721004593,4.1690237750951855,2.9733260234688546,2.7213581756360696,2.1183891359731057,2.57533468102425,3.932572414498486,2.0491220924507703,2.0370758433239384,3.0983314808139384,2.7649478001615977,2.1032488054887177,2.1020465526097976
791,3.0989490121611105,2.027592349170069,3.9796747783678015,2.072476276553117,3.1102224950428496,3.119926367803724,2.6507125817823693,2.493137112041392,3.9846387583983427,2.5116154197535456,2.0855956848840864,3.324902341766003,3.482019147321483,3.859531563148005,2.06234623466805,3.4533965462185026,3.3278078688867936,3.2011667949102063,3.0922155863978142,4.169338155262803,2.9731648137031703,2.721552507328378,2.1183665380005343,2.5753212690475005,3.933034177654868,2.0489050984999295,2.0370018469968265,3.098982406976119,2.764554416054633,2.1034180704394654,2.10206349478962
792,3.0992543484465425,2.0275202398191308,3.9798100785508423,2.0723689684116438,3.110343431147113,3.1201013442714842,2.6510916428451248,2.492597140578165,3.984758379921551,2.5123972330650384,2.0851450713277817,3.3251706501590728,3.4818781835979395,3.859953423042122,2.062137534379334,3.4535744195977713,3.328094230265349,3.2013251092939186,3.0921958128395826,4.1696575896778745,2.973007270511752,2.7217452897851233,2.1183457808114086,2.575310185869713,3.9335018652390255,2.0486897530156645,2.0369281405467827,3.099631080855113,2.764166321209818,2.1035900809785217,2.1020815846911307
793,3.099567767584447,2.027448371806428,3.979942902585988,2.0722618313382077,3.1104725286724384,3.120277752428178,2.651470349618525,2.4920666491875973,3.9848790037808643,2.5131776140912483,2.0846979315608034,3.3254518067544354,3.481724186383875,3.860390076380629,2.0619304711853528,3.453745885367501,3.3283873891160365,3.201486398189191,3.0921790397485394,4.169980484568806,2.9728520686870157,2.721936010111934,2.118326845783798,2.5753003573254203,3.9339738483946043,2.048476032426005,2.036854719833784,3.1002782156373083,2.7637843521993655,2.1037648477853144,2.1021008655751885
794,3.0998874292158938,2.027376743723662,3.980070968337598,2.0721548861523456,3.1106080978696813,3.120453162576612,2.651847071991705,2.491544248380481,3.984994327702958,2.5139572127815946,2.084254307021713,3.3257495046773164,3.481557162626646,3.8608421939832045,2.06172505060108,3.4539120830907786,3.3286895575739726,3.201653534807915,3.092168333211534,4.170310426214712,2.9727019109206054,2.7221259464748635,2.1183098046794004,2.57529401287836,3.934453782057478,2.0482639492321186,2.0367815918151266,3.1009233512135266,2.76340708974987,2.103942386950831,2.1021213566636883
795,3.100217414560998,2.0273053553297564,3.9801991688135763,2.072048087626318,3.1107547647252773,3.1206331294736818,2.652225738169815,2.4910324201052436,3.9851170744534947,2.5147361989229284,2.083814038940469,3.3260576681139242,3.481377586946362,3.8613093867771333,2.061521235798666,3.4540718544722098,3.3289970268631692,3.2018213607137276,3.092158293345003,4.170641256857775,2.972551791530157,2.722312819115003,2.1182945569698903,2.575287148894563,3.9349354048196985,2.0480534488521953,2.036708742773546,3.101568119679356,2.7630371941303635,2.104122701191912,2.10214312127411
796,3.100550610713768,2.0272342040657207,3.9803188864857786,2.0719415102066376,3.1109047695659475,3.1208077444410685,2.652599535234429,2.4905262604699883,3.9852242657058854,2.5155154042192387,2.0833773281772068,3.3263877465325873,3.4811844343410443,3.8617928627190663,2.0613190661369396,3.4542278754215117,3.329316740728598,3.2019994921331523,3.09215917649119,4.170984979939344,2.9724110749619803,2.7225009472400825,2.1182813245541277,2.5752874863898896,3.9354310656732663,2.0478446019678627,2.03663619781141,3.1022103712052673,2.762669779896962,2.1043058233496756,2.1021661441397432
797,3.1009007994777082,2.0271632914850817,3.980446665292161,2.0718350085647854,3.111074045078415,3.120996530130703,2.6529820336510883,2.490034733060614,3.985358859611994,2.5162947380786154,2.0829437296891746,3.3267199854254113,3.4809804760847474,3.862291821270683,2.061118445128327,3.4543766184000293,3.329636818986337,3.2021704840538128,3.0921526034470364,4.171320037304567,2.97226256288321,2.722682549229713,2.118269740011784,2.5752808751635823,3.935918574771186,2.0476372493094908,2.03656391030366,3.102855009263898,2.762313880788826,2.104491733051691,2.1021905632808227
798,3.101244957363912,2.0270926133155047,3.980553575655056,2.0717288355346173,3.111232270298666,3.121162425804032,2.6533482155473207,2.489541005760185,3.9854440219495517,2.5170739381350584,2.082513876314977,3.3270847429947215,3.4807568071714607,3.8628054828705647,2.0609195049838327,3.4545209618769537,3.329974756889712,3.2023639400360375,3.0921705636165475,4.171685261139208,2.972137889051976,2.7228720470848953,2.1182604908254756,2.575293528422923,3.9364382702273035,2.047431644167742,2.036491963075889,3.1034942588371703,2.7619536972835252,2.1046804876033907,2.1022161856006196
799,3.101615387364395,2.02702216453146,3.98068554913026,2.0716225715411283,3.1114373290846995,3.1213750215431166,2.6537430279508643,2.4890737877030196,3.985599808897949,2.517857870314286,2.082086884839716,3.327450337945481,3.4805407320192634,3.8633471632758605,2.0607220591485853,3.454671483336696,3.330317179645652,3.2025386780519325,3.0921671794723355,4.1720208715382245,2.9719854991867356,2.7230466434861333,2.1182526070397296,2.5752819582511672,3.936927306471368,2.047227372960848,2.0364202258346653,3.104140825438504,2.76161347471138,2.104872141034765,2.1022435986592662
800,3.1019889932405644,2.026951969158309,3.9807866250798947,2.0715167319066072,3.111593674734836,3.1215200852806166,2.6540964778225735,2.4885899183146005,3.985677847013873,2.5186333371350633,2.081663354567481,3.3278228827003744,3.4802678697027005,3.863875515976894,2.060526231149116,3.4547848986133687,3.330652364253903,3.202736045754189,3.0921959414570415,4.1724032473141435,2.9718797346637245,2.7232404009735514,2.1182472844745273,2.5753073461040294,3.9374654722993436,2.0470249120510413,2.036348867604845,3.1047823550870564,2.761264842379349,2.105066417934642,2.102271755267761
801,3.1023601518473938,2.0268819845249166,3.9809046459360204,2.0714109685944067,3.1118130308961867,3.121734251118628,2.6544920721122844,2.4881384002776246,3.9858108951556157,2.519423225485361,2.081243301199115,3.328241358489362,3.4800389593758823,3.8644631054050445,2.060332031306921,3.4549369981861635,3.3310238168661215,3.2029313871794156,3.0922086641600064,4.172760956284405,2.971740558329233,2.723414164970002,2.118243528526715,2.575307544442331,3.937979165971054,2.046823836529374,2.0362777158898777,3.105420239270886,2.760928608920498,2.105263845434256,2.1023018378074245
802,3.1027447229055696,2.0268122146966823,3.9810186385987523,2.0713052680795925,3.1120364317880007,3.121935578235285,2.6548718309136787,2.487686088998903,3.9859272951613827,2.520205758511529,2.0808260097992872,3.3286411722211975,3.4797634083398883,3.8650419492926193,2.060139265320123,3.4550652572843887,3.3313862511068315,3.20312403568162,3.0922304381716272,4.173130384145445,2.9716136728918214,2.723593248913972,2.118241806293085,2.575316417065749,3.938507479648542,2.0466243264289634,2.0362068842774432,3.1060717365571002,2.760604856258851,2.1054643364190087,2.102333824304959
803,3.103151869986911,2.0267427122060155,3.9811175677202586,2.0711998211071254,3.112228235409983,3.122092019897246,2.6552328346111813,2.487230848466952,3.9860151200088776,2.5209915357432524,2.0804122600225563,3.3290719424141875,3.479457766152243,3.86562775840246,2.0599481365858017,3.4551746313649248,3.3317542460510587,3.2033385520676716,3.0922781857039636,4.173534933384796,2.9715229172113036,2.7237882554287247,2.1182426192651302,2.5753539476655036,3.9390753275874153,2.046426533968738,2.0361364100709083,3.106724200973922,2.7602765224052246,2.105667517334565,2.102366785397426
804,3.103562663701466,2.0266734302314893,3.9812383915329788,2.0710944442509245,3.1124883158113748,3.12232926828771,2.6556489017508618,2.4868149679106857,3.986186535897561,2.521800758909646,2.080002050084944,3.32956427337029,3.4792159774046,3.8662890330676856,2.059758684945546,3.455333857848789,3.3321651892750235,3.2035516992530018,3.0923045104102114,4.173908851395483,2.9713934297431646,2.7239588918110407,2.118244919470188,2.5753606709316434,3.9396096036105623,2.0462300521656176,2.0360661206185413,3.107371356485663,2.759960970512995,2.1058737790925193,2.1024014417052954
805,3.1039764551504265,2.0266043493410777,3.9813362379442365,2.0709892045463687,3.1127172588747216,3.122501649592809,2.6560085353287004,2.486372417715606,3.9862816346016783,2.5225897839041904,2.079594239158108,3.330000360411985,3.478890312713504,3.8669136594782367,2.059570572217228,3.4554500211984744,3.332561604533012,3.2037703158241273,3.0923585546800467,4.174315111488388,2.971295207497694,2.7241471172572305,2.118249554569736,2.5753882693575365,3.940172209193459,2.0460351626239155,2.035996188562694,3.1080312227490055,2.7596559322850336,2.1060832511466407,2.1024384624301415
806,3.104408070089342,2.0265355245543932,3.981432855237198,2.070884201967813,3.112951993163052,3.1226710793516226,2.65637300101755,2.485939359848625,3.9863755256448505,2.523388043891379,2.0791898746188173,3.3304753335808375,3.478553878910805,3.8675621522396213,2.0593840684997535,3.455561583314151,3.3329677887462505,3.20400329221833,3.0924267186244063,4.174740335396489,2.971212890523516,2.7243383344782557,2.1182563836805075,2.5754301025431596,3.9407600946814147,2.0458418834345435,2.035926582561228,3.1086931543212852,2.759350803847868,2.1062956283329286,2.1024769031451704
807,3.1048524061355742,2.0264669324357705,3.981558489752769,2.0707792943514334,3.1132669679897993,3.1229375091935543,2.656808639512395,2.485555364184889,3.9865688501888563,2.524216907412192,2.0787891447313993,3.3310305390547414,3.4782784018690203,3.86828732124733,2.059199243114583,3.4557156213879088,3.333403361814131,3.2042281559267165,3.0924659428846457,4.1751333525226935,2.9710900283028927,2.724501134743521,2.118264789929189,2.575446739423314,3.9413246062396423,2.0456499627666593,2.0358571843867055,3.1093548391906918,2.759056300459907,2.1065110378751584,2.102516711351194
808,3.1053038928877967,2.026398537170136,3.9816569730954665,2.070674512492326,3.1135356249121027,3.1231176327689463,2.6571755049884205,2.4851380918977113,3.9866724641508404,2.52502391517332,2.0783907172938374,3.3315232230798397,3.4779021730071467,3.868963047118202,2.059015698398691,3.455816670676605,3.3338192765523926,3.204458762300026,3.0925362716481795,4.175567136701389,2.971007756291036,2.72469044033274,2.118276028260694,2.5754951136789135,3.9419294094047794,2.0454596696344143,2.0357881677494327,3.1100330205702553,2.758770829120256,2.1067296986158803,2.1025589148030313
809,3.1057697209517157,2.0263303806010082,3.9817564598082753,2.0705699591597706,3.113818068985605,3.12330082676065,2.657546919639898,2.4847290437829157,3.9867796939924043,2.525840846429419,2.0779955404451926,3.332049832891675,3.4775299801030446,3.8696739509648,2.05883372875304,3.455929304804675,3.3342631037751134,3.204710268923831,3.0926270902131243,4.176021294035822,2.970943474525854,2.724887203859807,2.11828950303443,2.5755514280886613,3.9425501690547273,2.045270897842758,2.0357194593938903,3.1107153828252017,2.7584909483486895,2.1069516226553575,2.102603203713591
810,3.106251522678991,2.0262624652026435,3.981881346317559,2.0704655085127506,3.114173118077513,3.1235741827944308,2.6579879899297776,2.484365712415923,3.9869803261301335,2.526690133033278,2.07760398645613,3.332663122918542,3.4772268447713026,3.8704713338561882,2.058653490137662,3.456095673050669,3.3347510065469486,3.204968825529362,3.092703444389709,4.176455007467976,2.9708514874347745,2.725061259559718,2.118304548888756,2.5755861657714547,3.9431536794998614,2.045083496153123,2.035650980163075,3.1114006191053014,2.7582229052847467,2.107176886173106,2.10264911731056
811,3.1067458703089916,2.0261947563920546,3.9819812797687417,2.0703611351354514,3.1144818022721372,3.1237633857205878,2.658366800773622,2.4839723782179544,3.987099058505699,2.527522137062543,2.0772148022328056,3.3332253672209142,3.476824711480235,3.8712239308250393,2.0584745625165413,3.4562076900041347,3.33521323701411,3.205229248501376,3.092805567761563,4.1769253056454,2.970795447640101,2.7252587030131523,2.11832254178601,2.5756551734461315,3.9438024512201943,2.0448977235232815,2.0355828920901455,3.1121039630198486,2.7579623689906576,2.10740542979966,2.1026973309377466
812,3.1072540274658795,2.0261272715951897,3.982087680393179,2.07025698131816,3.1148151789779734,3.12396193977857,2.658750538826615,2.4835885801774915,3.9872259188396972,2.5283649612791708,2.0768286659914184,3.333814580188027,3.4764158970447596,3.872003270382358,2.0582971189658057,3.4563174361895515,3.3356840085547557,3.2054924039742394,3.0929156235214896,4.1774054853897935,2.970745156037313,2.7254584899388306,2.1183429177842297,2.5757295199591654,3.9444640153099093,2.0447134169966703,2.0355151059201915,3.1128128717858035,2.75770781325551,2.1076372319065375,2.1027478632559613
813,3.1077773513518796,2.026060022652018,3.982219752978129,2.0701530009491664,3.1152223016527154,3.1242482907732754,2.6591986085941577,2.4832464627946793,3.9874370571288615,2.529240333718804,2.0764460294394462,3.3344876240625396,3.476070261511392,3.872864973513801,2.0581213632082207,3.4564835003171006,3.3362044691824813,3.2057702636687146,3.093019881158332,4.177875377143582,2.970674917746563,2.7256388702794716,2.1183649834775444,2.5757854810454734,3.9451131908490202,2.0445304857373148,2.0354475660328726,3.1135257019402984,2.757463327881317,2.1078725189415293,2.102800281840774
814,3.1083152351330936,2.0259929897381737,3.9823326752185593,2.0700491384624553,3.115595313463544,3.1244677272407007,2.6595981576720846,2.4828803257109637,3.9875819528248346,2.5301056578517214,2.076065852327456,3.335125620120935,3.4756466966421335,3.8737018508766035,2.057946980625714,3.456619646761294,3.33672205554078,3.2060650136109214,3.093156811050352,4.178387538204297,2.9706453991022546,2.725843655990306,2.118389997514253,2.5758745084533143,3.945807760470622,2.0443491705416634,2.035380422085473,3.1142583647170294,2.757226736155669,2.1081112664277426,2.10285516377002
815,3.1088699045897377,2.025926178232244,3.982451323725564,2.069945442885723,3.1159918230412975,3.1246901418163375,2.6600019645057946,2.4825231490959556,3.9877369848220448,2.530982411609335,2.075688565319945,3.335785646841106,3.4752126458274817,3.87456679567123,2.057774081810702,3.456751427572728,3.3372446611750872,3.206358871503536,3.093301071751391,4.1789092080032795,2.970622536009051,2.7260538660374887,2.1184176227434803,2.5759712667372643,3.946517792755899,2.044169305801946,2.035313591113205,3.115002108939896,2.757000947191327,2.1083535382754093,2.1029126914231098
816,3.109444716320809,2.025859600695457,3.982590944459819,2.069841883976057,3.1164506992297127,3.1249822683120936,2.6604598990570985,2.482202050698211,3.9879655670251664,2.5318910926227085,2.075314707847368,3.3365312410595322,3.4748332115857514,3.8755094596578754,2.057602867710908,3.456932697831266,3.33781313125356,3.2066692240809025,3.0934481458902177,4.179429196459365,2.9705898867943605,2.726253198283039,2.118447372717385,2.5760587669542065,3.947226774781306,2.043990854577332,2.0352470369680464,3.115756938408987,2.7567887302937715,2.1085996990209255,2.1029724602308297
817,3.1100395143810555,2.0257932458607564,3.982722323061031,2.0697385051188366,3.116894574019325,3.1252332469215767,2.6608836369018096,2.4818640071995763,3.988146874890555,2.53279937007352,2.0749434988377917,3.3372697908963884,3.474402117006693,3.8764484132013988,2.0574330646131163,3.4571021931630606,3.338393477945648,3.2070044403412092,3.0936329722875002,4.179993561002032,2.970600509516906,2.7264780940983027,2.1184801957472046,2.576177761154021,3.9479810899805,2.0438140062990025,2.035180885343268,3.1165366361791427,2.7565857770499447,2.1088495695057254,2.10303498152357
818,3.1106516088686385,2.0257271058475723,3.9828643520639555,2.0696353277101536,3.1173684804112143,3.1254921388902037,2.661312105386464,2.481533789082232,3.988337129706731,2.5337193718547066,2.074574977014203,3.338019445219941,3.4739516754070388,3.877411789417245,2.057264675759533,3.457263942016824,3.3389737252216287,3.207334093043486,3.093820973068686,4.180565730672478,2.970613255947632,2.726705386740938,2.1185156082337144,2.576302586727965,3.9487499611166004,2.043638578831478,2.0351150552081894,3.11732975149344,2.7563941629253925,2.1091031239195672,2.103100431862248
819,3.111282502175645,2.0256611927228185,3.9830212716570568,2.0695322707838795,3.117890513315511,3.125797742884377,2.661784466957619,2.4812341374558895,3.9885864419703476,2.534666885590168,2.0742095880054108,3.3388312333324897,3.473526047234545,3.8784341633486688,2.0570979052966276,3.457456617646388,3.3395832314090272,3.207671609676318,3.0940065819474434,4.181137617989814,2.9706151081436567,2.7269218179741204,2.118553361184808,2.5764246170350704,3.949527126812581,2.0434645949794907,2.035049533408821,3.1181377135926107,2.7562172894270627,2.1093609093799124,2.103168394374876
820,3.1119383144696426,2.025595515223131,3.9831790941461658,2.0694294411939236,3.118417045563038,3.126085675599461,2.662241752769189,2.4809282649144415,3.9888135571047294,2.5356245395820833,2.0738470060545704,3.3396605064302554,3.4730702202325108,3.879471088438879,2.056932607657453,3.4576489044980594,3.3402117239600537,3.2080348264976197,3.0942273828054434,4.181751343996803,2.9706594058517206,2.727163778590273,2.118594410943132,2.5765784525769435,3.950352081795124,2.0432922245734306,2.034984431202439,3.118977983803201,2.7560535302015143,2.1096227978025697,2.10323944620394
821,3.1126191747429317,2.0255300611259726,3.983355674540838,2.0693268407395924,3.118988097225418,3.1263960284216012,2.6627073045663,2.4806295060411325,3.9890531805271023,2.536598553480516,2.073487140142487,3.340513206909323,3.4726080249902234,3.8805436788826966,2.0567687381883952,3.4578484776367464,3.3408547946651606,3.208403682970167,3.094463488729546,4.182381368302957,2.9707153870249496,2.7274152756352597,2.11863829558561,2.5767405238070613,3.9511949131317445,2.0431212785834245,2.0349196714455347,3.1198390696244873,2.7559051677189874,2.1098887831387585,2.1033139251387514
822,3.11332264951914,2.0254648297622806,3.9835434247838584,2.0692243352607074,3.1195916868434805,3.1267284810317992,2.6631987157231682,2.480350570879428,3.989332471849232,2.5375959621273,2.073130218449012,3.341417754280137,3.4721576013615447,3.8816686859372243,2.0566064637957955,3.4580805918926703,3.3415305803230293,3.20878916256952,3.0947124665513424,4.183025420752406,2.9707746089932576,2.7276673455095297,2.118684931742212,2.5769090399683723,3.95205669592524,2.042951801429696,2.0348552548123937,3.1207205384987873,2.755773857775512,2.1101594198436207,2.1033913927974823
823,3.1140525022001793,2.0253998357750924,3.9837374487417643,2.0691220846557483,3.120205054289295,3.1270507160935344,2.663688409073773,2.4800756270824746,3.989614470245624,2.5386123226174737,2.072776181067794,3.342360943760882,3.4716954770682973,3.8828263005958403,2.0564457391906825,3.4583233027667846,3.342227563507323,3.209198231539285,3.094992659451518,4.1837079860742,2.9708738374336994,2.7279439809101116,2.11873508611593,2.5771093931027833,3.952967906295729,2.0427839332136224,2.034791271733327,3.121640078075384,2.755659050229333,2.1104345162080285,2.1034721764930584
824,3.1148095997228493,2.0253350679391984,3.9839567441969455,2.069020115405618,3.1208756884207265,3.1274086293171655,2.664196977103746,2.479813288979295,3.9899201724081417,2.5396501869087866,2.072424840312799,3.3433360261360585,3.471232277146245,3.8840265401218463,2.0562864583286578,3.4585765264026467,3.3429395774508093,3.209612467080818,3.095284572291532,4.184405493608686,2.970981845463047,2.728226947566583,2.118788168538912,2.5773175664770034,3.953899228948455,2.042617501200125,2.034727648970997,3.122586366806998,2.7555634589220617,2.110714170058745,2.10355671713667
825,3.115594298622353,2.025270524332224,3.9841899311063886,2.0689182915033295,3.1215810335677068,3.1277808580320765,2.664719396341485,2.4795608355413647,3.9902421800000867,2.5407067219754955,2.0720762221734783,3.3443455236848525,3.4707608572474946,3.8852665242618656,2.0561286876252303,3.4588540375852888,3.3436828471000215,3.2100474904386296,3.095597459767273,4.185126775375391,2.9711001594929067,2.7285160292725976,2.1188442881443947,2.5775381029075017,3.9548584077694207,2.042452568913508,2.034664402639723,3.123558291682466,2.755486721699371,2.1109989638608373,2.1036449476995522
826,3.1164128025410425,2.025206227083261,3.9844387915649704,2.0688167603212673,3.1223090079255695,3.1281564059504308,2.6652502990483997,2.479318016529742,3.9905815014486365,2.5417889489837764,2.0717305220673268,3.345407825064389,3.470290961408745,3.8865523354159333,2.055972495476531,3.4591531383735665,3.344453427479345,3.2105070506600595,3.095942967851437,4.18588715310157,2.971258674417004,2.7288314883929052,2.118904208922098,2.577790631917271,3.955868890526949,2.0422892447532046,2.0346016105680262,3.1245756167843672,2.7554297563680468,2.1112886882840316,2.1037370411706924
827,3.117264280852634,2.025142164163394,3.9847167129930123,2.06871549645495,3.1230946782591573,3.128571461356619,2.6658092020095268,2.479094733579288,3.9909637305666927,2.5428999973268542,2.0713875793948193,3.3465189099047183,3.469832369892049,3.8878936345526975,2.055817820595571,3.459474619590417,3.3452425067930367,3.21097353305687,3.0963018284930737,4.186664919298752,2.971428961588929,2.7291556265395664,2.1189673590010907,2.578054085239894,3.9569045556059517,2.0421273771353183,2.0345392091863532,3.125628873877227,2.755397420736625,2.111583592362682,2.103833195196865
828,3.118146864254264,2.025078329998788,3.9850096679316414,2.0686144096004733,3.123907843192181,3.1289858056278677,2.666370675134279,2.478874698530812,3.991350756472798,2.5440279665722327,2.071047225529968,3.3476565812133856,3.4693556225364293,3.8892695873629872,2.055664626011746,3.4598147424725587,3.3460574449043614,3.2114622976531395,3.0966887837218118,4.187475308990322,2.9716186740111956,2.729493688408942,2.119033909250389,2.5783370576768925,3.9579770862111414,2.0419670309156555,2.034477219421162,3.126713180367299,2.755387377562975,2.111884194669319,2.1039335924371683
829,3.1190675934251995,2.025014748904579,3.98532915796902,2.068513704786196,3.124759820759088,3.129416467173665,2.666946813431015,2.478666129968355,3.991759645484257,2.5451847995846792,2.070709737848245,3.348852717346435,3.4688883643462978,3.8906988527853867,2.05551299809547,3.4601817208884804,3.3469031511084264,3.2119767002334365,3.097109545119097,4.188325273429786,2.9718475667332616,2.729859035081065,2.119104431403976,2.5786505249783342,3.9591012330633673,2.041808289762531,2.0344157014213984,3.127847641365284,2.7554006591363924,2.112190289888204,2.1040385194565783
830,3.1200271710575316,2.0249514090133496,3.985685301992672,2.0684133140899355,3.1256794844348716,3.129897018962951,2.667560952161755,2.478482598966305,3.9922209027216344,2.546374005665572,2.0703749857334617,3.350106820626219,3.468437698123341,3.892189439694788,2.055362918052902,3.4605803744950463,3.3477729784505827,3.2125025723173524,3.0975456590839965,4.189195602697732,2.9720900316149783,2.7302342212285606,2.119178444420255,2.578977404976409,3.960256851431808,2.0416510551169225,2.034354611084863,3.1290286312115416,2.755444370020059,2.112502366388338,2.104148072611685
831,3.121023854916859,2.0248883051705167,3.98606139002606,2.0683131425153065,3.1266239807004665,3.1303680563148664,2.6681734003835924,2.4783012320823694,3.9926832611911207,2.547579665286637,2.0700427194845563,3.3513834771789712,3.4679602723572955,3.893710832188815,2.055214295566894,3.460990991964434,3.3486594426285192,3.213048358621862,3.098012513466342,4.190104674554416,2.9723593436219415,2.7306302853309132,2.119256312325719,2.579331455023122,3.96145968035095,2.041495380727457,2.0342939732827197,3.130249094742334,2.7555148325049843,2.1128208008618454,2.104262467910651
832,3.1220618463471004,2.024825460287469,3.986471289775529,2.068213378089433,3.1276111135170765,3.1308563444508337,2.668801186160257,2.478132122312118,3.993171161175003,2.5488163044179766,2.069713259903676,3.3527206346517864,3.4674961288514137,3.895290681483262,2.055067225114474,3.4614291934262384,3.3495722609599667,3.2136158605594023,3.0985123782387483,4.1910537989781815,2.9726667811432206,2.731055336009458,2.1193383878477827,2.5797151116727077,3.962713704851853,2.041341287782778,2.0342338205531663,3.1315222712011375,2.7556120305180567,2.113145324155329,2.104381949127412
833,3.123140582966846,2.024762862421957,3.98692021542805,2.068113931777472,3.128662729940398,3.131390584044676,2.6694657416562295,2.477987162912887,3.9937100141795905,2.550085563074192,2.069386486665629,3.3541180078132427,3.467052077569019,3.896935822115209,2.054921720755244,3.4619072547687173,3.3505141953486604,3.214199652297692,3.0990319099159636,4.192027874608436,2.972989278271241,2.7314911897853067,2.1194241261725644,2.580111996373229,3.964000936545959,2.0411887096496617,2.0341741190631817,3.132846676766178,2.755743176023908,2.1134766254177784,2.1045066527508207
834,3.12426178916205,2.024700511431772,3.987395544883755,2.068014771631421,3.129740109493328,3.131911390498251,2.6701262858722954,2.4778434925248365,3.994245813938244,2.55136999414082,2.069062098010912,3.355533739199318,3.4665785030298184,3.8986107183174985,2.0547776502444477,3.4623912471898453,3.351463817263958,3.2147991615285214,3.0995807649569924,4.1930412022886365,2.973337950247939,2.7319476604207162,2.1195139001238275,2.580536112894191,3.9653371414709198,2.041037692267762,2.034114889725781,3.13421348782185,2.7559029876188537,2.1138149140239455,2.1046369186321865
835,3.1254284823226097,2.0246384253812213,3.987912756251165,2.067916050690105,3.1308648836161446,3.1324513217103007,2.670805004944757,2.4777141918214585,3.9948093868449464,2.5526847765784755,2.0687403859518594,3.357004889228328,3.466114292319877,3.900341221637377,2.0546350857735445,3.462894313778272,3.3524254306148746,3.2154097474644456,3.100153041924381,4.194087741494121,2.9737133218600573,2.732426085222171,2.119607890279472,2.580984321767631,3.9667194641351813,2.040888218365121,2.0340561414906784,3.135630208618526,2.756090472847686,2.1141598600726192,2.104772809260933
836,3.126634609258857,2.0245765869239993,3.9884694744005937,2.067817639199502,3.132043325854236,3.133025389008149,2.6715156729158283,2.4776075116823253,3.995418486277625,2.5540297832385885,2.0684212672853666,3.358533238914477,3.4656662173821764,3.9021325162475957,2.0544940691892597,3.4634375514908324,3.3534125624919118,3.2160368043644514,3.1007449650716077,4.195161530002352,2.9741013551041187,2.732913647432312,2.119705666006604,2.581444877783797,3.9681355258399833,2.040740248192256,2.033997854290521,3.137096290393603,2.7563112527013445,2.1145122189075094,2.1049143755513953
837,3.127880767188876,2.024514998149591,3.9890565033562995,2.067719558574709,3.1332434647045493,3.133581404742281,2.672220171438019,2.4775027391415048,3.99602313590967,2.5553890581722407,2.068104481897841,3.3600822779455046,3.4651961138555043,3.9039580080915774,2.054354481542131,3.4639899372622764,3.354405298012536,3.2166786905193883,3.101366961207761,4.196276084997258,2.974515412040386,2.733421745762068,2.119807586797363,2.581929692058127,3.96959762721767,2.0405937990604137,2.0339400410032917,3.1386013526630787,2.7565586832894065,2.1148720410367896,2.1050621014674427
838,3.129169633942376,2.0244536725858757,3.98968653640809,2.067621889093449,3.134486189302941,3.1341519506574462,2.6729412832699375,2.4774123543960083,3.996651412621558,2.556774282864251,2.0677902205880825,3.3616775438151016,3.464733084347337,3.905837228715481,2.054216371856029,3.464560556104845,3.3554033727212884,3.2173265340488024,3.102007250029051,4.197419584870645,2.974946619591849,2.733945188494501,2.1199136328345607,2.582430898315837,3.9710965238490776,2.0404488291940015,2.0338826892888098,3.1401479931706238,2.75683261223684,2.1152391140142233,2.1052159696727615
839,3.1304950860469294,2.024392594726764,3.9903516363817233,2.0675244817330385,3.1357634164196737,3.1347362316703307,2.6736834812286903,2.4773392828477983,3.9973095419870304,2.5581825818942345,2.067478401935473,3.3633150670592133,3.4642730966741895,3.907765778512564,2.054079765422885,3.4651635813681234,3.3564176888490866,3.2179879069769046,3.102665109608435,4.198590371027094,2.9753858419762174,2.7344748471720224,2.1200235161807046,2.582942158683541,3.972626023301627,2.0403053281124164,2.033825788190843,3.1417351504107636,2.757136078763875,2.1156141036365224,2.1053759364595033
840,3.131856678520748,2.0243317668980074,3.9910488481654722,2.0674274292922568,3.137056115825464,3.135297727550324,2.6744185689458986,2.4772692232252247,3.9979630474321555,2.559603835986855,2.0671688682021876,3.3649721530914674,3.4637946053268456,3.9097277283304503,2.0539445557757863,3.465772201964339,3.3574302497056614,3.2186586457316144,3.103348126576549,4.199797778772255,2.975844022552996,2.7350200578947357,2.1201374806331237,2.5834702883186114,3.974192675128188,2.0401632742385045,2.033769336620738,3.143350210413106,2.75745958738878,2.1159967714315413,2.1055424944998746
841,3.13325098692355,2.024271187798329,3.9917845947676933,2.0673307347613172,3.1383808527435866,3.1358661128972956,2.6751680621345457,2.4772137663660025,3.9986370416290717,2.561045691838796,2.0668617006393113,3.366662910238248,3.4633164127129437,3.9117352259558955,2.053810771250268,3.466397527094035,3.358442669927504,3.219331386789144,3.104043612921262,4.201028904215463,2.9763063960883502,2.7355700136937315,2.1202552755373207,2.584003416812203,3.97578266059367,2.0400226063001687,2.033713309129493,3.1449917708262634,2.757803218098781,2.1163871004083092,2.105715564623101
842,3.134670892338896,2.0242108451820005,3.9925468376041073,2.0672342550550145,3.13971937626757,3.1364289698995256,2.6759280092515656,2.4771705938736814,3.99932454838531,2.562502308267854,2.066556803619646,3.3683753355251387,3.4628236799804144,3.9137762625801207,2.0536784125238787,3.467043574182438,3.3594588617742933,3.220011437399162,3.1047514186607743,4.202284656044049,2.9767680552318936,2.7361193963401926,2.1203767964057163,2.584540612625763,3.9773951930450333,2.0398833319054264,2.033657701813223,3.146657357159473,2.7581672466587728,2.11678557719457,2.105895058443755
843,3.1361179289711307,2.0241507462978037,3.9933378863374975,2.067138111621714,3.141067161615419,3.1369687374435014,2.676682807883834,2.47713198075507,4.000006060964706,2.5639692390661835,2.0662541173805002,3.370100059152348,3.4623094136360164,3.915845395760223,2.053547400696694,3.46768721145639,3.3604620598026274,3.220690572492442,3.1054734358791305,4.2035678528273746,2.977234871674404,2.7366742779971376,2.120502198932307,2.585084050903214,3.9790310234645307,2.0397454024199173,2.0336024978771667,3.1483332016510786,2.7585414542786966,2.1171917671247606,2.1060813781241365
844,3.1375854850555425,2.0240908782138907,3.9941565288299166,2.067042225370775,3.142433576452552,3.13750741584127,2.6774496391678078,2.477106972991633,4.000702784220277,2.5654506590046955,2.065953661709751,3.371846111088144,3.4617861676545845,3.9179494149809484,2.053417767540416,3.468346560246586,3.3614641294632213,3.221370821077158,3.1062038642771874,4.204870559257478,2.977694580668065,2.7372244039600266,2.1206311446456767,2.5856221114700277,3.98067660602463,2.0396087638015254,2.0335476698902593,3.150017353077408,2.758927067900779,2.117605934361413,2.1062744381226297
845,3.1390662694699545,2.024031231785511,3.9949910230587475,2.0669465138066188,3.143796634585958,3.1380267317247412,2.678219384454934,2.477090622467878,4.00140363741954,2.5669419830150955,2.0656553944559555,3.373605399667427,3.461242635458136,3.9200782125769242,2.0532895071351054,3.469023514195649,3.362469638093447,3.2220599029872243,3.1069483363304116,4.206198860075236,2.9781519830260192,2.737772569194703,2.120763761287214,2.5861589673673056,3.9823362526746866,2.039473433387736,2.033493222708041,3.1517074799528033,2.7593215680813437,2.1180282803234656,2.1064742214082037
846,3.140560617867111,2.023971811271904,3.9958453063131447,2.066851086562442,3.145159967532817,3.1385228598360513,2.678987074456358,2.4770808267093063,4.002101037850441,2.568442232297661,2.0653592872939472,3.3753739626221675,3.4606782282029833,3.922231398996268,2.0531625583683923,3.4696993144711827,3.363462072548732,3.2227461626222196,3.107702659681598,4.207549509325931,2.9786068597380164,2.7383208146370137,2.1209001261922866,2.5866932961362643,3.984006859057215,2.0393393531994906,2.033439133769157,3.153391399431814,2.759716668331602,2.1184583549452114,2.10668099825271
847,3.1420597107132364,2.023912595835975,3.996711233360711,2.0667558036752594,3.146525388403965,3.139007922688384,2.679763063013576,2.477082387130298,4.002805079200948,2.5699499816143048,2.0650652614881677,3.3771478031357125,3.4600899530750233,3.924404790106577,2.0530369300653004,3.470387129802368,3.3644514048252265,3.2234329487012383,3.1084620568095005,4.20891667554891,2.9790473380411058,2.7388586606992456,2.121039899123914,2.587216299344033,3.9856786547680447,2.039206493498117,2.0333853858471156,3.1550692430088025,2.760115667641139,2.118896697908976,2.106894696098737
848,3.1435600874053256,2.023853586220067,3.997583497311852,2.0666606796495794,3.1478815953270947,3.1394715361710395,2.680539644938421,2.47709037555753,4.003505598405339,2.57146422689457,2.0647733545231413,3.378927959382451,3.459475555999175,3.9265944843169702,2.0529126059100644,3.4710828936316376,3.365438931569403,3.2241242355035586,3.109231531523785,4.210305993452096,2.979481727016557,2.739392697224473,2.1211833218708986,2.587733276686799,3.987357046791144,2.039074864134709,2.033331986071862,3.15673893300815,2.760513648292605,2.119343180718527,2.107115404895802
849,3.1450620513922685,2.02379478309598,3.998464785230608,2.0665657706294116,3.149236515502172,3.1399187390259478,2.6813189148907375,2.4771058512263977,4.004204186204483,2.572986128589276,2.0644835577024176,3.380715376978748,3.4588383803361165,3.9288027778774737,2.052789546839415,3.471776716287768,3.3664157147456226,3.224811472589537,3.1100055424517974,4.2117122093877555,2.9799061105304077,2.7399221290412776,2.1213303839734676,2.588240338992956,3.9890361146934827,2.0389444104895937,2.033278910006958,3.158391388340761,2.760905852361593,2.1197975623911303,2.10734328130062
850,3.1465581413199444,2.0237361649683385,3.9993428408133687,2.0664709256644804,3.150582896961249,3.140348599058801,2.682102973581281,2.4771296347434375,4.004902651991454,2.5745112490167594,2.0641957457948843,3.3824990715840277,3.4581664878952836,3.931019493977901,2.052667748900675,3.472476812009021,3.367389083806665,3.2254995979541947,3.110782872727514,4.213133881698203,2.9803148995837816,2.7404413273082464,2.1214809140136768,2.588734601581947,3.990712577647676,2.0388151316738234,2.0332261557954845,3.1600301187566835,2.7612973498855737,2.1202605124066185,2.1075783311347607
851,3.1480490515650823,2.023677739967102,4.000219439098417,2.0663762428182553,3.1519211010393753,3.140760440541363,2.6828888411872445,2.4771593154322558,4.005596193546386,2.5760426021647738,2.0639100117886873,3.3842892250894856,3.4574683254290233,3.9332488370216208,2.052547196630925,3.473175346003286,3.368355367371069,3.2261866379189534,3.1115647785510596,4.214573093989305,2.9807159177384834,2.740957356499785,2.12163518726736,2.5892204673781207,3.9923912404844812,2.038687026205371,2.033173730703127,3.161654295262463,2.7616826552828937,2.120731666841331,2.10782072957001
852,3.14953243111706,2.0236194999379404,4.0010928474531555,2.0662816928828107,3.1532575061559776,3.1411603042224265,2.6836791992942364,2.4771949362337256,4.0062841507771205,2.577578706645036,2.06362629879711,3.3860826438102447,3.4567419993788624,3.9354891822775766,2.052427856063188,3.47386895633691,3.3693120298852115,3.2268678319089936,3.112344667310279,4.216023260459089,2.9810999342189852,2.741464571442365,2.121793042411859,2.5896917981384693,3.9940647706967707,2.0385600520451064,2.033121613244919,3.163258317828692,2.762060597113652,2.121211140809235,2.108070527137939
853,3.151003760365208,2.023561429356546,4.001952572756604,2.0661871759514967,3.154582609492734,3.141539530878711,2.684468135599051,2.477232901442568,4.006958091516958,2.5791135118801645,2.0633444733424593,3.3878653016051894,3.4559725936657895,3.937728815876734,2.0523097020733885,3.4745565842688357,3.370259781181808,3.227545191016727,3.1131216359718006,4.217484407956903,2.9814659468513005,2.741961414400951,2.1219544578403586,2.590149580396023,3.9957337156367276,2.0384342141988787,2.0330698077628946,3.164845588796197,2.762434549034003,2.1216993879630976,2.1083277953595365
854,3.152467055536608,2.023503539827594,4.002804001791002,2.066092809134002,3.155903162837307,3.141904052065817,2.685257855549793,2.4772743079927855,4.007621137836044,2.580652955200871,2.0630646532810784,3.3896537099272384,3.455176525451585,3.939978615847305,2.05219273836179,3.4752324246137976,3.371194820570763,3.2282143686772278,3.11389384290596,4.218955411945013,2.9818195254750757,2.7424534455533163,2.1221196764611,2.59059617010575,3.9974002487312204,2.0383094981092174,2.033018315136864,3.166415073331941,2.762799497870154,2.122195948804171,2.108592680335247
855,3.153918940858727,2.0234458171737573,4.003639941249433,2.065998485086603,3.1572190327522733,3.142255372059786,2.686049877432745,2.4773184945104063,4.008272502015257,2.5821937152944168,2.0627867577680963,3.3914428182254253,3.4543490411637494,3.9422348221532646,2.052076955135662,3.4759031039985926,3.3721248341683956,3.2288788804121364,3.1146593621055256,4.220432977762466,2.982152607029723,2.7429347432361273,2.1222885082803953,2.591026333975709,3.999058425897299,2.0381858811069615,2.0329671207128284,3.1679644165926484,2.763157074660456,2.1227012550066777,2.10886517777721
856,3.1553598963304688,2.0233882564627392,4.004456551614939,2.0659042025277476,3.1585270947236133,3.142586563167555,2.6868359447741956,2.4773602256085354,4.00890070940642,2.583732221352174,2.0625107138333862,3.3932254384855036,3.4534837293852307,3.9444920267145154,2.0519623219391443,3.476562569654761,3.37304678229864,3.2295384060977876,3.115418799542473,4.221918062039693,2.9824690614350096,2.743407968321837,2.1224610492099982,2.5914427370825615,4.000710316380828,2.0380633565271222,2.032916228009806,3.169494877500793,2.7635069946730297,2.1232153293681413,2.1091454628923096
857,3.15679292976177,2.0233308635889595,4.005257398836719,2.0658100246546476,3.1598343120507217,3.142905355522369,2.6876207057770927,2.4774017233989465,4.009511064690365,2.5852733970401602,2.0622366011496744,3.3950157628482813,3.4525946457658008,3.9467601735742868,2.051848849950066,3.4772090690958484,3.373958921473954,3.2301890564521827,3.116167836828054,4.223406749304224,2.982768771196419,2.743873677834576,2.122637395676939,2.591844667225578,4.002354969614032,2.037941904568839,2.03286563136228,3.171005157966176,2.763846030047121,2.1237378857994686,2.109433586573513
858,3.1582143742659317,2.0232736225176486,4.006033002112306,2.065715823085839,3.1611350415890622,3.1432081958791245,2.6884034742436222,2.4774414321397127,4.010100840784144,2.586812637015936,2.061964318883606,3.3968052979218313,3.451672395174459,3.9490326693083153,2.0517365313725944,3.477848943343502,3.374869068596627,3.230835349593121,3.11690537750893,4.2248969755716255,2.983044839326832,2.7443263261166404,2.1228173891297537,2.5922285104459855,4.003988244009577,2.037821513177372,2.03281532076245,3.172494316400521,2.7641762114999135,2.124269397175578,2.1097294929092354
859,3.159629080656018,2.023216537093182,4.006786003433623,2.065621677594992,3.162432854440588,3.1434928636007293,2.6891775988144433,2.4774750079736263,4.0106609771500334,2.5883496686661767,2.0616938468778647,3.398592677181952,3.4507175182384326,3.9513097184132,2.0516253310617785,3.478470957030477,3.3757703375817956,3.231473656890333,3.117631848263681,4.226389589408907,2.9833037823061375,2.7447709799570683,2.1230011800824293,2.5925969189971756,4.00561179273096,2.0377021597441334,2.0327652943672825,3.173960999588893,2.7644940019310376,2.1248094885212274,2.1100333911538978
860,3.1610371666573824,2.023159604107641,4.007514590475732,2.0655275572162277,3.1637298465474815,3.143764540154349,2.6899480231233825,2.4775044923284475,4.011196920166933,2.5898865748172817,2.061425206401792,3.400384625186589,3.4497350992614786,3.9535955105247194,2.0515152602753384,3.4790785652475513,3.3766670384758957,3.23210502577475,3.118344536911819,4.2278816955441005,2.9835426475644944,2.745204983872268,2.123188737348007,2.592947571419759,4.007223186436465,2.037583832451895,2.0327155448531493,3.175405059412074,2.7647991677944304,2.1253582649842264,2.1103452643893075
861,3.1624370064801415,2.0231028129787827,4.008212231495566,2.065433382557239,3.1650212498047536,3.144018585833748,2.6907124876969624,2.477527635878797,4.011704207778399,2.591420049021189,2.0611583214591813,3.4021728984665143,3.4487160922631537,3.955884350684051,2.05140630038769,3.4796710282216385,3.3775605794605195,3.2327297624887863,3.1190413312165353,4.22937114207305,2.9837574899430708,2.745625559309094,2.1233800152389173,2.593278748326109,4.008820057812394,2.037466518679778,2.0326660643896353,3.1768256848685974,2.7650920437990356,2.125915935229361,2.1106651044147178
862,3.163833293173055,2.02304616701694,4.008881641198641,2.0653392266980144,3.1663094939634653,3.144251603304387,2.691463884059517,2.47753971291465,4.012173048503516,2.592949423066597,2.0608931615847648,3.4039526633126798,3.447657721996043,3.9581747219907664,2.051298404749679,3.480232980205707,3.378439898034913,3.2333412492614246,3.1197204553959814,4.230857289789158,2.9839525886462464,2.746036206354411,2.1235751181647866,2.5935920128176457,4.010402770899919,2.0373501887438192,2.0326168464331564,3.1782199154720168,2.7653681243734187,2.1264820230699493,2.110993070411857
863,3.165222627892237,2.0229896552704756,4.009516626320582,2.065244990981469,3.1675910773419895,3.144464762213811,2.6922056701700074,2.4775418324406098,4.0126072636591505,2.594473723089125,2.0606296927083525,3.405722146405817,3.44655572925577,3.960464310578007,2.0511915686469853,3.480766827951289,3.379308811037933,3.2339409061442908,3.1203779838330172,4.232336495896739,2.9841203015658992,2.74642970142264,2.12377383202388,2.593882392411005,4.011966075832336,2.03723482478507,2.032567876854977,3.1795859393298094,2.765627751088866,2.1270568128761336,2.111329041033956
864,3.1666051377974194,2.022933274040637,4.010115378242599,2.065150669954041,3.1688634555351642,3.144653288953549,2.6929338857433454,2.477531466466642,4.013001017475356,2.5959915404865304,2.060367873417814,3.407475541460093,3.445404666526362,3.9627497837312156,2.051085753266099,3.4812601273256236,3.3801578604912144,3.2345211646550256,3.121007639982074,4.233804092080279,2.9842565511465655,2.7468032131129316,2.1239760975495856,2.594147231075628,4.013505988548923,2.0371203894806045,2.0325191368010636,3.180918142828589,2.765866428958212,2.12763996042913,2.1116730019822345
865,3.1679803541247282,2.0228770172515302,4.010673452401196,2.0650562383732813,3.170118392238937,3.1448054318723058,2.6936381965171172,2.4775024927764,4.0133402440820785,2.597497812197276,2.0601076112313246,3.4091982225567565,3.4441911550184527,3.9650219381302407,2.050980899911488,3.481696207543539,3.3809748990170254,3.235074954211633,3.1216044761398587,4.23525724169283,2.9843588950856743,2.747154215038112,2.124181823615051,2.594385197394903,4.015019532829928,2.0370068457099353,2.0324706076110752,3.1822102913752834,2.766079116619304,2.1282310952929104,2.112024948939098
866,3.1693432613753876,2.0228208728013843,4.01118404888582,2.064961587621853,3.171349911467389,3.144920056035036,2.694319771381396,2.477454916377426,4.013624999050299,2.5989900598038527,2.0598488541876474,3.410884520918535,3.442909400204469,3.967277134496656,2.05087698422404,3.482071174402636,3.381757130753513,3.235598330893422,3.122159823922196,4.2366887124272745,2.9844142369282873,2.7474708041997236,2.124390600470853,2.5945872886437447,4.016496390269191,2.0368941430594263,2.032422255020914,3.183453762573863,2.766261867447313,2.1288301474109548,2.1123846374158957
867,3.170691362312802,2.0227648353906607,4.0116434725713965,2.064866711331593,3.172548513221166,3.1449849306178925,2.6949683281414987,2.477383386740908,4.013842380302388,2.6004648514520947,2.0595915513890324,3.412525214041618,3.441553558363654,3.9695109707289893,2.050773950902935,3.4823660810757975,3.3824886949072654,3.236079694079215,3.122664829721717,4.238092165235276,2.9844162764660953,2.7477476092702893,2.124602222070632,2.5947484213256606,4.017928973092653,2.036782211487468,2.032374040929512,3.1846352741096835,2.7664044536114267,2.1294362559145634,2.112751930598661
868,3.172016095190812,2.0227088857382487,4.012038038339561,2.064771472058688,3.173693606048862,3.1449803254166318,2.695571061443802,2.4772810900940883,4.013975733252481,2.601913049315062,2.0593355658185377,3.4140992010002185,3.4401046472935644,3.9717094059409606,2.0506717436227073,3.482568444313681,3.383160215726659,3.2365132619978834,3.123111968380436,4.239461977040419,2.9843546498852387,2.74797474246309,2.124816297564949,2.594861974681568,4.019307863680646,2.0366709880265916,2.0323259235440227,3.1857418653894274,2.7664993818488988,2.130048986112259,2.113126539842292
869,3.173311752666209,2.022653013297722,4.012362115724244,2.0646757974413834,3.1747793348624835,3.1449050870101,2.696128195253557,2.477147942781053,4.014023109534343,2.6033330093408225,2.059080872666603,3.4156038973069798,3.4385631657293163,3.97387232600415,2.0505703332811533,3.4826693949627194,3.3837637075973976,3.2368906218054705,3.1234894840083176,4.240787795260769,2.9842141007759055,2.7481382511801025,2.1250322580714993,2.5949153362337753,4.020617518243005,2.036560378461146,2.0322778415562905,3.18675484187077,2.7665355277925414,2.130667493594296,2.113508048169376
870,3.1745706608598234,2.022597203353406,4.012604449901371,2.064579612735612,3.175787708016471,3.1447416099886722,2.6966268718351216,2.47697701668288,4.013967623128427,2.6047180254467284,2.058827394811393,3.417025826285674,3.4369193747941034,3.9759912713537586,2.050469671040776,3.48265543853095,3.3842900867667756,3.237206362640988,3.123792065272515,4.242065160524303,2.9839884573369684,2.7482313899077964,2.125249735157893,2.5949020954874022,4.021847999286015,2.036450299465609,2.0322297419810607,3.18765577227245,2.766500160985372,2.13129072375759,2.113896126602397
871,3.1757810981415777,2.022541432126908,4.0127496118160035,2.064482765941582,3.1767030455905343,3.1444801593815126,2.697062878181031,2.4767655095913934,4.013801634521455,2.606062266212637,2.0585750467298625,3.418353190122614,3.4351641383797147,3.9780583931077755,2.05036973300396,3.482525704247262,3.384740223506986,3.237459561506908,3.124014313125497,4.243287875735968,2.9836667545329405,2.7482433859741433,2.125468188518269,2.5948117813206855,4.022984934479747,2.03634066288326,2.032181564686635,3.1884271683652723,2.766383832076902,2.131917920642312,2.114290280078775
872,3.1769358987524026,2.0224856878595285,4.012790105773918,2.0643852072813487,3.177519987236974,3.144121277606942,2.697438096709436,2.4765135259750335,4.013525073817262,2.607366623379605,2.0583238499628407,3.419590328247132,3.4333043887347787,3.980077826293009,2.0502705173622635,3.482279793331413,3.3851159928845798,3.2376498917848506,3.124153184849173,4.244451106880763,2.9832440362087063,2.7481682859351513,2.125687191246626,2.5946353600884793,4.024015648698519,2.036231376443812,2.032133248751367,3.189049859448703,2.7661745716390316,2.132547877501185,2.114690046746583
873,3.178024544925335,2.0224299485822,4.012710191226458,2.0642868186874512,3.178224703720695,3.143657044273163,2.6977492585998566,2.4762175736581304,4.0131313618965025,2.608627571811898,2.058073760056295,3.4207310892195175,3.431333960991629,3.9820439811241486,2.050172021666181,3.4819237420200184,3.385428610168359,3.237786348182703,3.1242143946646928,4.245556802821433,2.982723113448532,2.748006213672641,2.125906489215816,2.594369476632054,4.0249333913114524,2.036122383706808,2.0320847531965986,3.1895123518817488,2.765865619416667,2.133179824935177,2.115095056095778
874,3.179039917148312,2.0223741969065774,4.012500876505088,2.0641875342100025,3.17882129622777,3.1430994355126662,2.6980075891590882,2.475880890388982,4.012629423375282,2.6098489580554314,2.0578248023832195,3.4217833119408185,3.429259711365446,3.983961342688578,2.050074271210671,3.481470633891965,3.3856943725057524,3.2378774153119623,3.1242023718000143,4.246604324336849,2.9821058814756585,2.747757882934981,2.126125840133304,2.594008110671983,4.025729027256405,2.036013624003206,2.0320360370222628,3.1898063276507225,2.7654531712848165,2.133812984555446,2.1155049512673547
875,3.179976697901259,2.0223184205612026,4.0121537602938675,2.0640873202816716,3.179311240965133,3.142455669911779,2.6982206991313884,2.475504304533577,4.01202524124471,2.6110353695529636,2.0575770265644735,3.4227569336216486,3.427087040168292,3.985834454779858,2.049977295558186,3.4809323591410006,3.38593213231166,3.2379373603827366,3.1241288824436353,4.247600110508098,2.981405718114628,2.7474331310208564,2.126345323137015,2.5935536273215978,4.026403238605463,2.0359050810497124,2.03198708638591,3.1899309340552864,2.7649370168199976,2.1344467771455475,2.115919561287999
876,3.1808306147910606,2.022262604317626,4.011660943995465,2.0639861271605495,3.179704873510272,3.1417426189285353,2.698403164468423,2.475091043176503,4.0113311699533964,2.612193177672693,2.0573304623960835,3.423660949993115,3.4248181915156968,3.987666483680978,2.049881128630575,3.480325947709044,3.38616482899673,3.2379813327127662,3.1240058669740636,4.248550517171015,2.9806362399891686,2.7470430971640902,2.1265650943353576,2.5930091132641904,4.026958048978441,2.0357967599617433,2.031937904526647,3.1898953021752674,2.764324412998004,2.1350810841630787,2.116338817254911
877,3.1816028351366894,2.0222067415536937,4.01102080268361,2.063883974292245,3.1800216854351913,3.1409818723364644,2.6985713069624637,2.474644742987386,4.010561700163372,2.6133319098976653,2.0570851731750888,3.424510010977917,3.422459407718516,3.989464698331483,2.0497858016980843,3.4796633656239564,3.3864115706387468,3.2380216779533795,3.1238452105673638,4.249462648658966,2.9798145029763585,2.746603162607369,2.126785519508937,2.592380904040234,4.027400032716254,2.035688686240593,2.0318885112524283,3.1897141567077645,2.7636254461315515,2.135715852705931,2.1167628662360753
878,3.182296420152546,2.022150828199732,4.0102318810037065,2.0637808730346947,3.180279512978391,3.1401915546459716,2.698738732516027,2.47416734308927,4.00972930725856,2.6144604022039175,2.056841209922209,3.4253168125221,3.4200111952108694,3.9912333821788684,2.0496913402370542,3.4789533491688585,3.386689718687343,3.238071630519957,3.123659588548353,4.2503460965041535,2.978960649915445,2.746131215534196,2.1270071404538724,2.5916804308270875,4.027742600089894,2.035580927511313,2.0318389522108755,3.1894117115974328,2.7628559647865614,2.1363515236504047,2.117192035586322
879,3.1829196845299954,2.0220948651681847,4.009299389523402,2.063676871562405,3.180508778352844,3.1393994380560106,2.698924236674693,2.4736630360110836,4.0088508736668995,2.6155901179795933,2.056598615654647,3.426095287409673,3.4174761024963916,3.992979550773885,2.049597760825533,3.478200074546743,3.387009105467614,3.238135598025422,3.1234535935469703,4.251204593926683,2.9780883179320603,2.7456413859703312,2.127230454086016,2.590916354170313,4.027996827370182,2.0354735467905964,2.0317892761881122,3.1890163326049703,2.7620350073524143,2.1369886106052385,2.117626738682654
880,3.183482573753742,2.022038856286546,4.008227265999672,2.063572016073653,3.180728750738039,3.1386150350961355,2.6991328006344677,2.4731294386991607,4.0079293756548315,2.616727341933948,2.0563573915681914,3.426851174223498,3.4148480899196256,3.9947050972115985,2.0495050594342388,3.4773985809217565,3.3873730096234462,3.238217187197841,3.123233027884512,4.2520450091986195,2.977213959562564,2.745150203585756,2.127456133783246,2.590102872292306,4.028180832189843,2.0353666352561346,2.03173954872553,3.188558658624596,2.761181992464998,2.1376278219628997,2.1180675874883503
881,3.18399899689211,2.021982810786425,4.0070258833423775,2.0634663724432527,3.1809684569610557,3.13785845222404,2.6993764525609,2.472568258794206,4.0069765869167995,2.6178823159021425,2.0561175697166827,3.427599120429071,3.4121311912964485,3.9964196033552093,2.04941325089829,3.4765459584415677,3.3877816930621103,3.238314215492656,3.122995888915561,4.252868138986749,2.9763455650506616,2.7446670373593394,2.127684685282056,2.589249373287406,4.028308451302008,2.035260272557343,2.031689830591677,3.1880701595531002,2.7603172050301406,2.1382698966221634,2.1185151688330603
882,3.1844848578924343,2.021926739025962,4.005705246432404,2.0633599959774434,3.1812489391441945,3.1371359306614175,2.6996562675983693,2.471976391938696,4.005992728126499,2.619060669594578,2.0558791333847433,3.428346321278001,3.4093251997556355,3.9981302566616,2.049322341588539,3.475635453036569,3.388230616843646,3.23842260615155,3.1227391816461463,4.253674560656867,2.975489583764923,2.744199928433475,2.1279166235690363,2.588366245984445,4.0283944530291445,2.0351545359037315,2.031640180028812,3.18757901648645,2.759458602713512,2.138915487211941,2.1189701190596644
883,3.1849569438275016,2.0218706534713786,4.004275455591439,2.0632529319256117,3.1815835190793953,3.136443495828394,2.6999666757349714,2.4713485057862834,4.00497306041208,2.6202660660076678,2.0556420646961278,3.4291010967767415,3.406433631028794,3.99984712897575,2.0492323534673296,3.4746628165916027,3.3887162726808517,3.2385399924341316,3.122460768272582,4.254465315104367,2.974651002078903,2.743754856225685,2.1281524277152366,2.5874635253506404,4.028453327170359,2.0350494962290804,2.0315906474428704,3.187107779797578,2.7586201017764873,2.139565085144415,2.1194330450334644
884,3.1854338171790553,2.021814569016282,4.002750932587178,2.063145232948863,3.1819912591200294,3.1357858157629686,2.7003092019669315,2.4706839152579234,4.00392285028597,2.6215061062119656,2.055406385691232,3.4298825943106594,3.4034737953480745,4.001589980712167,2.049143346709445,3.4736335529006865,3.3892394600151885,3.238663810822091,3.12215556343535,4.255237565489727,2.9738283042943428,2.743331172165418,2.128392348103093,2.5865451170842904,4.028492753577591,2.03494519554564,2.0315412642124437,3.18667321844899,2.757812298314059,2.140218929269924,2.1199043982394223
885,3.185932335012696,2.02175849759463,4.001141096351843,2.0630369198008705,3.182473949407409,3.135145847477535,2.7006702448204,2.4699753549521177,4.002832248248966,2.6227814934868787,2.055172064399188,3.43069878990704,3.4004547280957578,4.003372944693069,2.049055375434042,3.472552224361969,3.3898018077812146,3.2387967456851747,3.1218251930760177,4.2559938087488085,2.973024624084017,2.742930989436499,2.1286367261519294,2.585618585978253,4.0285235580193985,2.0348416769393123,2.031492057509991,3.1862853145416943,2.7570408305373713,2.1408770789722933,2.120384647977463
886,3.1864701231383057,2.021702453314088,3.9994595867406266,2.062928026435406,3.1830402828943947,3.1345177801620636,2.7010459921928307,2.469221000399165,4.001702816805382,2.6240976624886145,2.0549391172406906,3.4315669447199735,3.3973962481336435,4.005218207226252,2.048968521979749,3.4714307811913034,3.3904086572384813,3.2389410046325624,3.121469393971119,4.256733394144036,2.9722377024082247,2.742551436575231,2.128885724054697,2.584685748997239,4.028549938924479,2.0347389544274157,2.0314430341774896,3.185946993177369,2.7563069703244034,2.141539225049527,2.120874078601162
887,3.187061752333335,2.0216464462169212,3.997716302526697,2.0628185538011605,3.1836903733216015,3.1338890840860705,2.7014295730669655,2.4684180410985292,4.000534114048861,2.6254577823176497,2.0547075429300365,3.432498433833119,3.3943115246242765,4.00714348672453,2.0488828676346125,3.470282802242101,3.39106834247508,3.239103432691099,3.121092730684871,4.2574595204912455,2.9714680288488413,2.7421905710325563,2.129139524234921,2.5837498287268907,4.028577240854486,2.034637045772227,2.031394199358871,3.1856584635078895,2.7556097899274024,2.142205066231769,2.1213729585370826
888,3.1877218290056186,2.0215904869718324,3.9959225810049563,2.062708526063912,3.184425127553846,3.133247630192555,2.701814729507791,2.4675640526356633,3.9993259118248248,2.626865203224048,2.054477338999877,3.433500202277372,3.3912096537374,4.009164355230068,2.048798477947854,3.4691165577318084,3.3917853676259755,3.239288972878017,3.120700618892286,4.258176071367384,2.9707166536969387,2.7418471712105585,2.1293983151598317,2.582813432054186,4.028609491050572,2.034535955377548,2.0313455493266157,3.1854147819331047,2.754944749483586,2.1428739979144438,2.121881555499149
889,3.1884614550854478,2.0215345825028037,3.994088122755766,2.0625979399705887,3.1852464231978077,3.132587917907495,2.702202648334497,2.466659870833946,3.998085532722405,2.6283247158513285,2.0542485067718914,3.434575487723179,3.3880923251371255,4.011291718707114,2.0487154094923063,3.467939994865299,3.3925647026185644,3.2395025702068394,3.120298265325755,4.258887064762574,2.96998280986615,2.741518446493406,2.1296622328913086,2.5818777658056584,4.028649093377993,2.034435689600671,2.031297078989345,3.185211185080893,2.754307589787275,2.143545553737602,2.122400068787723
890,3.1892901900538857,2.0214787395678897,3.9922222027769076,2.0624868105207144,3.186153469813217,3.13190138048075,2.702592396859818,2.46570514146115,3.9968174749050145,2.6298398993165053,2.054021035445299,3.435719385153863,3.3849514822186624,4.01353001297282,2.048633688547828,3.46675079780345,3.393404264704599,3.2397468530772437,3.119891764656829,4.259598573342961,2.969268695613625,2.7412041220463967,2.1299314978934545,2.5809463471572065,4.028700869390281,2.034336259896243,2.0312487866084776,3.1850421750540043,2.753692796498398,2.1442191899721896,2.122928809489982
891,3.190214655295189,2.0214229615052353,3.9903335881524433,2.06237514263437,3.187149561786585,3.131186102291756,2.702988925095713,2.4647018323949323,3.9955310494139176,2.6314151350406334,2.0537949056711304,3.4369221365490703,3.3817718208729377,4.015878802594194,2.048553321447601,3.46554247678924,3.394298237524239,3.240020803608103,3.1194843245899118,4.26031472486827,2.968573003388671,2.740901796492566,2.130206249379572,2.5800203822142396,4.02876699323274,2.034237672108953,2.0312006673354333,3.1849022199291324,2.753095498155308,2.144894466791175,2.1234680795163317
892,3.191237423232425,2.021367249457279,3.9884284178570506,2.0622629295890964,3.1882332389863466,3.1304375603173913,2.7033960555579486,2.4636510519112904,3.994234561486775,2.6330539622858167,2.05357009628073,3.438169578601098,3.3785308035630317,4.018331945540521,2.0484742966590934,3.464303419163178,3.3952377350729197,3.240323094179943,3.119079723993584,4.261041284243213,2.967896124908535,2.740610435573757,2.1304866756067,2.5791028465581993,4.028851613255252,2.03413994216355,2.031152722121558,3.1847871784499064,2.752511300743526,2.1455710618736927,2.124018253449395
893,3.1923595847500996,2.0213116046476634,3.986513507277836,2.062150178187992,3.189405118446631,3.129653788325584,2.7038193964288393,2.4625548617812116,3.9929379340258935,2.634760869381603,2.053346592244581,3.4394484580226203,3.375207306545013,4.020883745093471,2.048396598041052,3.463019343543585,3.396210428552184,3.2406493725453034,3.1186791216540204,4.261782026197215,2.9672364489946323,2.7403276952631606,2.13077289595331,2.578194986599667,4.028956792508421,2.034043075601568,2.0311049467998425,3.1846913996707467,2.7519352608883656,2.146248550790721,2.1245797426510125
894,3.1935767012297656,2.0212560222144393,3.984590103142728,2.062036846313334,3.1906592944894636,3.1288283653570144,2.7042623385942397,2.461414306958707,3.9916489267721085,2.6365381055878148,2.053124359694238,3.44074311796261,3.3717769565114635,4.023524979076006,2.0483202118362516,3.4616797626683162,3.397207311932284,3.240998037590285,3.118284570684544,4.262541310574901,2.96659166235138,2.7400504226123257,2.131064984319251,2.5772978359804544,4.029084197650092,2.033947081975674,2.0310573386108297,3.1846103486320763,2.7513638541122307,2.1469267656300657,2.1251529912958724
895,3.194883797760512,2.021200500543596,3.9826614412414845,2.0619229246439628,3.1919907921097774,3.1279563435790623,2.704728024196216,2.460230579618195,3.9903759161206143,2.6383901604976865,2.0529034062060454,3.442047880110699,3.3682270721121625,4.026252911077427,2.048245140516741,3.4602757720127206,3.398219301581414,3.241366888981644,3.117897177016766,4.263322357481609,2.9659592396131513,2.7397751028119823,2.131362978184521,2.5764111817735147,4.0292339675633375,2.0338519576840945,2.031009888870496,3.184536984140228,2.7507916539861528,2.147605218332809,2.125738500504226
896,3.1962712132744673,2.0211450315487953,3.9807247616218198,2.061808344722567,3.1933883356100763,3.127028221959102,2.7052174435403478,2.45900423390236,3.9891250711027264,2.6403190614113097,2.052683716364419,3.4433573286309436,3.3645458015759027,4.0290640964628075,2.04817140343648,3.458807291640213,3.3992440758980433,3.241757992322574,3.1175190050213777,4.2641282682898245,2.965334731787004,2.7394963849427785,2.1316668246551633,2.5755336229215993,4.029404757097442,2.0337576992327646,2.0309625878887965,3.184464997052289,2.7502148970841285,2.1482836915221135,2.126336768346917
897,3.1977299799019376,2.021089610263722,3.9787789764660024,2.061693070044749,3.194841546012408,3.126035078009101,2.7057302542442536,2.4577355210668017,3.987901446526014,2.642328306124013,2.0524653038259975,3.444675230007173,3.3607331368288653,4.0319617524345635,2.048099039327594,3.4572773066043885,3.4002803622279645,3.242173513966562,3.117151535281696,4.264961186364583,2.964713996459569,2.739208990748966,2.1319764476721073,2.5746629461021455,4.029594160336618,2.0336642916736163,2.030915422097038,3.184386664800816,2.7496286256979907,2.1489616670634772,2.1269483742023363
898,3.199248340740811,2.02103422871835,3.9768195465464515,2.0615770315218125,3.1963371196718855,3.1249667063029314,2.7062654201437457,2.456424255512248,3.986708855581851,2.6444202350300614,2.052248178459862,3.4460079945225717,3.3567912022612214,4.034949443234549,2.048028101051838,3.455695518586622,3.401332683627087,3.242619244435205,3.116797291691897,4.265823657457046,2.9640922680153254,2.7389070986890562,2.1322917391448155,2.5737965985211897,4.029799485421844,2.033571724718383,2.030868380847122,3.1842961612781115,2.749029618407207,2.1496388463732483,2.1275739380045424
899,3.2008167309290227,2.020978881494529,3.974843964142996,2.061460186145077,3.1978664595948576,3.1238160670053032,2.7068224162083743,2.4550702843300667,3.985549531166936,2.6465975882610073,2.052032352389029,3.4473651393448366,3.352726998525662,4.038033595904109,2.0479586463232544,3.4540717158855436,3.402404455470946,3.243099078487647,3.11645671029561,4.266716410479088,2.9634637677903415,2.7385846524661,2.1326125622170684,2.5729311046457797,4.030017006816765,2.033479981199558,2.030821452718258,3.1841881721594807,2.748415092517823,2.150314816379496,2.1282141549931692
900,3.202425189145604,2.0209235628605677,3.9728481732125878,2.0613424851436792,3.199419426296027,3.122574282858856,2.707398474565278,2.453671924425345,3.984421583249929,2.648861206905357,2.0518178220973042,3.4487532733783253,3.3485437011262578,4.041217522864609,2.0478907260362673,3.452414379067933,3.403498737557589,3.243617461561979,3.1161303845106008,4.267641123400719,2.9628244183026267,2.73823736948159,2.1329388483196943,2.5720650133060143,4.030245521160612,2.0333890568992126,2.0307746363187444,3.184061430935948,2.747784471153457,2.150989368740895,2.128869839202397
901,3.204065875174222,2.0208682695255655,3.97083117858563,2.0612239032119075,3.2009946217350684,3.121240552011346,2.7079956142888015,2.4522288393164833,3.983324846416684,2.651213012232252,2.0516045840443824,3.450179307706536,3.34424436330338,4.0445047299109955,2.047824384067262,3.450729460670951,3.4046157827115255,3.244175075261203,3.1158151878557874,4.268596816060778,2.962167599112373,2.737860025173603,2.133270487001805,2.5711952958183697,4.030482274421826,2.033298944447938,2.0307279311737645,3.1839162674758428,2.7471384083021704,2.151662321801979,2.1295418277680955
902,3.2057319735807694,2.0208129988824712,3.968791425081765,2.061104424872413,3.202589555896992,3.1198099154544177,2.708611056072178,2.450737817566737,3.9822511460915484,2.6536513738499865,2.0513926002025418,3.451641261305872,3.339823144047495,4.047892586162503,2.0477596396979036,3.4490154828106117,3.4057509246945186,3.244771076786273,3.115507786259598,4.269583663132516,2.961489614675457,2.737450442928343,2.133607472517918,2.5703218531271887,4.030727918330564,2.0332096487076994,2.0306813468101383,3.1837561780816523,2.7464790578842004,2.152333634132455,2.130231101215475
903,3.20741849309901,2.0207577503258616,3.9667300576791247,2.0609840503638273,3.2042101167228436,3.1182862320072253,2.7092480241044106,2.4491975981300356,3.9811956737937257,2.6561759649684844,2.051181832134138,3.4531365422347458,3.335272826870752,4.051377746883215,2.0476965052602942,3.44726874623037,3.406897103340158,3.245401274586153,3.1152011727015214,4.270599301283825,2.960784470371194,2.7370052937567073,2.1339497463556865,2.569443026281697,4.030981480101293,2.0331211724723217,2.0306348930159617,3.183586169554002,2.745809597086623,2.1530033127889823,2.130938614862021
904,3.209121344858043,2.020702524293778,3.964648129481906,2.060862788247122,3.205861207402065,3.1166698206872625,2.709906167439862,2.4476048788470868,3.980147858777199,2.6587838335534544,2.050972221312395,3.4546569485475587,3.330581441314875,4.054953386100747,2.047634977314346,3.445480699160465,3.408044381352068,3.2460609480232714,3.114888688777561,4.27164220126225,2.9600483674203426,2.736523645191719,2.134297317016369,2.5685587491634503,4.031243631761501,2.0330335219739366,2.0305885817498517,3.1834108539864028,2.745132735258071,2.153671345110753,2.1316653736623437
905,3.210837403944499,2.0206473214954315,3.9625472634176377,2.0607406512551187,3.207550866320126,3.1149644694604035,2.710587260106044,2.4459570867903455,3.9790981748056478,2.6614721904154672,2.050763705731138,3.456193941893521,3.3257376277615807,4.058612538478364,2.0475750538421758,3.4436439469200204,3.4091835961494197,3.2467453832566724,3.114563167771092,4.2727102180162,2.959277833261944,2.736004802168637,2.134650163601223,2.5676682367734553,4.031513804572169,2.03294669804368,2.030542422185767,3.1832343613867633,2.744450882032396,2.154337653579491,2.1324123365246406
906,3.2125638238526433,2.020592143324179,3.9604292123546,2.060617652698952,3.209286855766114,3.1131741526083547,2.7112935912569016,2.4442520806977557,3.9780380720972386,2.6642384849624907,2.050556232234626,3.457741853583625,3.3207345149107605,4.062350452105081,2.0475167423532388,3.44175404563679,3.410308361050683,3.247451852398032,3.114218544084834,4.27380151526131,2.958470348144388,2.7354487558881604,2.135008250089893,2.566770226433813,4.031790557490519,2.032860695529996,2.030496418141335,3.1830580542245506,2.7437647717984985,2.15500201092504,2.133180405195079
907,3.21429772714208,2.0205369903781434,3.958294242505853,2.060493798069311,3.211073816729758,3.1113000772108723,2.7120256226927824,2.4424872635748316,3.976957749424129,2.6670793795814562,2.050349747433703,3.4592962206008164,3.315568712021702,4.066163513572059,2.0474600601824138,3.439810385612183,3.4114160583887205,3.248180763825486,3.113851163588,4.274915434389351,2.957625695004241,2.734857202713788,2.135371557917441,2.56586381693291,4.0320722335387345,2.032775504203238,2.0304505688989867,3.1828808210788537,2.7430735877832677,2.1556640303629666,2.133970436187722
908,3.216036623472532,2.020481863139558,3.9561427221236958,2.0603690904757364,3.2129172697104202,3.1093466385147797,2.71278664408324,2.440661688703633,3.975851784072034,2.6699933649717607,2.0501442161299113,3.460858488855367,3.3102443378678457,4.070051970035896,2.0474050433270823,3.4378187368084037,3.4125091107451446,3.24893512476136,3.1134586197797818,4.276051307026735,2.956744306474117,2.734231986927057,2.135740028805664,2.5649469746013986,4.032355316494039,2.0326911050681638,2.0304048675190867,3.182699543337267,2.7423753997592852,2.156323156981449,2.134783205449374
909,3.217777432769304,2.020426761655446,3.953973536218757,2.060243523834652,3.2148175194666986,3.1073137611887782,2.7135772791297583,2.438773873113512,3.9747143648881207,2.6729784323003276,2.049939610229617,3.4624325339694084,3.3047697148002295,4.074017615309085,2.0473517360237867,3.435787689893685,3.4135933337125786,3.2497214044973983,3.113041459438641,4.277210383003902,2.9558294027044107,2.7335771485506357,2.1361136572476824,2.5640188533571906,4.032637368530662,2.0326074798044313,2.030359305707471,3.1825092238894017,2.7416670616717456,2.1569787426674583,2.135619500478424
910,3.21951777361099,2.02037168589867,3.9517859141602893,2.0601170921428507,3.216776981233752,3.105205636147895,2.714401801198359,2.4368241886982256,3.973544442703951,2.6760345438816984,2.049735912313074,3.464025244374401,3.299156924030326,4.078063777929665,2.0473001897933116,3.433728705701653,3.4146764164707473,3.250546144421894,3.112599875670257,4.278393154231427,2.9548841514394306,2.732896846002252,2.136492424162543,2.5630779387308285,4.032914782939657,2.032524605398595,2.0303138731860093,3.182305082932888,2.7409456193421455,2.1576300599192964,2.136480056740703
911,3.221254763830438,2.020316636007521,3.949578377001477,2.0599897859066143,3.2187938076057314,3.1030225327063805,2.715261552449423,2.4348121207918987,3.972339962159372,2.679160611074289,2.0495331012371962,3.4656414381373737,3.2934163411154453,4.08219164432598,2.0472504460353576,3.431650213399954,3.4157646727011346,3.2514166090657035,3.112135297322477,4.279601739306585,2.9539143493365976,2.7321975689431732,2.136876401924893,2.562125017717075,4.033186614879091,2.0324424682251117,2.030268565462601,3.182083630918686,2.7402087449144488,2.158276472669914,2.137365708447021
912,3.2229868554685757,2.0202616138821887,3.947351851417102,2.0598616095400772,3.2208711366205875,3.1007705949553817,2.716162397023316,2.43273917761557,3.9711038922415343,2.6823575154557386,2.0493311626051436,3.467286569270145,3.2875590080697332,4.08640233416912,2.047202537975888,3.42955788162652,3.4168613743653213,3.2523366787887005,3.1116462462433523,4.280836140233716,2.9529237863976263,2.7314848271234315,2.137265638500513,2.561159952015596,4.033450994357152,2.0323610527898346,2.030223378347416,3.181842468375903,2.7394549449344825,2.1589173492556197,2.1382772816406144
913,3.224711712696485,2.020206620924962,3.9451059939474358,2.059732559946274,3.2230076065788555,3.098451245142477,2.717106274638976,2.4306054074408965,3.96983628880394,2.6856236518469894,2.0491300591384713,3.468958212013402,3.2815878804443894,4.090690690458659,2.0471564737985246,3.4274505136746507,3.4179651336468133,3.25330893537592,3.111131041366817,4.282097473160778,2.9519183852728865,2.7307661662362843,2.1376602867206764,2.5601855637507347,4.0337096214136565,2.0322803583269513,2.0301783179754307,3.1815828894879563,2.7386846842284513,2.159552306539885,2.1392157308813253
914,3.2264290673176315,2.0201516623698836,3.942844762839518,2.0596026613789324,3.2252079510475498,3.0960718752044647,2.718099135604579,2.4284127448193984,3.968541611529273,2.688959426356321,2.048929764539432,3.470655160740611,3.2755077421702388,4.095052501381874,2.0471122513311486,3.425322435658273,3.4190694326094784,3.2543312089753753,3.110583996450272,4.283383858620378,2.9509009707138327,2.730047232667967,2.1380604470627245,2.5592032179088418,4.033962808517102,2.0322003791016394,2.0301333889939164,3.181306358283913,2.737898808559205,2.1601809020243983,2.1401819895607996
915,3.228136835987048,2.0200967413179294,3.940569382298997,2.0594719142535487,3.22747039876901,3.093633231826119,2.7191418373188116,2.4261613755974683,3.967220346099425,2.692361528196721,2.0487302214381833,3.472367313006547,3.269314969431822,4.099477122530871,2.047069848709358,3.423164397228999,3.420166021773122,3.255401943765954,3.1100002223209224,4.284694788769962,2.9498759059783706,2.7293348600316354,2.1384662867419393,2.55821672538102,4.034213884360161,2.0321211235514687,2.03008860458519,3.181017381629041,2.737099928561208,2.1608030227861708,2.141177086919959
916,3.229836331172445,2.02004186614658,3.9382862147870386,2.059340359868596,3.229799216810994,3.0911421383293263,2.720238665433092,2.4238534212942064,3.9658769777380334,2.695829379835692,2.0485313989753964,3.474090695575087,3.2630143675697685,4.103958889481273,2.047029249150333,3.4209666064350976,3.4212439080754753,3.256516031651292,3.1093715987054527,4.286026407960808,2.948844346455855,2.7286334255095754,2.1388778840335885,2.5572275148974173,4.034463515739775,2.03204258546538,2.030043970742848,3.180718510817722,2.736289620563106,2.1614182387937038,2.1422019773347882
917,3.2315255007733277,2.019987040299655,3.9359962901016075,2.059207985740077,3.232187957944453,3.0885954145401997,2.7213872287215275,2.4214889504242056,3.9645112693398987,2.699357393887815,2.04833322841341,3.47581270700536,3.256603123171261,4.108486355566775,2.046990430357341,3.4187222362227816,3.4222967755904135,3.257673539210712,3.1086936908250955,4.287377658127617,2.9478091874877608,2.727948123863535,2.1392953436346853,2.5562391854835593,4.034714925220708,2.031964773512938,2.0299994993730635,3.180413898268689,2.735470724632204,2.162026550494844,2.1432576433237
918,3.233207974485264,2.0199322754513584,3.9337080762735592,2.0590748492737365,3.2346387907594596,3.0859991634297828,2.722590408444911,2.4190709439771396,3.9631290075718315,2.7029453837563744,2.0481357011786425,3.4775363768409124,3.250097634370451,4.1130598208384,2.0469533963051947,3.4164285844873836,3.4233179824520032,3.2588714995681913,3.107959228802547,4.288743238256567,2.9467695008429615,2.727280891361618,2.139718633804954,2.5552512414535498,4.034966554137944,2.0318876671816386,2.0299551874526105,3.180102827509406,2.7346430872789598,2.1626272175105434,2.1443449238593035
919,3.234880632116336,2.0198775723178564,3.931419249288921,2.058940904002763,3.2371367130367554,3.0833443009438373,2.7238416755012205,2.4165992538574717,3.9617290941018357,2.706585140733384,2.0479387412521213,3.479249464478501,3.243499120309937,4.117668972803311,2.046918145141632,3.414089868372484,3.424311374866191,3.260117053427388,3.1071684411447884,4.290123584156009,2.945728051257582,2.7266355311972594,2.1401477772261295,2.554267018616639,4.0352212225575546,2.0318112736197858,2.0299110431463063,3.17978802463051,2.733809033013663,2.1632203120177245,2.1454647023167546
920,3.236551979670996,2.0198229478039287,3.9291427947368787,2.0588062439426396,3.239685736570145,3.080641026337515,2.72514593975482,2.414078796048868,3.9603207876552537,2.7102790702397757,2.0477423806046393,3.48096732274502,3.236840987288707,4.12232400324859,2.0468847128812073,3.4117125111952102,3.4252758823605456,3.2614092047085874,3.106315230436068,4.291511723797942,2.9446813896394723,2.7260112234260294,2.1405826001123973,2.5532829312312133,4.035473745548696,2.031735550657987,2.029867050690925,3.179463993814956,2.732965699267453,2.1638045323075707,2.146617661915156
921,3.2382145538244504,2.0197683970705853,3.9268694061375813,2.0586707660615526,3.2422592750955834,3.077872096101409,2.7264916457069446,2.411508605347999,3.9589002634537627,2.714014277120286,2.0475465209927326,3.4826715326552726,3.230118547089754,4.127009463975398,2.046853099717486,3.4093090363785854,3.426225444644873,3.2627632479341866,3.105406573229717,4.292911916968503,2.9436343143860504,2.725412551715201,2.141023157096225,2.55230444502034,4.0357295946272504,2.0316605194834354,2.0298232238789864,3.1791356778511375,2.7321168703186665,2.1643803688531715,2.1478046331386724
922,3.2398866515845306,2.0197139462319433,3.92462358167253,2.0585346559730437,3.2448760268735453,3.0750639684107686,2.7278935939578464,2.408897327781163,3.9574850366987153,2.7177997134305953,2.047351245764817,3.4843908495410267,3.2233832316388784,4.13174679256298,2.046823359385823,3.4068854352774736,3.4271553783174538,3.26417215106353,3.10443237022764,4.294312547171611,2.9425786295035596,2.7248345789115724,2.1414690757536454,2.551323355001366,4.035978269194491,2.0315861077863904,2.0297795325652888,3.178792605429459,2.7312566050542206,2.1649456504478315,2.149026156248454
923,3.2415487624667274,2.0196595791442657,3.922381358242103,2.0583976980687906,3.2474879228214384,3.072180387912624,2.7293282175618656,2.4062404438611864,3.956060029347133,2.721610491568065,2.0471563790973537,3.4860823738545146,3.2166012444925536,4.136500730210844,2.0467954451409995,3.4044539492338926,3.4280859570561506,3.265660266306076,3.1034092164994536,4.295726347343242,2.9415265998089186,2.7242883920706387,2.1419207394173383,2.5503529408907033,4.03623523535215,2.031512388623832,2.029736018329897,3.1784501212038467,2.730394789052462,2.1655022209656325,2.1502831847047945
924,3.2432380223358743,2.0196053413641906,3.9201925965956264,2.0582602816867976,3.250151394883386,3.069285716685573,2.7308339864894515,2.4035538939906615,3.954660470986744,2.7254711006493744,2.0469621087345407,3.487799793909578,3.209855077872841,4.1413129087361344,2.0467694252168465,3.4020085088357597,3.428994586523687,3.267201077539402,3.102313105553961,4.297129611225003,2.9404591556458506,2.723760241057381,2.142377356845752,2.549375285926834,4.036478577328709,2.031439227278585,2.0296926220504434,3.178088424951308,2.729519602703545,2.166046097848292,2.151575975339375
925,3.244907329854203,2.0195511890494933,3.9179995130217433,2.058121925404342,3.252769850247514,3.066296680502629,2.7323568605029056,2.4008238776834547,3.9532450227055365,2.729329910557438,2.0467680717172594,3.489445679255434,3.2030468083340624,4.146105425703482,2.046745151974683,3.3995586165643448,3.429913086650507,3.2688374745590036,3.1011790860873125,4.298553031593246,2.939405208094962,2.7232761449622913,2.1428400763187074,2.5484208988900634,4.0367454240467815,2.0313668105927114,2.029649444083396,3.177743490658966,2.728653404288562,2.166582248371698,2.152905883789495
926,3.246632272360026,2.019497209519772,3.915903505039705,2.057983436933122,3.2554743547913922,3.0633512434347034,2.7339817704374734,2.3980800966703186,3.9518835233771283,2.733245895708494,2.0465747064338755,3.4911385496468776,3.1963353803411714,4.150969622583052,2.0467227610200127,3.3970806243192473,3.4307850669659565,3.2705046786854677,3.0999537227755622,4.299946639351346,2.938322301225681,2.722802699401144,2.143307137769838,2.547449259488438,4.036986401532802,2.03129485648792,2.0296063532725093,3.1773710534818855,2.727769653892026,2.1671024675766395,2.1542724561670665
927,3.24830948750075,2.0194432991575963,3.913775823583448,2.0578437719454623,3.258070482413273,3.06027146628058,2.7355939399280746,2.395291488854898,3.950488167583181,2.7371177097812573,2.0463812949746196,3.492683258898283,3.189508317453562,4.155752194987602,2.046701961344854,3.3945979147195584,3.43168194294409,3.2722930695221057,3.098714135160405,4.301378932296951,2.9372746817340856,2.7223958241725756,2.1437811602299273,2.54652418157213,4.037280304572665,2.031223771937068,2.029563558379578,3.1770460899740924,2.726913465656236,2.167617934612539,2.1556778991649233
928,3.2500823582191227,2.0193896193658336,3.911803783245781,2.0577044391536226,3.2608024483305273,3.0573040187622524,2.737345414144612,2.3925059531414163,3.9491727015884424,2.74105913407065,2.0461887068836466,3.4943124080677443,3.1828597846269577,4.160631501615709,2.0466830157988865,3.392051448624473,3.4324820420790383,3.2740668511462885,3.09734918710204,4.3027500579299645,2.9361710457185044,2.7219816123291904,2.144258423284985,2.5455616666461727,4.037523489120423,2.031152987498651,2.0295207853417936,3.1766693823056826,2.7260283685579747,2.168112409649645,2.1571202216835963
929,3.25177932329777,2.019335987460118,3.9097710192526893,2.057563700245194,3.263373831884827,3.0541804358055966,2.7390681841785955,2.3896815607041075,3.947828712413688,2.744924850443184,2.0459958726202037,3.495745614947875,3.1760678623483454,4.16538340619634,2.0466655740479114,3.3895317577304525,3.4333480477478213,3.2760020788001083,3.0960072501489586,4.3041846277384,2.935132575668394,2.721659631728419,2.144743581864195,2.544669271900205,4.037850949210388,2.0310832089822646,2.0294783863420642,3.176377647378689,2.7251902970973156,2.168605315718348,2.1586032178434422
930,3.2535731155974417,2.019282604822259,3.907902551636561,2.057423367660271,3.2660491760103434,3.051156707918977,2.7409117496784705,2.3868599326836404,3.9465395845368865,2.7488348819835906,2.045803822765392,3.497243738589584,3.1694668159060546,4.170209627901625,2.046649869769925,3.386915942246355,3.4340872856531797,3.2779015736803956,3.094529411133724,4.305547491506825,2.9340275665962667,2.721327696506087,2.145231603051269,2.543735865510842,4.038122566347095,2.0310136641217347,2.0294359896289476,3.1760184718335323,2.724320023134575,2.1690750712972404,2.160123092891385
931,3.2553378195703475,2.019229326237755,3.9060325739547284,2.057282132914696,3.2686312439029366,3.0480697001979404,2.7427799237640302,2.3840254656412,3.9452713900643124,2.7526956577110093,2.0456117609426587,3.4986266274924347,3.1628517615370106,4.174966574118224,2.046635758023623,3.3843295857095312,3.4348669259262063,3.2799220637692073,3.0930414876744603,4.30693596921631,2.932949644482587,2.721056861181905,2.145725626261279,2.542839462340715,4.03844099010737,2.030944913393625,2.029393860961367,3.175712523707248,2.7234811393861778,2.169537422997667,2.1616833146954573
932,3.2571106279182245,2.019176211765803,3.9042206103921187,2.05714049680555,3.271156018894042,3.0449622074210634,2.7446884541790015,2.3811827878966896,3.9440264248667742,2.756526199099376,2.045420022702112,3.499966142416176,3.1563115838376032,4.17969335861082,2.0466232388794974,3.3817250715013785,3.435629914047468,3.282013253697595,3.0915137281607326,4.308323813813001,2.931878315734827,2.7208343769965055,2.146224949265717,2.541959324040424,4.038777714308159,2.0308767502992193,2.029351912779695,3.1754119573712876,2.7226485887091356,2.169985580045944,2.1632833897531647
933,3.2589448767232723,2.019123316202148,3.902527471680243,2.0569989411440854,3.273710526247723,3.0419284509646665,2.746700707613208,2.3783533832835206,3.942837734067127,2.760359062140608,2.045228817161806,3.5013327487564956,3.1499540645070647,4.184447463824546,2.0466124009512123,3.379086063023632,3.4363283960102935,3.2841107363942124,3.0898932976930427,4.309659899175625,2.9307567794276923,2.7206158753488516,2.1467271785424527,2.5410514890935136,4.039078703847575,2.0308089096020736,2.0293100140884635,3.175071065378452,2.7218023217991365,2.170412937118534,2.1649205001375713
934,3.2607175118046583,2.0190705178726387,3.9008038737486403,2.0568563678680865,3.2760808693779166,3.038784181342594,2.7486867339069705,2.3755121057023505,3.941644567713986,2.7640960199670697,2.0450374902477573,3.50256176523307,3.143594861838925,4.189096517209297,2.046603026499723,3.3764893363920376,3.4370945582177894,3.2863543752240334,3.0883025134377116,4.311044601106145,2.92968849394481,2.7204802764097558,2.1472361059741836,2.5402003620870954,4.0394557962731445,2.0307419324951157,2.0292684308989366,3.174796953707476,2.720994895893206,2.170833412418831,2.1665995794964923
935,3.2625659129192606,2.0190179648063897,3.8992251467995853,2.0567141054210585,3.278497589049441,3.0357644738561795,2.7508034538146107,2.372696308565728,3.9405340900528483,2.7678424692853225,2.0448468964485547,3.503859238626722,3.137456211031803,4.193770986840425,2.0465952755694903,3.3738537428909448,3.4377885803548436,3.2885859921429135,3.08661790992587,4.312371347896752,2.9285662276636835,2.7203437440578755,2.1477476068341366,2.539314851583363,4.039786521887235,2.0306752089227467,2.0292268847098165,3.174477880886455,2.7201726450775974,2.17123024818603,2.1683155651233568
936,3.264399654278563,2.0189655612251194,3.8976681470895347,2.056571309065662,3.280786862264797,3.0326984169529756,2.7529287948612016,2.369884775030246,3.9394188626023405,2.771505783828448,2.044656390124162,3.5050774713013255,3.13141918388634,4.19838207607218,2.0465889788575407,3.371233367792541,3.438502493868175,3.2909058329423013,3.0849337309479523,4.313710663204869,2.9274636385556407,2.7202742938113778,2.148264677796076,2.5384587122150837,4.04016318332237,2.03060913321814,2.0291855637053278,3.174185697850768,2.719370898193887,2.1716133048839867,2.1700711465839153
937,3.266229236258452,2.0189133291949917,3.8961607658164628,2.05642817438633,3.2829889992905428,3.029650166677542,2.755108167557604,2.367093112890373,3.938352169774576,2.775103431275455,2.0444661417459713,3.506240605480239,3.125473900276018,4.202916113614938,2.0465840628529612,3.3686177164356166,3.43923014659939,3.293298861585712,3.0832424216328906,4.315061354173145,2.926379630264387,2.720257096970731,2.148786793380782,2.5376278739979297,4.040576520933289,2.0305436984420715,2.029144480668967,3.173934932548673,2.7185983066136545,2.1719827681756754,2.1718675751770067
938,3.2681280090211535,2.0188613431709883,3.894783987717993,2.0562853809531467,3.2852116551476698,3.0267245591517664,2.7574102657051496,2.3643377744551084,3.9373503471877216,2.7786765281174217,2.0442765070651885,3.5074425692882274,3.1197465695738424,4.207440092553693,2.046580576466283,3.365955891193612,3.439887959716088,3.295671697253903,3.0814771306604163,4.316359947989795,2.925247800050407,2.7202459552055593,2.1493114580825416,2.5367704143515084,4.040961084593343,2.0304785589886887,2.0291034711413123,3.173655924081121,2.7178225268550764,2.1723283972625778,2.1737003267428863
939,3.269983347643806,2.0188094936162795,3.8933979217448877,2.056141955946942,3.287247263701792,3.0237187391732636,2.759677052117514,2.36158949526823,3.9363093082744287,2.7821164072066953,2.044086795378042,3.5085099245230422,3.114077592938866,4.211842740216282,2.046578268779927,3.3632974837166882,3.4405779943474792,3.2981394568263704,3.0797492563786166,4.317694133255504,2.9241605663324863,2.7203232534439126,2.1498426630291934,2.535965766439001,4.041428426423209,2.0304141941737193,2.0290627700816666,3.173437726338776,2.717084339059844,2.1726620344821836,2.175573088891602
940,3.2718962904379962,2.0187578839451574,3.892137728681549,2.0559988084246736,3.2892918594603646,3.0208493163010455,2.762066716425884,2.3588863151781636,3.93535852515745,2.785517812584989,2.0438976811115985,3.509598754548805,3.1085771926265053,4.216191930599187,2.046577232076111,3.3606024974471955,3.4412175321588108,3.300590530537769,3.0779660495374803,4.318993244919399,2.9230397387875877,2.7204048286283093,2.1503764973283914,2.5351459713051527,4.041879038364183,2.0303502071730453,2.029022207582092,3.1732248689876346,2.716362060741611,2.1729747193173505,2.177483300255003
941,3.2738185360073544,2.0187064661859404,3.8909252200262125,2.055855567394353,3.291227888652066,3.017993905369929,2.764480426336146,2.356210397535692,3.934403328367468,2.788822388624437,2.0437088713451677,3.5106571507120408,3.103255815109393,4.220477291121888,2.0465774318046854,3.3578953198871586,3.4418387216094923,3.303057347531418,3.07616976698144,4.320276307456664,2.9219080976846543,2.720527736806815,2.1509143593490894,2.5343314004508493,4.042352945807707,2.030286685339005,2.028981816923965,3.173015825367272,2.715653192855009,2.1732669653752263,2.1794296606822536
942,3.275725141976554,2.018655218363043,3.889740625442055,2.0557120298358096,3.2930262721551093,3.015135719868807,2.766898445460193,2.353562873156039,3.9334591540188404,2.792014604341203,2.043520284635926,3.5116534212688704,3.0980461324088973,4.224656992868183,2.046578772036512,3.355209081058064,3.4424922718619095,3.305579078388112,3.074401341916539,4.321577239526373,2.9208004336047804,2.7207111493629608,2.151457356817183,2.5335454326515836,4.04287547885772,2.030223784164817,2.0289416826302915,3.1728515382408444,2.7149778461952034,2.173543230503792,2.181413879720926
943,3.2776975365572336,2.0186042174170655,3.8886787119749324,2.055568881793586,3.2948197512548445,3.012416261669935,2.7694222782780145,2.350967033138732,3.9326010463843746,2.795158778395302,2.0433324094047056,3.5127087491456166,3.0930527837726065,4.228791576930402,2.0465813386616354,3.3525114630279726,3.4431115004988806,3.308067518473708,3.0725913830176106,4.322839110895267,2.9196522704968197,2.7208909349797494,2.1520023716226864,2.532734569163881,4.04337048268436,2.0301611707505893,2.0289016556494848,3.172673687091854,2.7143105643925307,2.17379483059046,2.1834328231592455
944,3.2796426724557213,2.018553371786074,3.8876068793795353,2.0554253963784737,3.296431271849424,3.009656204810305,2.771909463275101,2.348398241920467,3.9317065227046846,2.798166056268885,2.0431447218479653,3.5137069854927283,3.0882199515614017,4.232832132600214,2.0465850250706574,3.349849437647417,3.443768886357264,3.310595623973419,3.070819213820334,4.324110581980444,2.9185189778130716,2.7211336328136984,2.1525524626917085,2.531948166920067,4.043919130887056,2.0300991151320122,2.028861863213332,3.172523391458122,2.7136658225157966,2.174026962101438,2.1854860743100177
945,3.281620077967921,2.0185027450138238,3.886623204483515,2.0552820880771985,3.2979871359222805,3.006993845945723,2.774462436910178,2.3458812597766046,3.930888866852037,2.8011001234705786,2.0429576593066376,3.5147321876705977,3.083553494299637,4.236790913031728,2.0465898070536355,3.3472092299713676,3.444440112234136,3.313118690710241,3.0690516073623035,4.325373922012698,2.917378184900337,2.721394367044338,2.153105860571136,2.5311600962454572,4.044469348642319,2.030037477341369,2.028822259697968,3.1723927244593386,2.713044869243121,2.174237339822021,2.1875740428268053
946,3.2836307461087255,2.0184523331578483,3.8857072444729828,2.0551389691893536,3.2994686705458403,3.0044058314184223,2.7770573592691017,2.3434128715523097,3.9301030262488257,2.803942392397469,2.042771156834128,3.5157696206045332,3.079076859932276,4.240673493967558,2.046595633191612,3.3445795668206975,3.44511389969007,3.3156218033975,3.067290500524264,4.326620578855414,2.9162222362501455,2.721676899911021,2.153662500687982,2.530367588797026,4.04502562749156,2.0299762117331746,2.0287828277621753,3.172267269062073,2.7124399462000506,2.174423463840482,2.189693925467634
947,3.285629563110393,2.0184020925539445,3.884797761870449,2.0549957174512667,3.3008046702511242,3.001821226156693,2.779633975824884,2.3409850771751137,3.929301580551424,2.806652433011275,2.0425849757354113,3.516755240445984,3.074741458843477,4.244445418192806,2.0466023863918656,3.3419759256376103,3.44582494733712,3.318134994965382,3.065575331624566,4.327876468607393,2.915079915056603,2.7220110818254373,2.154223990040785,2.5295971561983057,4.045630298478974,2.0299154767214973,2.0287436508032277,3.172178489039477,2.711862538026409,2.174588556061205,2.1918455159641845
948,3.2876882730399215,2.0183520952775127,3.884004492899809,2.054852933112744,3.3021348779459805,2.999384760500739,2.7823033079915795,2.338622418878761,3.928599270325056,2.809302412844556,2.04239959181221,3.5177881882672213,3.070572748374225,4.248132400680554,2.046610070612593,3.3393735438195815,3.4465286277450606,3.320595647192925,3.063855953487394,4.32911128921908,2.9139153288867856,2.722341045765765,2.154788054311763,2.528814473111444,4.046220342494413,2.0298550832680564,2.028704657759913,3.1721052115087933,2.7113078309411316,2.174728699974197,2.1940283512905547
949,3.2897392041213247,2.0183022759588685,3.8832212063519247,2.0547101375237657,3.303328110982309,2.9969542817103916,2.7849461707654233,2.3363032743259,3.9278676300489725,2.8118184419012673,2.042214596585829,3.518767806131092,3.066540642661792,4.251705259879026,2.0466185689010628,3.3367867341114095,3.447259629510346,3.3230446398369593,3.0621868384882807,4.330352127958635,2.912764760441369,2.7227222787650227,2.1553570760837095,2.5280538208891272,4.046858360349976,2.029795188033668,2.028665924267875,3.1720664010059685,2.7107801804435563,2.174845855397219,2.196239482593535
950,3.29181509653294,2.018252667580415,3.882498122869784,2.054567613927231,3.304456060881182,2.9946020795174055,2.7876156177643097,2.3340412499823087,3.927171844869689,2.814236323234702,2.0420302311270273,3.5197426229116204,3.062652364637829,4.255174566384397,2.0466278535032654,3.334202828725711,3.4479991730760724,3.3254473706166343,3.060543220450962,4.3315839096241815,2.9116047655127444,2.7231155747500724,2.1559294692961406,2.527294477517085,4.047508238246486,2.029735688613985,2.0286274071900023,3.1720464880750336,2.7102739761213552,2.1749381878964518,2.198478392091173
951,3.2939277814670738,2.0182032795842533,3.881852036713855,2.0544254555814647,3.305544915375712,2.992355665005976,2.7903308422585162,2.3318422444187323,3.9265362154055037,2.816572426112168,2.0418466028020736,3.520734119430425,3.0589074752340912,4.2585441019372166,2.0466379155942374,3.331631299539407,3.4487499599633233,3.3277936243997184,3.0589221030971716,4.332802948249311,2.9104327151579525,2.7235113247248752,2.156504932219263,2.52653160030158,4.04815832009249,2.02967655808637,2.0285891049963385,3.1720494003828215,2.709793338553826,2.175005075870673,2.200743523765624
952,3.2960195985621876,2.018154061088992,3.8811992587325257,2.0542832924029093,3.306481904581305,2.990095745337645,2.7929874558695027,2.3296879837654814,3.9258597327649776,2.818772215137802,2.0416634627072545,3.521680689521903,3.0552943658998117,4.2617982684516695,2.046648679621994,3.3290834608092625,3.4495391107716045,3.330114485094849,3.057365661726976,4.334030586791792,2.9092764917068945,2.7239509907424715,2.157085380718547,2.5257915607570336,4.048856295468761,2.0296179070151554,2.028551074319228,3.1720850933402525,2.709338918508254,2.175047592164775,2.203032517362879
953,3.298158551243743,2.0181050710229327,3.8806333510542426,2.0541416206765235,3.3074058298338977,2.987958280859789,2.79569798302259,2.327602162250618,3.925263404737665,2.8209102100542065,2.0414812275057796,3.522681186819259,3.05184672106626,4.26497077632664,2.0466602096096937,3.326556026989036,3.4503379299490047,3.332352737241877,3.0558226603598215,4.33523224981572,2.908084438508048,2.7243607132358902,2.1576675261628604,2.5250300350378443,4.049527306726059,2.0295595171014877,2.0285132142576865,3.172119072387322,2.7088974998026165,2.175061737313522,2.205343550916648
954,3.300280240068898,2.01805625450904,3.880071370090752,2.0540000252290116,3.3082036913575,2.9858312545738332,2.7983647779036067,2.3255687648697174,3.924665990413401,2.822937159592281,2.0412996420373664,3.523664191349689,3.0485236877402815,4.268033180745199,2.046672411441147,3.324071372148042,3.4511906843901663,3.334557401430761,3.0543466724500767,4.336442106213347,2.906903469400404,2.7247939912134016,2.158254033589015,2.5242854783467976,4.050231005916556,2.0295015757439296,2.0284756236027226,3.17218752115358,2.708483508840688,2.1750508845711964,2.2076756006810543
955,3.302414788226854,2.0180076361251373,3.879544415523635,2.0538587389355776,3.3089253568419714,2.9837595980908,2.801024053821583,2.3235949620020246,3.9240908338779663,2.824879429434748,2.041118893626536,3.524678369213601,3.045364693683405,4.271011561560206,2.046685313601207,3.321619424464617,3.4520728574373587,3.3366932480907474,3.052914260319751,4.3376389223030625,2.9057079900867833,2.725224444301946,2.1588436409720653,2.523537507683275,4.050936943238128,2.029443954302474,2.028438244906458,3.172262607666208,2.708085454580372,2.1750114529650206,2.2100253621172024
956,3.3045679125510787,2.0179592204562553,3.879069114310933,2.0537178216480174,3.3096075023611755,2.9817731886224226,2.8036976820296835,2.321686442472035,3.923570941579412,2.826752877141903,2.0409390345239986,3.525721584141959,3.0423429797103894,4.273900400269856,2.046698869943648,3.319204348851077,3.452989091565659,3.338752084700269,3.0515221352398543,4.3388225116924986,2.90449249442003,2.7256340167758126,2.1594358535942817,2.522782065287694,4.051632816889242,2.0293866444278486,2.028401085619751,3.1723502589762527,2.707704315400264,2.1749437948748556,2.2123915313263294
957,3.3066866359307285,2.017910969052813,3.878581621430881,2.0535769923899725,3.3101559621268413,2.979777628267602,2.8062996105860565,2.319828438123795,3.9230271758663964,2.828514276556635,2.0407598759946963,3.52672907728971,3.039425884471802,4.276677421767525,2.046712959209307,3.3168215003759602,3.453956360267016,3.3407639855876408,3.0502082405693844,4.340017526797789,2.9032959275001895,2.726068539959307,2.160033028739864,2.5220513519192034,4.0523687127787875,2.0293297831186163,2.028364225286866,3.172474836089619,2.707349565782369,2.174849885092374,2.2147728198266297
958,3.3088421627670073,2.0178629360213796,3.8781643816670845,2.0534367185687556,3.3107053395055397,2.9778983984663983,2.808943716252665,2.318040774269801,3.9225463313142983,2.83022883728797,2.0405817452458552,3.527786915050278,3.0366615416183493,4.279382144435312,2.046727657922087,3.314462332578985,3.4549351228770746,3.3426697640271623,3.0489227019026006,4.341184476107051,2.902068896131401,2.7264694301433896,2.1606322538370804,2.5213029443648916,4.053077139756846,2.0292731504518815,2.0283275600090533,3.172598120698257,2.7070079879005404,2.1747249414849548,2.2171644061734983
959,3.310960711400368,2.017815067742316,3.8777428540887686,2.0532965847960245,3.311148793725736,2.9760209794168846,2.811522620526601,2.3163065567340158,3.9220539782235306,2.831842332773342,2.040404359771916,3.5287976671168586,3.0339733019146813,4.281970829238123,2.0467427826807842,3.3121261998531635,3.4559607666777308,3.344517889870711,3.0477168085920336,4.34236369478131,2.900860445213562,2.72688498531368,2.161236422945238,2.5205800414586315,4.05382186393444,2.0292169704371696,2.028291208999183,3.172761517326559,2.7066930162985283,2.174573938031369,2.2195673243622838
960,3.3130885940205888,2.017767397420638,3.8773628114809906,2.0531569010020085,3.3115679323348033,2.974221511329869,2.8141051958628793,2.3146359553741918,3.921587803745596,2.8333930355705834,2.0402279225902604,3.5298111316539864,3.0313969618758447,4.2844716007407815,2.0467583818157706,3.309803605519736,3.457001906284977,3.3462674445471086,3.046556956287808,4.343526057760211,2.8996396709770487,2.7272813250326964,2.161843708109722,2.5198550143660703,4.054559550677011,2.02916107982351,2.0282550997974442,3.1729369599246313,2.7063952365779658,2.174392909970782,2.2219766150915197
961,3.315206852698355,2.017719914095378,3.8770097201419973,2.05301758936769,3.3119431571006004,2.9724744428978185,2.816667264353881,2.3130255194555334,3.9211329431642845,2.834874887231053,2.040052408714012,3.530813095404914,3.02892015247735,4.286882241294572,2.0467744182347287,3.307498187224711,3.4580663413533506,3.3479271346202726,3.045453111149139,4.344678079115128,2.898414653443602,2.727663962871649,2.1624545683865524,2.519134706845371,4.055299343809812,2.029105511493359,2.0282192535832078,3.1731297489571535,2.7061162458499677,2.174182598251585,2.2243902948064167
962,3.3172898506836486,2.0176725991072573,3.876660802114282,2.0528785162370475,3.31224534961995,2.9707438476949797,2.8191744497852964,2.3114702561103906,3.92067173980995,2.836276654719151,2.0398777559322094,3.5317766500535344,3.0265170636762946,4.289192606996709,2.046790831727081,3.3052141850065286,3.4591685308866467,3.349511892587482,3.044420392370884,4.345831504745549,2.8971973140922307,2.728040312107297,2.1630696203758295,2.5184297172864887,4.056055350693148,2.0290503200622574,2.0281837004392513,3.1733481352571618,2.7058572746134866,2.173944461096735,2.226807035584136
963,3.319384380519103,2.0176254833627523,3.876357662745885,2.052739958189674,3.312548450555892,2.9690998355430636,2.821693069223289,2.30997930000926,3.9202419715676498,2.8376370874858763,2.0397041718023097,3.53275958747932,3.024230110028048,4.2914343435145526,2.046807702667313,3.3029517725001574,3.4602819918113,3.3509847351731294,3.043425065334625,4.346956814516465,2.895953996809436,2.728373533492909,2.1636867508002027,2.5177105177238994,4.056781726807333,2.0289953360156483,2.02814836070357,3.1735610949200863,2.7056074829162906,2.173674595371927,2.2292212261292708
964,3.321423807950766,2.017578520780127,3.8760339958896664,2.052601552668697,3.312750129416598,2.967439751417489,2.8241247946540793,2.308537323574931,3.9197738389989465,2.838913107776606,2.039531448495808,3.5336923047387296,3.0220144290749618,4.2935825634501334,2.0468249259427047,3.300719666907805,3.461441695689486,3.3523914152878915,3.04250947977356,4.348085417637313,2.8947249072199,2.728705749783101,2.1643084392193925,2.5170119533315507,4.057530689852057,2.0289407322511672,2.0281133251254584,3.17379974966585,2.7053773309489952,2.173376826319332,2.2316329372227797
965,3.32346352688541,2.0175317496983274,3.875751060775414,2.052463617240589,3.3129494094097565,2.9658535036360485,2.8265578860773264,2.307158197112868,3.919341787086622,2.8401576287686425,2.039359837924186,3.53464662119186,3.0199049648668206,4.295669307255821,2.0468425998058235,3.2985259570063605,3.4626303677582317,3.3536980561960656,3.041639128600405,4.3491909044940265,2.8934733811545525,2.728987301018728,2.164932156314864,2.516300378403412,4.058246095554878,2.0288863411816656,2.0280785130253385,3.1740328369364947,2.70515482467681,2.1730480456549777,2.234037849916462
966,3.3254583734677157,2.017485136978316,3.8754536273494686,2.052325917944419,3.31307386520019,2.964271776794195,2.8289277248905265,2.3058301786062625,3.9188796710254197,2.841339056783018,2.0391891926001238,3.5355723888073394,3.0178842213864767,4.297681929514214,2.0468606475379896,3.296367811631397,3.463860666051076,3.3549307656097014,3.0408403049083605,4.350289165489324,2.8922281288061518,2.729256268138241,2.165559785795018,2.5156003158658757,4.058968332162799,2.0288322600989246,2.0280439836520374,3.1742804432153076,2.704947901140219,2.1726899702949773,2.2364336000402543
967,3.327428821955114,2.017438698500922,3.8751724982045985,2.052188575320688,3.31316830289163,2.962730017787464,2.831269245725209,2.304559150496098,3.918429653948897,2.8424828509965354,2.039019620574898,3.5364936810691945,3.015948435837089,4.299628304674785,2.0468790702208715,3.2942453563703924,3.4651260545993603,3.3560785379510616,3.0401001653576785,4.35137412526374,2.8909781882381305,2.7294902670977836,2.1661904804571375,2.5149015052202066,4.059675497303026,2.028778444254257,2.028009719462114,3.174535292681229,2.7047533548841307,2.1723024023495308,2.2388182713842335
968,3.3293709719101576,2.0173924304546733,3.874902616243234,2.0520515881548396,3.3132379036185613,2.9612310047154127,2.8335871108560347,2.303344074634017,3.917984167871507,2.843592410486755,2.0388511220152137,3.537404959501198,3.0140969874990415,4.3015117762487645,2.0468978472582378,3.292155775718983,3.4664216117713478,3.357139867154279,3.039417449921766,4.352442819069507,2.8897246617594763,2.7296914534335337,2.166824313803037,2.514203816176881,4.060367591765019,2.0287248851158814,2.0279757218813677,3.1747972491880496,2.704571611491938,2.1718852840621503,2.2411885005552805
969,3.3312618838702233,2.0173463201306854,3.8746209223049655,2.0519148653393815,3.3132478492430337,2.9597381394488806,2.8358461858577124,2.3021782917855305,3.9175097799002554,2.8446510954312774,2.0386836323839885,3.538275477476707,3.0123115783176115,4.303323734105962,2.0469168978219145,3.2900852253878328,3.467741583542172,3.3581226588596897,3.0388000575914975,4.353502586194435,2.88848274908447,2.729877562512724,2.1674623016100885,2.5135200423822557,4.061064142026763,2.02867163113108,2.027942026385908,3.175076637216451,2.704407196651985,2.1714398554069883,2.243542691712191
970,3.3331386286815974,2.0173003900615574,3.8743719391127005,2.0517785909981265,3.3132731748180246,2.9583152415095424,2.838110593236177,2.3010708708207113,3.9170621065127915,2.8456939770648755,2.038517266381959,3.539133825970356,3.0105930151421534,4.305076228093089,2.0469362452938036,3.2880343048704144,3.469072073458338,3.3590054203829722,3.038224488571231,4.354538714963931,2.8872309176298003,2.7300157089473247,2.1681027957570413,2.512830351569716,4.0617293873859746,2.0286185940002066,2.027908592345474,3.1753597430437788,2.7042547229489404,2.1709653337344306,2.24587751703282
971,3.334946100996046,2.0172546065618877,3.874096293375375,2.0516425043586333,3.3132221952392635,2.9568761404151713,2.8402970260156817,2.300007724987413,3.9165667627215397,2.8466818258730124,2.038351878512764,3.539928713686865,3.0089206239177027,4.306753706274143,2.0469557895867307,3.2859922280290603,3.4704212968771495,3.3598165005972622,3.0377169579568313,4.355569767592774,2.8860017545198877,2.730149220012269,2.1687481590742403,2.512163027998396,4.062410062331544,2.0285658928268853,2.027875486902842,3.1756675796812264,2.704122544462594,2.1704640945947853,2.2481920260344372
972,3.3367450550808986,2.01720900489163,3.8738557890526715,2.051506895164754,3.3131970273789806,2.955511307713027,2.842496967943535,2.299000979672037,3.9160928246268503,2.8476626332380843,2.038187654811081,3.54071781966604,3.007319330439203,4.308382502234825,2.0469756215644175,3.283967620799901,3.4717702820980585,3.3605244959431966,3.037241990266809,4.356569611317838,2.884759543363433,2.7302303379088055,2.16939569410648,2.511484839294173,4.063050449384896,2.0285133689497195,2.027842632394807,3.1759724269862497,2.7040005856676714,2.1699338418225973,2.2504811977184245
973,3.338471143538644,2.01716354579392,3.873587163041367,2.0513714480464067,3.3130944186697,2.954120389958283,2.844611291505288,2.298035642825806,3.9155694931560117,2.84859241037766,2.038024413680244,3.5414351190220614,3.0057500603640497,4.309938007829939,2.046995617332788,3.28195360975306,3.4731396378355077,3.3611688404997735,3.036833369554423,4.357565628652994,2.8835427988636653,2.7303031163757536,2.170048005200957,2.510829689270784,4.063703651690373,2.028461177482931,2.0278101136914266,3.1763022149853932,2.703898703379136,2.1693783151537227,2.252746149985087
974,3.3401855991574574,2.0171182633740763,3.873344088401168,2.0512364404383376,3.313009849589129,2.952792239276519,2.8467359759398088,2.29712396126642,3.9150615977692933,2.849520260210503,2.0378623596070264,3.5421539001953284,3.0042592482460746,4.311454553799144,2.0470159139217725,3.2799663072776957,3.474512750936599,3.3617197913819297,3.0364562827426798,4.358528548375128,2.8823138324504973,2.730323584629765,2.1707023584447436,2.5101627344455046,4.0643151767693615,2.0284091481252626,2.0277778448962556,3.17662443393845,2.7038056965368735,2.168794674135965,2.254980702759916
975,3.341837990144338,2.017073126206342,3.8730784112935437,2.051101618185121,3.3128611984614924,2.9514466424240746,2.8487893783121203,2.2962534527276395,3.9145137277458866,2.85041244639889,2.0377013504086734,3.542823207133391,3.002815429588182,4.312913586140727,2.0470364162346297,3.2780039926014997,3.475910764875217,3.3622138591894393,3.0361400501565274,4.359482110682159,2.881105493668511,2.730327653213202,2.171360921760511,2.5095120297866154,4.0649279843742985,2.028357410440371,2.027745897693196,3.176963880936259,2.703730179592409,2.168186149171721,2.257186012735906
976,3.3434690286362145,2.0170281560197814,3.8728265731474765,2.050967152728812,3.312711614858925,2.9501399131678507,2.8508336175020825,2.295431812805943,3.9139719376715583,2.851301216124985,2.037541508453858,3.5434864689978625,3.00144048712752,4.314335073204266,2.047057202865461,3.276078348175428,3.477325565186953,3.3626349634273454,3.035862527259601,4.360409215174397,2.8798945493364965,2.7302851439326146,2.172021901002697,2.5088556742670476,4.065506578755574,2.02830586153057,2.0277142229478953,3.1773018963038506,2.7036650603128107,2.1675515336974036,2.2593579917006226
977,3.3450518135278986,2.016983336297516,3.8725598742631777,2.0508329205471028,3.3125176522674034,2.948831752494741,2.852831466170493,2.294652095094792,3.9134009239563454,2.8521692485942998,2.037382763626181,3.5441183807827352,3.000125244864562,4.315712502119306,2.0470782214495062,3.2741830398012053,3.478760836628914,3.362999045475947,3.0356358944112083,4.361318643000184,2.878697711791264,2.7302186034687193,2.1726864667241332,2.5082077783146866,4.066074825404968,2.028254556908657,2.0276828546662946,3.1776492269187098,2.703615030390855,2.166892430139241,2.2614956996560767
978,3.3466045627727117,2.0169386765287465,3.8722989068367935,2.0506989857578266,3.3123081346465932,2.9475431267485477,2.854806437459374,2.293916833886899,3.9128235425704645,2.8530290750663614,2.0372251479398673,3.54472863423616,2.998864222206918,4.317049726708206,2.0470994722981803,3.272319771590644,3.4802127421248965,3.363302433927359,3.0354514524599217,4.362206899006599,2.8775091532719306,2.730116494878106,2.17335411389469,2.5075623473961004,4.066620265016599,2.028203475191502,2.027651788475157,3.178004357027512,2.7035792738537605,2.166209460794044,2.263597538694554
979,3.3481226591664095,2.016894172720976,3.87203668497443,2.050565326478167,3.3120761743015414,2.9462668938425614,2.8567534853062733,2.293223411434255,3.9122285681039055,2.853876886591433,2.0370686394278112,3.5453075011867843,2.9976545164684305,4.31834589240946,2.047120921650199,3.270479357229338,3.4816747776358357,3.363547658179737,3.0353087917282275,4.363073952699372,2.8763332053842845,2.7299858132799906,2.174025122774432,2.506922923013352,4.067149739111988,2.0281526256953666,2.0276210340744933,3.17836997693202,2.7035593571277476,2.165503424358989,2.265662100402024
980,3.349606389230064,2.0168498242874473,3.871772127115298,2.050431934896295,3.3118229271501596,2.9450008598932755,2.858674272324087,2.292570746595777,3.9116124734460236,2.8547115345334624,2.0369132238337992,3.5458488507173294,2.9964885098144736,4.319599080461783,2.04714253688018,3.2686564924316,3.4831427039145293,3.3637369217903945,3.03520701745217,4.363920305664825,2.8751733966552995,2.729831375710842,2.1746997587554633,2.5062917437633643,4.067667035978276,2.0281020192828203,2.0275906037831453,3.178750210354555,2.703557288868454,2.16477538890949,2.2676878805762257
981,3.3510671580500313,2.016805637108215,3.871520937362103,2.0502988536762112,3.311565319652132,2.9437549348963663,2.860581550342488,2.2919598241120043,3.9109919237106636,2.855541494010898,2.0367589205389263,3.5463582168066075,2.9953624366783855,4.3208116470788624,2.0471643044862224,3.266846565774523,3.4846104442344146,3.363868758243072,3.0351392875089056,4.364744260968837,2.8740265915963024,2.7296454490031463,2.175377617355748,2.505665567073366,4.068165073425327,2.0280516429417856,2.0275604941174907,3.179141884233503,2.7035723315928815,2.1640262257239375,2.269674641422896
982,3.352490669066348,2.0167616006874813,3.8712617321373006,2.05016601026602,3.311281194910473,2.942509347447783,2.8624590705957127,2.291386431043652,3.910340530803159,2.85635519793055,2.03660568086747,3.5468208305780027,2.9942715711971823,4.321979864594853,2.047186189927644,3.265046417106526,3.4860785959307403,3.3639521909692096,3.0351116558606788,4.365548791608744,2.8729021526434186,2.7294442102135865,2.1760594475489605,2.5050517644877885,4.068658937017238,2.0280015275608427,2.027530727286981,3.1795538586628638,2.703608506135487,2.1632571666809746,2.271620656818536
983,3.3539027214510093,2.0167177288014955,3.871023234445254,2.0500335020386284,3.3110022540051185,2.941288285913048,2.864333864241651,2.2908538079465757,3.9096929197279318,2.8571711153270654,2.036453573148156,3.5472631443671014,2.9932258721851897,4.323114696873477,2.0472082256001483,3.2632559906215954,3.487539887352443,3.363979860554803,3.0351092280017298,4.366326239109279,2.871785530416621,2.7292051479031505,2.1767439683356717,2.5044381489051237,4.069126829672179,2.0279516175167758,2.0275012723990944,3.1799700515940734,2.703659576867314,2.162468282238234,2.2735258332050523
984,3.3552722508936816,2.0166740011079094,3.870768810444198,2.049901173021643,3.3106849703606196,2.9400511402706826,2.866167301579158,2.2903548146287243,3.9090042560979175,2.85796678594414,2.0363024960621483,3.547652392739068,2.992206692036375,4.324204443097257,2.0472303581112747,3.2614798932507876,3.4890093210896715,3.363974262113811,3.035150998638715,4.367088322330261,2.8706970651356176,2.7289574865578206,2.1774327339647344,2.503840657711027,4.0695972732264,2.0279019894675008,2.0274721770920747,3.180412083393878,2.7037339491700427,2.161661776271775,2.275388858614974
985,3.3566414049316684,2.0166304416063157,3.8705431758803135,2.0497692015068214,3.310374624987297,2.9388380192933,2.868005178492065,2.289895571904347,3.9083326213262737,2.8587740283032375,2.0361525951255133,3.548047284707833,2.991249917961965,4.325273480606448,2.047252676259881,3.259716951452088,3.4904705604002624,3.3639170210092693,3.0352093563031706,4.367818658348735,2.869608593906557,2.7286616796458105,2.1781233422296014,2.503236242858607,4.0700314402439,2.0278525284380793,2.0274433746128913,3.1808443818780288,2.7038187907190547,2.1608365975560173,2.2772106013315376
986,3.3579618166946923,2.0165870166569864,3.8702861688738093,2.049637339140136,3.310018963676383,2.93760087689289,2.869801763523646,2.289467119247441,3.907607149934747,2.8595581647116726,2.0360036864427067,3.548386331549879,2.9903163517502747,4.3262984873890975,2.047275097299048,3.257983834466888,3.491954592637632,3.3638425081993164,3.035318184010775,4.368535934628998,2.8685530879542913,2.7283666187160733,2.178818468965492,2.502650109340465,4.070475310046118,2.0278033676701326,2.02741495014087,3.181312237419074,2.70393054036109,2.1599959580500023,2.2789876046673085
987,3.3592928884545907,2.0165437665895944,3.8700758529767425,2.0495058685885237,3.3096645260830875,2.9363783666736065,2.871596871779997,2.289076845293156,3.9069248543056,2.8603638028083727,2.035856010944608,3.5487574360359955,2.989458166659984,4.327313461892813,2.0472977138174895,3.2562558233058247,3.4934253696479574,3.3637207877184507,3.035434209687571,4.369221094835704,2.8674906928328934,2.7280087927201917,2.1795146101557905,2.5020532062536085,4.0708739805852225,2.027754347724017,2.0273868012236447,3.1817522106775478,2.704046663747981,2.159138185956155,2.280727467643287
988,3.3605714442661165,2.0165006397992764,3.8698111748295765,2.0493744458827656,3.3092822052766384,2.935148168552608,2.873380118932423,2.2887165218838783,3.9061611056697245,2.861141575068168,2.0357092530043537,3.5490576015693094,2.9886108527290665,4.328280335931856,2.0473204303762076,3.254581967261908,3.4949373362126783,3.363596888903689,3.0356128581164645,4.369894001353786,2.866471105645892,2.7276757654688604,2.180216145512437,2.5014778253403462,4.07129532568713,2.0277056611956183,2.0273590667055896,3.182253722237803,2.704200002451893,2.15826709867807,2.282415911245646
989,3.3618708090319718,2.0164577025420343,3.869628163916452,2.0492434873604255,3.3088768446998147,2.933901611429195,2.8751250324569373,2.2883909097447233,3.9054828596814843,2.8619482039360276,2.0355638097198145,3.5494181955668163,2.9878548820716193,4.329248047210712,2.047343301690772,3.2528707094618468,3.496407611743907,3.3634199931715623,3.035778761926811,4.370536259629267,2.865434162062977,2.727253086130373,2.1809175443767224,2.5008910680528387,4.0716624509910755,2.0276570876621323,2.027331579923664,3.1826931946019235,2.7043467304285427,2.1573806778732596,2.284079034756002
990,3.3631099716110358,2.016414869480035,3.8693550207091763,2.0491124889953047,3.3084927425569863,2.932695085997535,2.8769308561306137,2.2880983695877606,3.9046826780934416,2.8627208228168035,2.0354191623225737,3.5496765758832547,2.987073114929534,4.330152272609357,2.0473662594206967,3.251256635013229,3.497949073682751,3.363254553835952,3.0360247501534054,4.371166166550447,2.864455205124889,2.726891520276021,2.1816258739372696,2.5003285403948996,4.072069544648313,2.0276089095846905,2.027304572211028,3.183243194994838,2.7045486835971335,2.15648348527155,2.2856797692343926
991,3.3643889361518675,2.016372249177328,3.8692045412687595,2.0489820609820355,3.308056396420663,2.9314333252071627,2.8786350766000894,2.2878320502718044,3.9039858328787895,2.8635215402363423,2.035275878078579,3.5500071233323762,2.986401674129497,4.331068505706901,2.0473892934471114,3.2495478956199255,3.4994060333091905,3.363028990303204,3.0362418461446667,4.371766533387957,2.863452699130389,2.7264254769700336,2.1823333079615304,2.499759370217716,4.072418773633777,2.0275608074585794,2.027277781307374,3.1836999006063706,2.7047361975756603,2.1555722557700085,2.2872638861112904
992,3.3655886191742015,2.0163297217159815,3.8689584209913277,2.0488515575941797,3.3076387792095927,2.930208294860594,2.8804112305487974,2.287599617411859,3.9031934547122247,2.864287610412429,2.0351333859287264,3.5502402865734797,2.9856918989222736,4.331917681421734,2.0474123979714305,3.247933047572063,3.5009390503541273,3.3628177729601094,3.0365353928089056,4.372359664560662,2.862506165482271,2.726011502434214,2.183047728996803,2.4992135317942794,4.072809510804671,2.027513136618751,2.0272514784235556,3.1842587766238277,2.7049742502580627,2.154652977068423,2.2887942726941395
993,3.366823093516886,2.0162873778837223,3.8687788540032173,2.0487214922510373,3.3072321197278542,2.928995621176887,2.8821938384757875,2.2873987404309246,3.9024307383122596,2.865068920295453,2.034992044441808,3.5504791432116893,2.985033369217916,4.332753100608685,2.047435542392819,3.2462780519646235,3.502424588989723,3.3625603877168406,3.036821349103159,4.372918699981787,2.861556807904533,2.725549688935857,2.183762815048583,2.4986601872366996,4.073162913127117,2.027465594126564,2.02722546718673,3.184791825964287,2.705226819625863,2.153722457590389,2.2902906617025627
994,3.368018610618631,2.016245183545948,3.8686112881422,2.04859159244081,3.306736713336005,2.927697805579195,2.883876642819493,2.287216975013375,3.90166215256357,2.865836103206634,2.0348517555615198,3.5506877180332372,2.9844037591858132,4.333558356648906,2.047458645748171,3.2445793147629205,3.5038933726105,3.3622985254540336,3.037137429184308,4.373472338615001,2.860632798140091,2.7250678035668137,2.1844810649363566,2.4981271342344518,4.073524768275181,2.027418323959472,2.0271998150479265,3.1853146439070814,2.70549333058269,2.1527833981431566,2.2917609515258768
995,3.3691967718281015,2.0162031106176457,3.8683986439941327,2.0484618138132507,3.306322985861514,2.9264861196782332,2.8857006023211085,2.2870762724347404,3.9008643413049446,2.866608604529402,2.034712402958956,3.550875281776717,2.983780787067992,4.334328861109743,2.047481936161622,3.2429737475196045,3.505415618605027,3.3620236439169,3.037490853209677,4.373991009377242,2.8597138210823903,2.7245798094451468,2.185202117213917,2.497579097426397,4.073872510281199,2.0273713262379793,2.0271745619831005,3.1858897415276553,2.705792053765956,2.151835912411603,2.2931771578555784
996,3.3703802102717395,2.0161612144982572,3.8682453855576,2.048332353878636,3.30580556547784,2.92517597872988,2.8874014242822406,2.286950756371354,3.9000828829214176,2.8673741323062356,2.0345741845304968,3.5510633390883366,2.983215758572434,4.335083483492927,2.0475051542317586,3.241274982945286,3.5068756662728724,3.361723629485598,3.0378430628881805,4.374494967063944,2.858804042042814,2.724052417450059,2.185924813669307,2.497049123398951,4.074216020413607,2.0273245249823857,2.0271496293557756,3.1864216413241335,2.706104630950108,2.1508808485464024,2.2945784951698
997,3.371556635652996,2.016119457607942,3.8680842460099694,2.0482030654162204,3.3053228669608785,2.9238948216718907,2.889171336378169,2.286859544176637,3.899300177265508,2.8681465872076557,2.034436944648462,3.5512446652472414,2.9826719514259485,4.335814662505181,2.0475285179439813,3.239633480764549,3.508379996226804,3.361425826368127,3.038231122374337,4.374977539924934,2.857901310864562,2.723504533332895,2.186649412814047,2.4965125761757827,4.074546442717047,2.027277987272789,2.0271250742953777,3.186974645139265,2.70644282963083,2.149919645787613,2.2959418436721464
998,3.372694433833321,2.0160778264392256,3.867885577553713,2.048073855934582,3.30482127090882,2.922602906457437,2.89096469665321,2.286794490508599,3.8984814685328715,2.8689126293381357,2.034300666151342,3.551409291883003,2.9821575639615014,4.3365219517637215,2.0475519890928195,3.2380330115757348,3.50992667465773,3.3611399089195606,3.0386642774971673,4.375444140834864,2.857017219854006,2.722955153704585,2.1873767762511207,2.4959791606339072,4.074884431672116,2.027231732756493,2.0271009076703757,3.187547423603455,2.7068067408743284,2.148952727173313,2.2972694635425075
999,3.373863190211936,2.016036378904145,3.867763584560271,2.0479450167964077,3.3042662975318366,2.921252294385762,2.8926986862144393,2.2867506561574285,3.8977143635868408,2.869697500466793,2.034165565770951,3.5516174097337085,2.9817158761070246,4.337230887878457,2.0475754953235885,3.2363719868839835,3.5114269073240028,3.3608264117459,3.0390877003798122,4.375887286264108,2.8561263315350782,2.7223494105858537,2.1881038907992916,2.495444307416321,4.075194151131745,2.0271856190190634,2.0270770395169673,3.188069136331665,2.7071804364642063,2.147979404701246,2.298581202965937
1000,3.374992409058181,2.0159950443589225,3.8675914195219327,2.0478161929153793,3.3037289702149897,2.919914499737439,2.894497779469116,2.286735150096375,3.8968853467830096,2.8704621355140776,2.0340312875474464,3.551767300146779,2.9812557190423945,4.337895378766368,2.0475990578127363,3.234772229838826,3.512981073168272,3.360522551192064,3.0395637244081875,4.376318569440947,2.8552635914634212,2.721766018789895,2.1888351861808797,2.4949193258526092,4.075527737393322,2.027139873104424,2.0270536327451882,3.1886529794276592,2.7075950449875754,2.1470031098058704,2.2998547277087282
1001,3.376126329236546,2.0159538659071257,3.867440720254997,2.0476876146349317,3.303175072969806,2.9185490661202467,2.8962956140328506,2.2867428830339587,3.896066604670433,2.871229309230774,2.0338980425001436,3.551922893821906,2.9808397350048947,4.338547493717858,2.047622656485227,3.2331485371174615,3.5145255073931625,3.360200876021096,3.0400526247645896,4.376726196536927,2.8543951322752315,2.7211453754929504,2.189566984300693,2.4943889492727234,4.075846781187252,2.027094339389422,2.0270305639517687,3.18921030811882,2.7080228419809025,2.1460224049243686,2.301107213333718
1002,3.377263675947437,2.01591284870172,3.8673246878595213,2.0475592748614075,3.3025764949124623,2.9171366030288306,2.8980629040389236,2.2867697807929437,3.8952429316128,2.8719910588253765,2.033765783142567,3.5520563523854025,2.980446871485661,4.339178844549699,2.047646179948754,3.2314720391335947,3.5160446939584435,3.3598634203934425,3.0405519308387197,4.377117652019766,2.8535354788741776,2.720500774060697,2.190299964022525,2.493866276207245,4.076167873491641,2.027049059360551,2.0270078663227733,3.189756137664407,2.7084788441183143,2.1450390883790944,2.3023454916399952
1003,3.3783924719293297,2.0158719601481225,3.867184360420868,2.047431048218647,3.3020291430926796,2.9157604715134093,2.899940889929985,2.286828344364283,3.894378195502066,2.872745881893012,2.0336343640783965,3.5521506532943894,2.9800408621989485,4.339774516234985,2.0476697383224707,3.2298371957538445,3.517598190024714,3.359516856669717,3.0410847345860015,4.377486632900084,2.85268547415151,2.719860471693242,2.1910351109888033,2.4933387145085466,4.07649582299307,2.027004096277275,2.0269856079877284,3.190345799180628,2.7089739906287615,2.144053982844159,2.3035495437026476
1004,3.379515996238948,2.0158312263877645,3.867071188954202,2.0473030194642927,3.3014160183726204,2.9143041603088427,2.9017603640433434,2.2869034027308484,3.8935313931529034,2.873502674338847,2.0335039681148497,3.5522522684616327,2.979680785046706,4.340358547903748,2.047693262488636,3.228140752321508,3.519124454657092,3.3591519707006245,3.041626922420517,4.3778393425020745,2.8518301985111,2.719183022299151,2.1917704450259152,2.4928138442523804,4.07682062208945,2.0269593512403845,2.026963696389911,3.1908904509065694,2.7094772908426252,2.1430661661428334,2.3047443798676985
1005,3.380643745716929,2.0157906381312087,3.866964632077155,2.0471751617153195,3.3008005998748904,2.91283156789928,2.9036177229397904,2.28700204023501,3.892668002522058,2.8742588085823773,2.0333744992714475,3.552337797656684,2.979334305787581,4.340920898211465,2.047716785475029,3.226437959057194,3.520659420941538,3.358777615463734,3.0421912565206384,4.378172258133275,2.850978688753399,2.7184896228243796,2.1925063991912013,2.4922852984758235,4.077144212708243,2.0269148727745168,2.026942177842677,3.1914365143387675,2.7100098074162187,2.142076864999271,2.3059202647878956
1006,3.38176792661047,2.0157501860461196,3.8668434037163637,2.0470474172845523,3.3002027008919206,2.911362187238769,2.905548484477095,2.2871268994491913,3.891764936682484,2.875011260959174,2.0332458930982114,3.552398038991331,2.978994568666517,4.341460660263688,2.047740346302093,3.224761980242178,3.5222299896657594,3.3584029660346815,3.042791990360037,4.378487413266667,2.85013614237422,2.717795135144843,2.1932433106698874,2.4917519486526905,4.077474617236753,2.0268707012468807,2.026921081521499,3.1920062850675786,2.7105807019549077,2.1410871797757243,2.307072658011383
1007,3.382899445062375,2.015709890949643,3.866753842974236,2.046919864666822,3.299538002766403,2.909809913830075,2.907430735120902,2.287267881736762,3.8908846506802295,2.8757722494998865,2.0331182946896535,3.5524785171834505,2.9787165327224283,4.3420018705438315,2.0477639263490888,3.223036985543546,3.5237904585363418,3.3580147626418015,3.0434038712409235,4.378786027676305,2.8492812954019184,2.7170570145818305,2.1939791067731393,2.491214584246648,4.077795175628497,2.0268267397917707,2.0269003226218913,3.192519611928656,2.7111605715556095,2.140096343828084,2.3082220233145176
1008,3.3840199373107085,2.0156697228077016,3.8666365253995614,2.046792379479626,3.2988715149810743,2.9082424861490654,2.9093763818065934,2.2874315211765692,3.889958377508886,2.8765242903515866,2.0329915347775396,3.5525268767209766,2.9784377574947527,4.34251673593856,2.047787531670143,3.2213359691491794,3.52538983647022,3.35762362214429,3.0440528654068677,4.379067922543559,2.848432753363463,2.716318652430761,2.1947157577514944,2.4906727203063603,4.078125808540825,2.0267830900129242,2.0268799971793925,3.1930527781593288,2.7117749740975987,2.139105589903906,2.309351699902831
1009,3.385152249275806,2.015629698641148,3.866525946709778,2.0466650326622124,3.2981948384280226,2.906647977540835,2.9113670288835487,2.2876178524025677,3.889020270591902,2.877283756072385,2.0328656705046133,3.55256696988822,2.9781796699932785,4.343017374785061,2.04781114643186,3.2196305508208485,3.5270107447630656,3.357224617463336,3.0447286159107714,4.379333252835604,2.8475852542022446,2.715566413381637,2.1954520902306407,2.490124966319464,4.078458162237187,2.026739717429637,2.0268600785026663,3.1935819191501915,2.712420343825606,2.138115186823935,2.3104691357932174
1010,3.3862953706012977,2.01558982923165,3.866440312064159,2.0465378560074883,3.2974744087134216,2.9049869141496245,2.9133527722739485,2.2878235159582334,3.888104993585624,2.8780624952044818,2.0327407810833753,3.552629939652607,2.9779801933853403,4.343521110221575,2.0478347779874473,3.2178844077491604,3.5286328624165657,3.356813404173729,3.045423595434622,4.379582098595822,2.846727328267044,2.714780532195558,2.1961866954290343,2.4895702284437373,4.078787211838809,2.026696584627628,2.0268405241890175,3.1940683256944506,2.7130838496704466,2.1371250332984557,2.311584800110841
1011,3.387433801305823,2.015550087059145,3.8663235173522903,2.0464107401699727,3.296773582656021,2.9033249440712967,2.9154392807710803,2.2880546462029727,3.887144161916414,2.8788392535034832,2.0326166882957986,3.5526542512908112,2.9777722882110518,4.343997207238393,2.04785840204164,3.2161580460892623,3.5302997754472947,3.35639731829946,3.046163073388866,4.379815358642118,2.8458767827160725,2.7140017524453137,2.196921747354189,2.489008831587799,4.079131659567095,2.026653795981771,2.026821430467569,3.1945801390034716,2.7137870293794863,2.1361361873376947,2.3126833772680113
1012,3.3885875747425676,2.015510495066324,3.8662303940181015,2.046283775494165,3.2960379641928212,2.901604559836744,2.917538167630089,2.2883039709045443,3.8861783816592306,2.879621021985675,2.032493464308327,3.552651966808523,2.9775767808875866,4.3444572347611174,2.047881932703944,3.214381661797831,3.5319626802355795,3.355960370383757,3.04692080625843,4.380034506954247,2.845023994959557,2.7132030258547486,2.1976557016267355,2.488446089948239,4.079483602159632,2.0266112986642715,2.0268027590332247,3.1950758479619257,2.7145221918669145,2.1351487869033683,2.31378262711046
1013,3.3897519225641877,2.015471047817753,3.8661411827167775,2.046156931658364,3.2952781425578053,2.89983311774903,2.919675105185534,2.2885737759119023,3.8852006330187074,2.880411610058104,2.0323711054723264,3.552636909521799,2.9774070087441467,4.344906950229002,2.0479054122154468,3.212566476970658,3.5336336526973966,3.3555021306231474,3.047705256068801,4.3802370312103225,2.844164454629513,2.7123885523871394,2.1983880771885898,2.4878747293248598,4.07984245925147,2.0265690874453406,2.0267845048006383,3.1955501842587037,2.7152854237862454,2.1341627556456517,2.3148785123159077
1014,3.3909174789413785,2.0154317321200823,3.8660306196672742,2.04603013036378,3.294524728862315,2.898041520176266,2.9219055867272363,2.288868106068757,3.884187043499125,2.8812097732622686,2.032249530537737,3.5525865368823246,2.9772381617231702,4.345336909904489,2.047928866748042,3.210753804098715,3.535344593158031,3.355032481386318,3.0485294003364767,4.380422524711589,2.843304650325627,2.7115734681876598,2.1991194383409325,2.487293593528573,4.080217520674203,2.0265272260526777,2.026766715462209,3.196040315298903,2.716090767020481,2.1331789792611953,2.3159640059501463
1015,3.3921096227148593,2.0153925710020015,3.86594634727238,2.045903475896327,3.2937227615286115,2.8961709280042833,2.9241411759607336,2.2891791216833868,3.883168899555712,2.882021275570801,2.032128834755111,3.5525210890855172,2.977090581719756,4.345756903754168,2.0479522114161957,3.208878606144551,3.5370529036479628,3.3545381408524846,3.0493750353578166,4.380593200969524,2.842435877235986,2.71073201845563,2.1998480492751344,2.4867048196071546,4.080595894066944,2.026485648892513,2.0267493439427477,3.1964999111275,2.716926665995974,2.1321970171548914,2.3170549702678755
1016,3.3933111368630144,2.015353543494679,3.8658475820641396,2.0457768665405087,3.2929058100615656,2.894255620025432,2.9264472642828068,2.2895113761480888,3.8821175135941446,2.8828420503475662,2.0320089297587907,3.552430813434106,2.976965827630547,4.346167488350116,2.047975535345261,3.206987643879737,3.5387901892157636,3.354021974558509,3.0502511730481947,4.380741992006989,2.8415521064063567,2.7098789657183544,2.200574199710445,2.486102932632644,4.080987749899219,2.0264444012275047,2.0267324302939853,3.196955611650077,2.717800369397123,2.131217293031112,2.3181416848138454
1017,3.394533727853695,2.0153146557017383,3.865740719559075,2.0456503249711724,3.2920833695509457,2.892297764581956,2.9288360347240125,2.2898671684529206,3.881042429376793,2.8836808313180295,2.031889822392166,3.552316446681725,2.9768506280859572,4.346564895390068,2.0479988252231047,3.2050871036807362,3.5405744531052536,3.3534942383008826,3.0511753416986442,4.380878842219237,2.8406624958534277,2.7090164733043913,2.20129755565221,2.485486914860992,4.081389975642349,2.026403495103484,2.0267159807861996,3.1974069602572452,2.7187119316793944,2.13023999873454,2.319225033799275
1018,3.395776591312739,2.015275917808987,3.8656505129628433,2.045523855988033,3.2911962478885366,2.8902485526153163,2.9312386979070877,2.290240468824176,3.879968429604074,2.884544591309417,2.0317715710947937,3.552199039962302,2.976784554633961,4.346968802640217,2.0480220796763424,3.2031381993160353,3.542375520443226,3.352945112218099,3.052119907393039,4.380996027931333,2.8397517040277505,2.7081209596630265,2.202016431430678,2.4848587839093748,4.081801679024818,2.0263628988903823,2.026699969473618,3.1978260998392587,2.7196604649966916,2.12926531594197,2.320318232724243
1019,3.3970510180716498,2.015237315215502,3.8655390980732904,2.045397453269413,3.2903285817314583,2.8881772447619096,2.933770727833479,2.29063921015071,3.8788415189418557,2.8854261097111817,2.031654076011706,3.552047696904651,2.976725158216266,4.347358980791794,2.0480453043168865,3.201191189729423,3.5442340168910023,3.3523802024622715,3.0531199207133715,4.381095264814602,2.8388317166373236,2.7072243650784733,2.202731496545045,2.4842074555285603,4.082221959708991,2.026322640266894,2.0266844384878175,3.198245282588659,2.7206503022581936,2.1282927171256922,2.3214023727350783
1020,3.3983288762677,2.015198850958231,3.8654271307181975,2.0452710310639466,3.289391278240448,2.886000338983972,2.9363207776450775,2.2910558885891974,3.877701645271773,2.8863291200506325,2.031537364863436,3.551869768631834,2.9766922279472823,4.347744873266395,2.048068448209908,3.199201738852632,3.5461289647409515,3.3518011091927153,3.054160756204599,4.381183593661076,2.8378982426205432,2.7063099156118824,2.203442786783951,2.483550554279114,4.082669483453104,2.0262827742074285,2.026669406772474,3.198653110418066,2.7216840439338954,2.127323486721475,2.3224970766108743
1021,3.3996598791073724,2.015160539254963,3.86532878626935,2.045144728750885,3.2884525515940926,2.883780457452166,2.9389795798600735,2.29149771690696,3.876550177466151,2.8872681800706697,2.0314214609292898,3.5516738640714505,2.976689347310738,4.3481302932498505,2.0480915334958927,3.1971732701378808,3.548059739894962,3.351193784208538,3.055242088434431,4.381250024736701,2.8369415371173234,2.705372167753991,2.204148119825443,2.482867135403906,4.083117749611954,2.0262432241483888,2.0266548372306374,3.1990318895003,2.7227575290421693,2.126356387603086,2.323594273037225
1022,3.400996788433347,2.015122360072144,3.8652017212778027,2.045018387315951,3.287483598999562,2.881492883682212,2.9417299728930013,2.291960646202379,3.8753267433108936,2.888217956371342,2.031306239320383,3.5514042967510693,2.976679102792775,4.348495973840855,2.048114470544703,3.195110612670969,3.550041815045138,3.350568943078778,3.0563831668794306,4.38130445118859,2.835981716584963,2.704444862546686,2.2048498309017592,2.4821749733718024,4.083607351619889,2.026204117962196,2.026640822611264,3.1994309776142593,2.723892218499377,2.1253929371663336,2.3246925903045543
1023,3.40239249439644,2.015084339955808,3.8651105229530804,2.044892149609185,3.2864940260762068,2.87912869114177,2.9445638026674867,2.2924490629089527,3.8741215826251096,2.8892162015838685,2.03119182661531,3.5511222472945243,2.9767056008868122,4.348867778595039,2.048137324200547,3.192989727287733,3.5520543861729825,3.3499084517611077,3.0575568316770596,4.381336464635712,2.8349849186697185,2.703472809269324,2.205543691554881,2.4814538558691206,4.08409423113322,2.0261653467859726,2.0266272814733184,3.199785818321452,2.725064008063789,2.124432046229715,2.3258018689705295
1024,3.4037793580732165,2.0150464454763033,3.8649736974156346,2.044765827992773,3.285444740521306,2.8766713307554133,2.947470128403827,2.2929548457731905,3.87281991322357,2.8902210179159327,2.0310780701323172,3.5507464982251427,2.9767220934370364,4.349213745862338,2.048159944483331,3.1908084488550776,3.554112968235587,3.3492271713565445,3.0588015717457107,4.381359403491297,2.8339878549498203,2.7025235642578345,2.2062336154880873,2.480728243896316,4.084637872915483,2.026127051417003,2.0266143195079867,3.200154898817654,2.726298785916805,2.123474578291682,2.326914888990225
1025,3.405268002266066,2.015008720353616,3.864889697064971,2.044639685942879,3.2844560410630788,2.8742047315799812,2.9505764140550297,2.293498200201573,3.8715557078237,2.8913017492767943,2.030965128130299,3.550380567867898,2.9767823885243834,4.349575175293076,2.0481825603591917,3.1885980688315616,3.556211589937987,3.3484905083833887,3.060067342288973,4.381341200957123,2.8329307741732315,2.701512439744535,2.2069123187798985,2.4799486487557822,4.085151672258687,2.026089058344468,2.0266018274933923,3.2004780407222695,2.7275741965446225,2.1225190509436995,2.328029176576214
1026,3.406683794480785,2.0149711063527582,3.86472892246529,2.044513253332341,3.2832779424573264,2.871523401815782,2.9536104992284162,2.294044144732929,3.870149696264505,2.8923644172480976,2.030852772761253,3.5498765262885823,2.9768284150841327,4.349903409891558,2.0482048194845888,3.1862924650336515,3.5583684442486305,3.3477639778051866,3.0614363892098657,4.381341987880155,2.831905321962798,2.700556081422824,2.2075894777420473,2.4791984769775737,4.0857783774710015,2.0260516847558767,2.026589993558945,3.2008273246205174,2.7289255861684074,2.121568421014329,2.3291634860536155
1027,3.4083142253786063,2.0149336921693113,3.8646759817983383,2.0443872573726196,3.2823137375333076,2.8689552444771826,2.957037453185097,2.2946491513164204,3.868860521747471,2.8935634887663877,2.0307413465980746,3.549475010799408,2.976973143219924,4.350284360836417,2.048227339731842,3.1840127388066337,3.56058194342878,3.346948157177173,3.062802582891368,4.381266081658863,2.8307646264856414,2.699481012667185,2.20824792102414,2.478333731039768,4.08628705814351,2.026014417764228,2.026578519601699,3.2010654599757284,2.730288871581008,2.1206169586628176,2.3302817014436528
1028,3.409684409511569,2.0148963279933834,3.8644229265631136,2.0442604644054674,3.28092309480048,2.865984043690554,2.9601533722700824,2.2952242278657944,3.867247652340028,2.894652798144505,2.0306302406029837,3.5487799329503185,2.9770282954676603,4.350580024595696,2.048249139448002,3.181582501915889,3.562857273279478,3.3461800518323415,3.0643239464628307,4.381252474008525,2.8297293457868085,2.6985611499238797,2.2089135035691627,2.4775746004932775,4.087045439962986,2.0259781165765047,2.026567925903993,3.2014247230734965,2.7317755858438364,2.119673422033111,2.331435749705759
1029,3.4115209058649025,2.0148592511126746,3.8644614637882326,2.044134707405508,3.2800256205282956,2.8633236500231334,2.9639595541540182,2.2958998676590174,3.8660161051554836,2.8960202325417557,2.030520401073224,3.5484099635394006,2.9773042711199715,4.351005740833305,2.048271643672631,3.1792393838945254,3.5651918937664187,3.3452684113452054,3.065785193662559,4.38111327463199,2.828485570249954,2.6973954836103307,2.209547029257031,2.476608134370376,4.087521188993287,2.025941549323195,2.0265574627894702,3.201533531222706,2.7332164660844986,2.1187251011936183,2.332561428704138
1030,3.4128672484918594,2.0148221498526904,3.864132433814904,2.044007607126309,3.2784805026832493,2.8601076490485644,2.9672649254625356,2.296515139071857,3.8642264421403634,2.897172375719755,2.030410568794334,3.5475737532277223,2.9774113686751695,4.3512920850215036,2.048293130661509,3.1767209399466885,3.5676013149763706,3.344431771054226,3.0674555166783266,4.3810679266357875,2.827421448824064,2.69650249686575,2.2101967969991576,2.475812896491851,4.088384976482488,2.025906294445177,2.026548098631468,3.2018735846981414,2.7348291950153913,2.117787132866974,2.333723946498978
1031,3.4146924527844518,2.0147853480691653,3.8641251465104745,2.0438815276737268,3.277404889991314,2.8571505975310396,2.9712057062904687,2.2972265394866405,3.8628470575803053,2.898603873890804,2.0303020116055768,3.547074898816323,2.977761689884253,4.351713953169845,2.0483152556647446,3.1742516073045985,3.570060523482954,3.343454778565024,3.069075694322618,4.380910424788409,2.8261539630926804,2.695363408680969,2.2108139166811474,2.4748215633228585,4.088975926615197,2.025870812319286,2.026538880400206,3.2019317565145013,2.7363868311664943,2.1168445326674163,2.3348706364312783
1032,3.4163587544252585,2.0147486309426244,3.863984472784087,2.043754917121549,3.276122669947404,2.8539729017800175,2.9751217832033294,2.297938186079461,3.861217552976695,2.8999884171323695,2.0301937862931156,3.5463170626968985,2.9780225724910494,4.35206792357404,2.0483368825437673,3.171709846221564,3.5726019251960444,3.3424737915680103,3.0708227771604206,4.38077622998596,2.824953496168585,2.6943516363937046,2.2114316789153197,2.473877961905913,4.089742290933865,2.0258361775314024,2.026530521672739,3.202096663802285,2.7380625859607948,2.1159075185508907,2.3360248336364893
1033,3.41790966035549,2.014712019297164,3.8637531544128274,2.043627894360521,3.27462446288735,2.8505481908202515,2.9789844840492776,2.2986506056056237,3.859413000962614,2.90135704247815,2.0300860370560407,3.545381426797195,2.9782754180635393,4.352393854340017,2.0483581217631293,3.1690644433917323,3.575202858526568,3.3414739471530854,3.072674781649168,4.380653123871744,2.823780996466083,2.6934141965972476,2.212044981287777,2.47295464510485,4.090638575783208,2.0258022546377585,2.0265228967339843,3.202269923756404,2.7398176964443244,2.114974572866407,2.337196819700434
1034,3.419856371681827,2.0146756756747717,3.8637811835233293,2.0435016415891063,3.2735257959376867,2.8473174585052696,2.9834296990851508,2.2994485050696407,3.857918569139011,2.902961994272491,2.0299793530826937,3.544677051154723,2.9787172605089713,4.352825707123458,2.0483798101151827,3.1664453015426703,3.5778536017326736,3.340336474981993,3.0744966162447533,4.380428229958341,2.8224297052465404,2.692285456317882,2.2126277736774735,2.471858576828377,4.091327270082086,2.0257683032992455,2.0265155603769314,3.2022084085725577,2.7415405786856932,2.11403859959986,2.338352366160967
1035,3.421445856424414,2.014639360183368,3.863557286415146,2.0433743825789916,3.2719925796355653,2.8436900365617825,2.9876119356500657,2.300211428366403,3.855965165657923,2.904420594180454,2.0298727028599424,3.5435189379630776,2.97896944692548,4.353127981273471,2.0484005724529912,3.1636844037074323,3.580566600709796,3.339208727525647,3.0764812553934773,4.380257128106571,2.82120635546019,2.6913795541346683,2.2132190134871323,2.4708768791298192,4.092324828430193,2.025735565910022,2.026509320890706,3.2023512340021796,2.7434344985712382,2.1131106207424577,2.339528640797939
1036,3.4232510062756893,2.0146032646246432,3.863474831680964,2.0432474532785774,3.2706092767299477,2.8400748064713515,2.9921181479131227,2.3010271326581955,3.8541700027964163,2.906039749250091,2.0297669396721383,3.5424667482976075,2.979374999488493,4.353499088556097,2.04842151570286,3.160893369272484,3.583332257900835,3.337980173875863,3.078480723681497,4.3800178416545865,2.819865872580782,2.690367342848302,2.213785877651079,2.469782915031447,4.093224087203066,2.0257030554583344,2.0265035086531284,3.2023049166018467,2.7453310279819485,2.1121817681550366,2.3407058449561418
1037,3.4251613105872107,2.0145673450277664,3.8634387254553593,2.0431205444626963,3.269330646262156,2.836441345831153,2.996918751463933,2.3018843230837978,3.8523806352738386,2.907757192292094,2.0296617936761985,3.5413801545634582,2.979838813584879,4.353889664816899,2.048442466583785,3.1580991314021922,3.5861891725601245,3.336683938621366,3.0805496778306667,4.379738718825941,2.8184644322712873,2.6893335472161115,2.21433507273321,2.4686179036975675,4.094118640464887,2.0256710392623916,2.0264983360880273,3.2021905451205153,2.747275679445507,2.1112542122283804,2.341872876349367
1038,3.42681987319964,2.0145314986907854,3.863233894468534,2.042992870097813,3.267719193972823,2.8324816185044632,3.001551684347652,2.3027208057878124,3.8502457787636866,2.9093978220286267,2.029556864513202,3.5399548471874596,2.9802024850215068,4.354200802845193,2.048462754128238,3.1551922500285103,3.5891171654322114,3.335377558651132,3.0827614325611585,4.379489762941386,2.8171403577993397,2.688458735688391,2.2148840519457753,2.4675157279553503,4.095244791979936,2.0256400684030065,2.026494152891241,3.2021860762131107,2.7493596563166944,2.1103326807883533,2.343056908036264
1039,3.4287973541846495,2.014495904558169,3.863247590580539,2.0428657227464564,3.266381744686363,2.8286262918161125,3.006646513187023,2.303628976355472,3.8483751145008815,2.911267309010745,2.0294529427413,3.5387328678187244,2.9807822125231516,4.3546179543034205,2.0484834647643826,3.1523007983076825,3.592107538807224,3.333941570478499,3.0849541985453235,4.379139906127743,2.8156508175884127,2.6874289992981133,2.2154005442160445,2.466254767889379,4.096201608822579,2.025609193696451,2.0264903311928206,3.2019254196123716,2.7514218207953514,2.1094090922619175,2.344231577513323
1040,3.4306253008946355,2.0144604058207145,3.8631370407114938,2.0427379993729917,3.2648924464392772,2.8245856556668874,3.011767685666596,2.3045394307992138,3.8462561204682473,2.913120540161736,2.0293493022465405,3.5372603466031842,2.981308013468035,4.354982671967607,2.0485038160373064,3.1493790834063877,3.595204185300246,3.3324790205411414,3.0872813729886697,4.378792981534918,2.8141965578400594,2.6865195178227212,2.2159104782866965,2.4650059356775027,4.097317074070739,2.025579238047197,2.0264874354196,3.201726717422889,2.753591661964064,2.1084898121357956,2.345400628325414
1041,3.4323868525725296,2.0144250484014155,3.862992879263623,2.042609926548645,3.263264744789942,2.8203551151581787,3.0168828795071616,2.3054540192106963,3.843985799055589,2.914994284690991,2.0292461330281446,3.535635209591188,2.9818591312946188,4.355336148397917,2.0485238952726124,3.1463981588568615,3.598371267058746,3.330969436129798,3.089703481367678,4.378433411297511,2.812738629750029,2.685660808137489,2.2164072988322157,2.4637387281828067,4.098524728494204,2.025550035482918,2.0264853210813065,3.2014853595484762,2.755831012624587,2.107573536622646,2.3465782198116867
1042,3.434387473860366,2.014389927914945,3.863026385647491,2.042482225943525,3.261898032569987,2.8162299852055295,3.0224206682860126,2.3064297883953726,3.84189229929113,2.917061108683001,2.029143801092307,3.5341235607566963,2.9825826100327832,4.355766042001948,2.0485442668465392,3.143439217897924,3.601601293701019,3.3293374543704517,3.092130342295854,4.377985031790015,2.811151544148091,2.684704336261773,2.216873773716821,2.462333268591393,4.099612558999855,2.0255210931691487,2.0264836783809996,3.2010271941801673,2.758063054044033,2.1066563027225036,2.3477379355786825
1043,3.4361278884462054,2.0143548880746156,3.862895081719317,2.0423537852459286,3.2603083140064943,2.8118903645753024,3.0278631759574903,2.3073897572043243,3.8394656095785638,2.9190716441430005,2.0290416450727218,3.5322748302996083,2.983205022410094,4.356112433192607,2.048564097440351,3.1404226590673616,3.604914899639317,3.327676336794023,3.094709642219705,4.377556316103053,2.80964544994779,2.683933230361095,2.217337894592845,2.46097135279485,4.100919763026418,2.025493247386908,2.026483077630313,3.200669059512235,2.760422790376289,2.105744342328333,2.3488915667402392
1044,3.4379589212112602,2.0143200436736795,3.862850265737361,2.0422253409855484,3.258761857886661,2.807488498388431,3.0334389149090226,2.308373616364915,3.837064177773641,2.921188106349666,2.0289401696245255,3.5304297870223866,2.983948796463756,4.356497431773239,2.048583984853874,3.137390715035723,3.608285702715251,3.3259281335286532,3.0973306617452985,4.3770772460064045,2.808077803897575,2.6831385003372863,2.217779506797582,2.4595307548552956,4.1022071417332455,2.025465928252321,2.026483110340328,3.200152180554511,2.7627932822153114,2.1048334460064555,2.3500449205883704
1045,3.4398646058460436,2.0142853855495915,3.862873084704079,2.0420969232385584,3.257365809304029,2.8031298618197837,3.039277391224603,2.309389778115679,3.834661358301978,2.9234104841597777,2.028839281645843,3.5285464406975895,2.9847732778895026,4.356897812278464,2.048603897284702,3.134367204396759,3.611706713730392,3.324077929834832,3.1000001174736904,4.376540183206523,2.806457794476999,2.682357235541239,2.2181993445224255,2.4580085433340546,4.103487605931808,2.025439173930926,2.0264838334867754,3.199519557252633,2.765189941825498,2.1039239513893837,2.351174935967601
1046,3.4415465194162014,2.014250834684663,3.862790856209355,2.0419679114095204,3.255816237712348,2.798615669005479,3.045029863877316,2.3103929637809717,3.832009132819599,2.9256122459689875,2.0287386701968946,3.5263921373482656,2.9855431836748476,4.357232705478237,2.0486233574266923,3.1312891741674402,3.615171929042401,3.3221712463722026,3.102790330107048,4.37600756972191,2.804901863659814,2.681738281710072,2.2186132631233972,2.45651172340975,4.104952297852037,2.025413463828448,2.0264855516393285,3.198935519262776,2.7676884327551856,2.1030195138867422,2.352296927211089
1047,3.443381627620685,2.014216507615756,3.8628545823536573,2.0418390575651526,3.254418100324023,2.794133017489751,3.050976629853006,2.31143007666429,3.8294831549460766,2.9279643232964307,2.028638835543933,3.5243267928822277,2.986483073824758,4.357626010731437,2.0486430451682285,3.1282366227297147,3.6186781909905306,3.3201552913567967,3.1055920928740166,4.375405012786544,2.8032667964747207,2.68107416246412,2.219000292915712,2.454909862284145,4.1063448144534975,2.0253882040334843,2.0264878529657073,3.198147017196497,2.7701683886327446,2.102115891679751,2.35340696783177
1048,3.4451184917210163,2.0141823159307406,3.862869523429044,2.0417098691140563,3.2530241029122924,2.789616420359317,3.0569546365840994,2.3124628152416493,3.8267695639771593,2.9303221670990047,2.028539357546355,3.522074818420503,2.9874190955360467,4.357977311022831,2.0486625352904184,3.125198627319659,3.622228836412905,3.318071492602817,3.108489885339265,4.374780962265485,2.8016630776375586,2.6805329024289843,2.219375078734032,2.453285991605244,4.107836996395995,2.025363804843525,2.0264910479340474,3.1973438680288617,2.77270240902613,2.101215712050456,2.354488365141606
1049,3.4467390221638983,2.0141482680743086,3.8628619602062497,2.041580316639952,3.2515686876645935,2.785014433691041,3.0628446247374024,2.31348456435165,3.823922797143083,2.932697291157833,2.0284403296682894,3.519683540536867,2.9883845559958617,4.358302707762279,2.0486818382023664,3.122150309498829,3.6258021413841233,3.3159133889101016,3.1114612210428296,4.3741367078815205,2.800083676536574,2.6800895103813858,2.2197372468661762,2.4516468628619226,4.109424740987903,2.025340276541678,2.026495115815117,3.1964989251756,2.775278849013855,2.100319597141446,2.355558375481599
1050,3.448473767710535,2.014114436482958,3.8629915784454223,2.0414509019810887,3.250301865811034,2.78049864598633,3.0688913273207445,2.314531256014253,3.821187784933312,2.9352088015341034,2.0283420514976425,3.517365123578575,2.989498581252686,4.358668024359201,2.048701369069201,3.1191500615015597,3.629392654297149,3.31364176481073,3.114432201018574,4.373419218103228,2.7984402822779515,2.6796257485746438,2.2200736669957406,2.449910582772428,4.110946743804721,2.0253172430770134,2.026499797245388,3.1954684881008872,2.7778284352447287,2.099425395495083,2.356605133902121
1051,3.450021205325686,2.0140807240005145,3.8630335415106165,2.0413210305137506,3.2489938953773,2.7759512508455906,3.074828145153525,2.315553526609176,3.8182140117946064,2.9376871271667997,2.0282440979490914,3.51482653490574,2.9905764180574574,4.358964799705191,2.048720642055159,3.1161738887691897,3.633005519862806,3.311314766227166,3.1174982498990396,4.3726899288035215,2.7968625578297237,2.6793253613135577,2.220401935588413,2.4481783326051985,4.11260340941114,2.0252951798355237,2.0265054337397257,3.1944618519587094,2.7804340088261754,2.0985362261912264,2.357617486926347
1052,3.451573569969889,2.0140471937921056,3.8631366775415064,2.041191057298729,3.2477487066915787,2.771411858573133,3.0807080590285594,2.316571602401089,3.8152512693061382,2.9402329469441404,2.0281467747177264,3.5122951765753623,2.991762257770641,4.359269417178059,2.048740000219569,3.1132465117092236,3.6366225800127334,3.308904315716207,3.120581823926532,4.371912327179877,2.7952677207411014,2.6790508379811113,2.2207107800660895,2.4463917947148515,4.114260831744408,2.025273797000071,2.026511808418665,3.1933354673457557,2.783021795388197,2.097650687027073,2.3586124662265724
1053,3.453123281067643,2.0140138412027526,3.8632959687534063,2.0410610502071345,3.246640970362453,2.7669652228453554,3.0866041912882825,2.317591498654875,3.8123160328345502,2.942848696589986,2.0280500677256676,3.5097525938769043,2.9930253598142627,4.359564544618706,2.048759424026176,3.1103794150112196,3.640233931074892,3.3064079303720435,3.1236869116013453,4.371083770815061,2.7936628733663396,2.678822896163759,2.2210008652946227,2.444548609597512,4.115915964210246,2.025253090636,2.026518936387821,3.1921070206502034,2.785591917209433,2.096768996100884,2.359575861670227
1054,3.4544969077085854,2.013980615692379,3.863399799138312,2.0409306921201784,3.2455398302563596,2.7625424858278906,3.092343450554959,2.3185832554610304,3.8092258977189473,2.9454439544640403,2.027953771064965,3.507033654151659,2.994264957807138,4.359791709974122,2.0487786422060905,3.1075591932034725,3.64383637071941,3.3038647260690506,3.126861846944794,4.370240729570943,2.7921261183648047,2.6787447239188076,2.221282989651438,2.4427121944524406,4.117683677772428,2.0252333314851243,2.026527001983284,3.1908993884295427,2.7881961194323877,2.095893227274291,2.3605054588832783
1055,3.4559372353215623,2.013947589614894,3.8636017882374984,2.040800373594864,3.2445672341156357,2.7581993997231558,3.098017152963501,2.319572732579522,3.8062347442457645,2.948123758236022,2.0278582353692456,3.50440423481179,2.9956347748879297,4.360034071305703,2.0487980649861104,3.1048320972352608,3.6474284392649503,3.3012554346060066,3.130031889336926,4.36934412484833,2.790575449390459,2.678673212017913,2.2215447363551633,2.4408127557181394,4.11940565250077,2.0252141802742147,2.026535765677338,3.1895661236442687,2.7907571520917105,2.095022014130664,2.3614126083706255
1056,3.457260844503436,2.013914698643807,3.863773597490712,2.040669808549972,3.243654416459186,2.7539295498387024,3.1035421703329025,2.3205360741932384,3.803172704240925,2.95080020115202,2.027763196729354,3.5016714909296973,2.997008176595525,4.3602183491475515,2.0488173933305833,3.1021753039686493,3.6509955410397885,3.298602943507233,3.1332479604991588,4.368424919909353,2.7890779736117493,2.6787162724165636,2.221796340555342,2.438904872084223,4.121191815981961,2.0251958874101854,2.02654540723047,3.188229004300556,2.793320831155293,2.0941570099816187,2.362285211458128
1057,3.458490935764507,2.013881955360187,3.863942177089088,2.040539068531985,3.2428043358747427,2.7497463337910824,3.1088936785309293,2.321473493838915,3.8000899420395764,2.953481074519174,2.0276687335604477,3.4988807800827266,2.9983965680086033,4.360351069048086,2.0488366284069475,3.0995827286929085,3.654515359907745,3.2959017182733534,3.1364840876852425,4.367475752492545,2.7876210564462953,2.6788474446227806,2.222036516442951,2.4369837470206535,4.123019611086876,2.0251784103487918,2.026555898494698,3.1868779998705494,2.7958766878045624,2.093298458903834,2.3631281693083253
1058,3.4597641685915956,2.0138493977859175,3.8641908833897354,2.040408360246569,3.2420870604081653,2.745676320294482,3.1141283212444897,2.322398679985897,3.7971243852903367,2.956222866807069,2.0275750203346847,3.4961685034183576,2.999880002135393,4.360473592294214,2.0488559943901143,3.0970896683753995,3.657986320475814,3.2931491013189707,3.1396938688279437,4.3664758712140035,2.786162162416292,2.6789867418424875,2.2222589601642624,2.4350155280891927,4.124801755595552,2.025161565407979,2.0265671090908888,3.185442234986624,2.7983815183957588,2.09244585991141,2.363945518676372
1059,3.4608742155323644,2.0138169596106326,3.8643720894917806,2.040277355291215,3.2413906780106556,2.7416880397350925,3.1191132002723823,2.3232830498720456,3.7940754391682545,2.9589199212538304,2.027481796149991,3.49333901108393,3.0013252221800064,4.3605118887316365,2.0488751816073987,3.0946741686856583,3.661397296572375,3.2903810898489985,3.142940974048808,4.365464583958042,2.78477714124431,2.679249303329363,2.222474964500592,2.4330603779229785,4.126661332408533,2.0251456315714838,2.0265792381936354,3.1840576774575817,2.800887740943224,2.0916009722900464,2.3647247045408357
1060,3.4619932981107144,2.013784689603101,3.864603553773868,2.040146370219983,3.2408220881260794,2.737843479192005,3.1239504771157107,2.3241493921158662,3.7911493131457727,2.961654576621357,2.0273893088564643,3.490581816815565,3.0028410794734315,4.360524027772354,2.0488944349290534,3.092353792100087,3.6647304839912893,3.287573652859761,3.1461523657897144,4.364403805073795,2.7833939143111213,2.6795223380037,2.2226749907707615,2.431068760993225,4.128482651527371,2.0251303485377443,2.0265921051594256,3.1826187866749827,2.8033372277186426,2.0907628661805724,2.365476129370855
1061,3.463069112122712,2.013752565448096,3.8648453106416873,2.0400152918408683,3.2403264657347357,2.7341133195411063,3.1285725049583357,2.324986367191596,3.78829495773962,2.9643916816039173,2.027297489234554,3.4878449915686414,3.004389901344248,4.3604892744365635,2.048913670282722,3.0901327472618085,3.6679846597419394,3.2847532796143613,3.149344797562894,4.363311877211379,2.782041385405611,2.6798320488829344,2.2228634561285165,2.4290648887044086,4.130298944520457,2.0251158068725656,2.0266057717416723,3.181172891750455,2.8057424000231834,2.0899323815534014,2.366200587763332
1062,3.4640251995781943,2.013720561785106,3.8650358984627626,2.039884011058581,3.2398641366151097,2.7304990268940914,3.132932624259619,2.3257824381020007,3.7854233811326274,2.967075348818591,2.027206241132536,3.4850511024574935,3.005908387696291,4.360375504317563,2.048932779723465,3.088015141869824,3.671164990546072,3.281951796050234,3.1525549094538565,4.362211185112942,2.780759229547467,2.6802312706915887,2.223045661251515,2.427073306657834,4.132155015873224,2.025102107265582,2.026620314746819,3.179783039379962,2.8081233980079383,2.089110355905642,2.3668885364322696
1063,3.4650306384966507,2.0136887265330565,3.865289111229717,2.039752814488448,3.2395308296227214,2.7270449044784963,3.1371357371425854,2.3265602548438458,3.7827312420780426,2.969787817423243,2.0271157907869104,3.4823785624996852,3.007513897447957,4.3602451017664965,2.04895203444212,3.0860252242165007,3.674266773727304,3.2791544608665566,3.155714764162637,4.361067293525505,2.7794813722925347,2.6806116579877033,2.2232125724415615,2.425049554367019,4.1339415687217675,2.025088996021174,2.0266355475959643,3.1783446992855926,2.8104235532915984,2.0882959977160356,2.3675518480383406
1064,3.465916790910815,2.0136570052790255,3.8654850067986084,2.039621417690413,3.2391991905095745,2.7236992704783036,3.141043868413199,2.3272934959483207,3.780051007524695,2.972435157532993,2.0270259302050837,3.4796626643175532,3.009086651532285,4.360036467582676,2.048971132472379,3.084134431796457,3.677280134148469,3.276398200775307,3.158884583928809,4.359923298729727,2.7782776412095034,2.6810644581333354,2.2233748219626097,2.4230478447719572,4.135762640933442,2.025076727768493,2.026651648717288,3.1769761439394735,2.812689391295364,2.087490705519747,2.368186475430549
1065,3.466789251559533,2.0136254233323787,3.8656876527782393,2.0394900224396766,3.238957493154007,2.720520207698101,3.144760618268429,2.3279960295094275,3.7774699696231306,2.9750482874367856,2.02693675368078,3.4769843883029536,3.010665630664702,4.359772097321937,2.0489901866781617,3.082359297602019,3.680195487547291,3.2736763184542164,3.162025991318006,4.358758572338324,2.777111841200776,2.681535962046804,2.223527675633176,2.421041310381625,4.1375533925620225,2.0250651492878697,2.0266685184113977,3.175630992813942,2.814889567748991,2.086693951995575,2.3687904296206477
1066,3.4676725183774577,2.0135939870151147,3.8659169103669075,2.039358667469323,3.2387929857820232,2.7174895588287686,3.1482759155372975,2.3286708135972924,3.775036476132044,2.9776392303008183,2.0268483165009217,3.474386150475092,3.0122809668597634,4.35946796920604,2.0490092249233096,3.0806925111150707,3.6829985154335017,3.270988420313723,3.1651123682535136,4.357567948036149,2.775969513911151,2.6819952497258113,2.2236703220462597,2.419029511633556,4.1392973270624065,2.0250542179965554,2.02668611515661,3.1742911140519716,2.8170088203340997,2.0859059025032254,2.3693731744172224
1067,3.4684397274186187,2.013562655218021,3.866077427075698,2.039227160278967,3.238625366162343,2.7145881155895175,3.1515190272002185,2.329302818986258,3.7726315252635283,2.980140346932904,2.026760469745929,3.471753350081971,3.013841763513957,4.359080002320264,2.049028055799033,3.0791181763405313,3.685686511588161,3.2683633183512746,3.168193596477085,4.356385051975814,2.7749021028968177,2.6825118033370314,2.223810607895157,2.417048867343904,4.141067022077108,2.0250441083164934,2.0267045663294296,3.173044198744189,2.819080505827563,2.08512754880304,2.3699266701126707
1068,3.469266186878542,2.0135314721512696,3.8662829885590826,2.039095801802374,3.2385765884377884,2.711870431661888,3.1546342963808596,2.3299149954245406,3.770412549316716,2.9826204607402804,2.0266733864185444,3.4692357833553316,3.0154481284937895,4.3586618759781555,2.0490469055019402,3.077662554078731,3.6882514488109153,3.265780941024182,3.171197268322222,4.355171484268514,2.773844358992693,2.682986697533944,2.223939751838747,2.4150559032125924,4.142758287663786,2.025034567740909,2.026723699146714,3.171798333747626,2.8210548636546937,2.084357980503108,2.3704569205858146
1069,3.4700186251610248,2.0135003992779104,3.86644985603457,2.0389643784635916,3.2385111838575362,2.709274049060695,3.1574820109180113,2.330486588998288,3.7682590238637568,2.9850108865811222,2.026586943773268,3.466726710001063,3.0170267126901957,4.358179279232051,2.049065539385517,3.0762928813024266,3.6906846897425836,3.2632674235549457,3.174162297191087,4.353960799041904,2.772845757702084,2.6834813359771945,2.2240659405860495,2.4130927413719583,4.14444938089598,2.025025781183661,2.026743636431401,3.1706317122980208,2.8229640347753935,2.083598134586183,2.370968332954887
1070,3.4707342196176443,2.0134694398262956,3.8665892988341217,2.0388329559134544,3.238478133134058,2.7068270532156817,3.160138234161537,2.331026645665164,3.7662069964772775,2.9873219201971164,2.0265011613428157,3.4642581831445867,3.01859015789052,4.357641550655913,2.049084052285554,3.0750296424760744,3.69299784254258,3.260831884876412,3.1770888574013862,4.352752005304843,2.771897043433874,2.683980767604088,2.2241879439195333,2.411148993111139,4.146113416494421,2.0250176829137825,2.026764333200469,3.1695316737436174,2.8247938842774576,2.082847854347134,2.3714542685531317
1071,3.471478011441803,2.013438611793538,3.866747870079727,2.0387016518453094,3.238489424463215,2.7045331254636182,3.1626359556352073,2.3315422551753824,3.764310633399682,2.989579047654898,2.0264161172434547,3.4618970670730165,3.020188946298913,4.357078085387091,2.049102526443521,3.0738770052417843,3.695183226789304,3.2584663352624292,3.179936288107542,4.351529122734337,2.7709705936840234,2.6844379546575343,2.224302638319127,2.40921120533283,4.147709877769964,2.025010164002749,2.0267857051270775,3.168456191387362,2.826520894823811,2.0821068752986247,2.371922747622284
1072,3.4721222001552077,2.0134078766269776,3.8668400825405747,2.038570271210012,3.238441007538883,2.70234181108468,3.164871908537263,2.3320150131952624,3.76244537022281,2.991712087644066,2.0263316725332223,3.45952792389936,3.021739228799148,4.3564494113783505,2.049120739114471,3.0728064347146504,3.6972353251932253,3.2561925005044987,3.18274600503875,4.350323883813539,2.770113021613747,2.6849170047035926,2.2244181341035993,2.4073172413670934,4.14931445718775,2.0250034062805984,2.0268078778646017,3.1674870994222597,2.8281812270261244,2.081375975543778,2.3723724171744536
1073,3.472803555432445,2.0133772663679266,3.8669542532323558,2.0384390576028872,3.238454736011575,2.7003192187287275,3.167012444683974,2.332469629422373,3.7607507158736344,2.9937902596667794,2.02624794775973,3.4572709599477927,3.023316905264046,4.3557995749014795,2.049138917581415,3.0718459581726316,3.6991595061409153,3.253992499021127,3.1854668224592384,4.349105438618691,2.769268480052335,2.6853399128420525,2.2245269691013667,2.4054284258090974,4.150837970251599,2.0249971924951757,2.026830701114174,3.166545109684682,2.8297311169340977,2.08065430567053,2.372802430690245
1074,3.473430169393809,2.013346757721701,3.8670342678378793,2.038307885674285,3.2384235531145578,2.698405653066515,3.168946337171778,2.3328902021458817,3.7591299658856214,2.995760425943905,2.02616486624228,3.4550527677940437,3.0248771121832703,4.355108652974632,2.0491568775397666,3.070965589781008,3.7009472638002716,3.251881921481436,3.1881192004624896,4.347897119546317,2.768471179552645,2.685748831576829,2.2246352257086377,2.4035750880825058,4.152338005281731,2.024991641065076,2.026854248773513,3.1656766757668917,2.8311898604553747,2.0799423767148078,2.373218309253661
1075,3.4740175714796844,2.0133163501190703,3.8670873971968267,2.038176803068248,3.2383885505083274,2.696619986661614,3.1707377679141686,2.333284085442388,3.7576010909350943,2.9976300944910603,2.0260824163000324,3.4528786745347455,3.026416555531637,4.354379347314795,2.049174652804049,3.070175128004681,3.7026058580299575,3.249864744948349,3.1907064203734135,4.34670141185894,2.7677191366364347,2.6861401065097184,2.2247430075785894,2.4017544024259894,4.153804372769064,2.0249867237073,2.026878506482102,3.164884597240613,2.832556370192341,2.079240159535652,2.373615619075639
1076,3.474627967901251,2.013286058959782,3.8671611880971493,2.0380459353782707,3.2383866353937236,2.6949840321760794,3.1724543806383543,2.33366339556281,3.75623232030472,2.9994346726102172,2.026000664895477,3.4508084436662676,3.0279747166800166,4.353638160660994,2.049192321319136,3.069478324056414,3.7041371179520923,3.2479308846991324,3.1931977225235704,4.345504266624555,2.766987445117444,2.686475109294508,2.2248473444184835,2.399951447451331,4.155196497589594,2.0249823327478724,2.0269033968993577,3.1641290583097987,2.8338117233446236,2.078547288549916,2.3739988782807675
1077,3.4751432911195943,2.0132558519148818,3.867181619528746,2.0379151179707193,3.2383088612400623,2.6934384856856837,3.1739761547471965,2.3340083676866707,3.7548960891456167,3.001107939052429,2.0259194923434864,3.4487323323779324,3.0294805484898393,4.352852524871197,2.0492096612200372,3.0688446247796675,3.7055400503108613,3.246100927021875,3.1956320768965156,4.344336974497806,2.7663229060253327,2.686818232553267,2.224956168363454,2.3982018229514512,4.156588135588386,2.024978630168346,2.0269290257996473,3.1634772659896147,2.8349892467418876,2.077864354222284,2.3743706764070853
1078,3.4756815182687317,2.0132257541991967,3.867217567414456,2.037784540163056,3.238261203620377,2.6920288232997764,3.1754420482302397,2.334339702289878,3.7536952663266128,3.0027060253221167,2.0258389831137817,3.4467485746094777,3.0309959610607358,4.352059668661329,2.049226890623225,3.0683058395185028,3.7068297230505483,3.2443619115451403,3.1979774993140113,4.343176979507859,2.7656842842829175,2.6871113865058516,2.225063668532664,2.396473817485675,4.1579056839820705,2.024975438699787,2.0269552749691453,3.162869114685434,2.836057118564081,2.0771907376699152,2.374727703640557
1079,3.4761614362682374,2.0131957471746373,3.867228726204554,2.037654111018208,3.2381552402560683,2.6907087142348822,3.1767648037027594,2.334645261684715,3.75255733059342,3.004194528764234,2.025759077253184,3.4447930479697426,3.0324811928468383,4.351244087557307,2.049243847438054,3.06783001877415,3.707997148255588,3.2427171069366043,3.2002446380653335,4.342039956704357,2.7650947571925535,2.6873861062054534,2.2251745496969364,2.3947905381862764,4.1591950436486815,2.0249728464485126,2.0269821946357647,3.1623371373737283,2.837034138530637,2.0765267465435944,2.3750758312636004
1080,3.476598160342547,2.0131658334520024,3.867227533837432,2.037523886035621,3.2380250935255663,2.689494638416711,3.177993518259375,2.334930744761389,3.751496369194279,3.005585239824285,2.025679774227465,3.4428733542580736,3.033934998894486,4.350408961984343,2.049260540039609,3.067416442649162,3.70904680737698,3.2411609580119944,3.2024279342800503,4.340922256253371,2.7645455289857837,2.6876354089672776,2.2252883515587403,2.3931469245857504,4.1604451125059425,2.0249708162464795,2.0270097601936996,3.1618770127265448,2.8379208257400474,2.075872224077784,2.375412940787834
1081,3.4770398638383506,2.013136021212757,3.8672393209833706,2.0373939381707373,3.2378970269304768,2.6883907852158715,3.17917385101557,2.3352044593044994,3.7505536399054358,3.0069068015979123,2.0256011127838147,3.441042362995067,3.035392880539327,4.349576358599142,2.049277070129021,3.0670781937454175,3.70998964151336,3.23968688299949,3.2045100113849028,4.339814531139961,2.764017434000092,2.6878307687908287,2.225402745422071,2.3915300060249853,4.161624061439838,2.0249692642700556,2.0270379141580857,3.1614598987225895,2.838703683505572,2.0752268443437507,2.375739204457523
1082,3.4773910327364943,2.013106287606177,3.86721296509352,2.037264162586295,3.2376885232149917,2.6873490386572167,3.180208420654366,2.335451625661486,3.7496344677901665,3.0081165928944182,2.0255230086503797,3.4392184409767714,3.0368020008209338,4.348723338466953,2.0492932550440868,3.066785528211428,3.7108218290787627,3.238303094134745,3.2065163872773907,4.338738979243604,2.7635419107144097,2.688017356721139,2.225523383246528,2.3899659778838362,4.162789245443884,2.024968302714915,2.027066728004731,3.1611300498193717,2.839408499225215,2.074590954461297,2.3760585205206977
1083,3.477755551362243,2.013076656418646,3.867215845313608,2.0371347412335346,3.2375087546155052,2.686422675296323,3.181235961000044,2.3356939814262074,3.748845124857129,3.009274532477539,2.0254455457887954,3.4374943238435063,3.038219677140039,4.347884669697534,2.049309294464524,3.0665651006783774,3.7115607298340185,3.236994484621268,3.208415600165707,4.337670859413081,2.7630778122114945,2.6881429127905543,2.225644613965194,2.3884256852895343,4.163874861887498,2.02496776547469,2.0270960937054068,3.1608331258753224,2.8400112286260795,2.0739639962027896,2.3763676169129186
1084,3.4780491785505663,2.0130471046250222,3.867194720234294,2.0370055606503916,3.2372704008709325,2.685557748673621,3.1821582431566635,2.3359166664776594,3.7480937608744918,3.010342405462413,2.025368645447325,3.435791690423417,3.0395972057890877,4.347038188824854,2.049325029408263,3.0663944544544006,3.7122092727039853,3.2357738103575917,3.210239105172418,4.3366353950679555,2.762661159096758,2.6882539515845423,2.2257722793525683,2.386934015240339,4.164933858688826,2.0249677629770897,2.0271260823708226,3.1606133391598483,2.8405391127008253,2.07334628752218,2.3766697865840998
1085,3.4783084970577907,2.013017641123602,3.8671766004066424,2.0368766942021224,3.2369999750407024,2.6847631359102273,3.1830080218394703,2.3361256411792697,3.7474049632341044,3.011337270630691,2.0252923298404797,3.434145441610332,3.040956789921866,4.346200946508065,2.0493405237034783,3.0662787538886636,3.7127766248659606,3.234633515137026,3.211974607412555,4.335623508619994,2.7622759432814963,2.688331928737226,2.225904507027204,2.3854807264919615,4.1659441905135495,2.0249682281493753,2.027156649192117,3.1604497125191653,2.8409864683044423,2.0727375834707487,2.376966111821885
1086,3.47854762955032,2.0129882670582004,3.8671706030383977,2.036748188326705,3.2367295906083338,2.684049162415085,3.1838225712254826,2.3363248065210738,3.746785934451167,3.012271838275394,2.025216589357348,3.432553061424242,3.0422944788645507,4.345374102764934,2.049355781506258,3.066215653414573,3.713270711843571,3.233568942563885,3.213625481082041,4.334634901191068,2.7619184828117858,2.6883752652369584,2.226041187852235,2.3840619462163244,4.16689821656226,2.0249691298127357,2.0271877701128678,3.1603346253511724,2.841353512779192,2.072137707404183,2.3772547784548794
1087,3.478712350340927,2.0129589698092136,3.8671442822639706,2.0366199768709836,3.2363923398647794,2.683375443998073,3.1845290495393717,2.336504998979918,3.746184246900442,3.0131245676574463,2.025141386761554,3.430974181493265,3.043581426715831,4.344546109547415,2.0493706893201624,3.066181909308967,3.7136889408236566,3.2325811120585777,3.215204112016032,4.333682717097599,2.7616069214807872,2.688408096977398,2.2261857859832355,2.3826924113614365,4.167829061656953,2.0249705304419305,2.0272194836106485,3.1602922902831376,2.8416582424434744,2.071546782892252,2.3775395897986615
1088,3.478883555110493,2.0129297686576217,3.8671548829204165,2.036492209796317,3.2360856859753104,2.68278598607863,3.1852393296845314,2.3366818593352807,3.7456704568674457,3.013941035759228,2.0250667672541027,3.4294691674781523,3.044855229937891,4.343739527998376,2.04938537676136,3.0661919065130436,3.714038814269472,3.2316516670055515,3.2166836297040673,4.3327450502368725,2.7613068665720633,2.6883912434330366,2.226333661346692,2.3813497970049626,4.168688482703402,2.0249722975961584,2.02725170166395,3.1602805133247935,2.8418850849858774,2.0709643579074895,2.377817835546399
1089,3.478980791033716,2.0129006416651087,3.867146878696501,2.0363647809140293,3.235732104041421,2.682237114308829,3.1858663243241323,2.3368429147231287,3.745167750780936,3.0146883869799854,2.024992663180273,3.427975875285086,3.0460735854907592,4.342934576476061,2.049399714720568,3.0662247140542553,3.7143243989846964,3.230790385756846,3.218094279389401,4.331843548689984,2.76104774969792,2.688365691592907,2.2264897156718364,2.38005391842371,4.169524054450582,2.024974530515095,2.0272844893141695,3.160336499087842,2.8420572720600923,2.0703906359328905,2.37809071962912
1090,3.479066497791899,2.012871604071314,3.867163061654625,2.0362378020884484,3.2353879663858476,2.6817466177181037,3.186469332010824,2.336998831370607,3.744730845671888,3.0154033319453415,2.024919120958339,3.4265458972520273,3.047271357199918,4.342152054961752,2.049413784649928,3.06628569275349,3.714550317944169,3.2299823459798795,3.219416210056707,4.3309637700828905,2.7608051530198985,2.688299517222532,2.2266505686048887,2.378789142363711,4.17030138842924,2.024977128502061,2.0273177772644053,3.160425025750951,2.8421638592497063,2.069825270419656,2.3783602871966107
1091,3.479109776006347,2.0128426461772686,3.8671837637566613,2.036111246035926,3.235040971864451,2.6813090836453304,3.187035982128233,2.337146414278824,3.744326282202615,3.0160749108847265,2.024846101624118,3.425151877243628,3.0484289068176045,4.341384443128927,2.0494275649636373,3.0663744915970215,3.7147297175893903,3.229234111767105,3.220667366880881,4.330113564359966,2.7605900562246806,2.6882141997967075,2.2268182222178003,2.377561637637301,4.171038336407487,2.0249801180227816,2.027351586014975,3.1605616104132177,2.842217497415883,2.069268236687852,2.3786233345418846
1092,3.479107539129726,2.012813766657317,3.8672048893700595,2.0359851101220445,3.234670433422254,2.680902510168033,3.1875399940306064,2.337283624892487,3.74394321672343,3.0167068454705537,2.0247736021725933,3.4237906163577487,3.0495453442309257,4.340633183988874,2.0494410341274345,3.0664840803452384,3.7148672346040166,3.228543791074343,3.221854970243574,4.329297940415987,2.7604067801379735,2.688113127493205,2.226993354809,2.3763735221640956,4.171740260852795,2.0249834961210045,2.027385911263504,3.1607457350748813,2.842225079533936,2.068719463741386,2.3788834894302213
1093,3.4790927437462367,2.0127849716918758,3.8672444870092275,2.0358594453484464,3.234307183037473,2.6805401231859287,3.188019714354877,2.33741628087674,3.7436082837182965,3.017317291486506,2.024701638003104,3.4224929637678585,3.050644043327474,4.339912353757711,2.0494542755793677,3.0666235828412516,3.7149749862123898,3.2279057918200023,3.2229700490314857,4.32850639641299,2.760239071380788,2.6879805215593766,2.2271739690948786,2.3752145600971737,4.1723880443144274,2.0249872019625896,2.0274207092717837,3.160956493208115,2.842181241267073,2.0681786954116697,2.3791396810035144
1094,3.479017541160153,2.0127562495214777,3.8672719866731486,2.0357342094395494,3.233924435627464,2.6802058319328124,3.1884348472539115,2.337535761473637,3.7432582897784337,3.0178828909551134,2.024630148852303,3.421197388770196,3.0516774760476406,4.339198797806261,2.0494671538922153,3.0667709559825638,3.7150517320341656,3.2273215999689144,3.2240396631214656,4.327754581677613,2.7601079648901874,2.6878491770514414,2.22736346040694,2.3740968938556053,4.17301453681439,2.024991298983416,2.0274560220144533,3.1612201852070374,2.842105190369119,2.067645978089315,2.3793910195622843
1095,3.4789480141015514,2.012727615255854,3.8673290899097843,2.0356094807609,3.233550888487292,2.6799040931212117,3.188830785272682,2.337653465359759,3.742969123758887,3.018445333325339,2.024559198600714,3.4199851535753236,3.0527080809678306,4.338526145592839,2.0494798280380384,3.066939066961043,3.7151001033324613,3.2267729076704477,3.225025699254571,4.327019067371735,2.7599781608714995,2.6876720971892096,2.2275572363297873,2.373002783046844,4.173579291443987,2.0249956746331006,2.0274917681288955,3.1614923559133015,2.841980848478344,2.06712094662972,2.3796415003630735
1096,3.4788177946784824,2.012699052218216,3.8673694557879115,2.035485208217635,3.2331762560117037,2.6796327900308943,3.189179360680364,2.337759537093841,3.7426533656170617,3.01896779311768,2.0244886982215875,3.4187621592439776,3.053659821969676,4.337854233044669,2.049492107391336,3.0671028213326976,3.7151212183355242,3.2262681350496543,3.225974464349683,4.326323700423215,2.7598835227603313,2.687504393181264,2.22776031958783,2.371948879427935,4.1741291549124995,2.025000425614222,2.027528019630694,3.161817384261498,2.84183470673303,2.066603695730003,2.3798848671073403
1097,3.4786983684904227,2.012670576247803,3.8674405221193284,2.0353614678077303,3.2328189798957974,2.6793905787704824,3.189520479011812,2.337866501029496,3.7424047493182955,3.019499692684213,2.024418724559492,3.417630927927454,3.054618194336065,4.337229450170066,2.0495042061329767,3.0672829530096215,3.715119471956834,3.225789512629866,3.2268381017718237,4.325640715199263,2.759782615849855,2.687287908519006,2.22796720415454,2.3709157312261775,4.174618705434453,2.025005423946138,2.027564680687575,3.1621400045609396,2.841645334539672,2.066093855453996,2.3801283816708594
1098,3.478522820902625,2.012642171095236,3.8674935826684886,2.0352382074988555,3.2324648522031363,2.6791721264088073,3.1898122731708667,2.33796250321483,3.742120305937878,3.019994686101511,2.0243491831276015,3.4164825542573176,3.0554918018536146,4.336604599644313,2.049515886907256,3.06745061430453,3.715097619182637,3.225349396435311,3.2276769973609847,4.3250013453942096,2.759718498563485,2.6870872818426914,2.228183784164492,2.3699221990924793,4.175099573728048,2.0250107845992784,2.0276018408706076,3.1625132322857468,2.8414440655493522,2.0655915525201176,2.380365630757723
1099,3.4783641057682395,2.0126138512965843,3.8675771122417357,2.0351154938074756,3.232137876357139,2.6789807290192345,3.190107404318143,2.3380604874641455,3.7418985215332263,3.020503512283176,2.0242801460313156,3.4154228126554007,3.0563781013103197,4.336030400316271,2.0495274196628315,3.067637719155295,3.715066652463991,3.224934562934486,3.228438194862263,4.3243727807171695,2.7596455410522207,2.6868426502652376,2.228404177525617,2.3689478102534545,4.175523947741645,2.025016370308429,2.0276393927445944,3.1628779555456092,2.841206728958242,2.065096401224262,2.3806027500777156
1100,3.4781481253002235,2.0125856004798264,3.8676333206795928,2.0349932553151056,3.2317962690944233,2.6787994064930096,3.190335649454779,2.3381457388458213,3.7416240428625143,3.020973696776922,2.0242115230076405,3.4143385057660165,3.0571753487922373,4.335454969637517,2.0495385290454444,3.06780832105491,3.715026806530523,3.224557704838726,3.229188414922187,4.323791950201192,2.7596133963993905,2.686622669754872,2.2286348459996117,2.368013505749005,4.175948185394985,2.0250223127608624,2.0276774399468454,3.163292789514016,2.8409679859176467,2.0646085754283354,2.380835180658824
1101,3.4779602998305608,2.012557435630835,3.8677210203384162,2.034871580067051,3.2314908299829264,2.6786432097590605,3.19057674824073,2.3382336719681085,3.7414073903057616,3.0214609646736026,2.024143383534406,3.4133387248059037,3.0579866037993257,4.334930953183995,2.049549507346979,3.067995850573805,3.7149858349284406,3.2242008736787127,3.229868892933851,4.323220028102802,2.7595675441058938,2.6863592222956387,2.228868876039214,2.3670950263433443,4.176316452690265,2.025028455213206,2.027715859024577,3.1636899325393864,2.840697749146549,2.0641276218102766,2.38106754734492
1102,3.477717202064868,2.012529338798741,3.8677787771426875,2.0347503807598173,3.2311647266189985,2.6784890704779425,3.1907499606469916,2.338308287979648,3.7411329351413594,3.021911218625672,2.024075639128775,3.4123134399737314,3.058716683253968,4.334408325836307,2.0495600808876024,3.0681632450735306,3.714938629131874,3.2238751056295443,3.230535730673171,4.3226904146139615,2.75955443578568,2.686117753651062,2.2291127578282155,2.366214651931085,4.176689226402129,2.0250349375214998,2.0277547557896236,3.1641282421219197,2.8404303058903793,2.063653706808902,2.3812966837474168
1103,3.47751298952578,2.0125013304647026,3.867867679194939,2.034629770342254,3.230886992274865,2.6783655941497875,3.1909508823383836,2.3383874705670045,3.7409121628370006,3.0223827666194025,2.024008364215162,3.4113653244537763,3.059446913793858,4.333928955726979,2.0495704803068517,3.068334988631361,3.714888777581309,3.2235589884487728,3.2311413126520274,4.3221699525062345,2.7595253836209306,2.6858358674766483,2.229359607019128,2.365347004633529,4.177007738943953,2.025041602185692,2.027794016790833,3.164546036491436,2.840139082608625,2.063186383546217,2.381524662142
1104,3.4772579932488776,2.012473388770379,3.867926907348096,2.034509638734804,3.2305896881768414,2.6782383597952935,3.191097435801327,2.338456322208149,3.740653081712901,3.0228290588653364,2.023941474723405,3.410410330974967,3.060122767653368,4.333461562957853,2.0495805529327367,3.0684920107227978,3.7148359368677895,3.2232667431542414,3.231722287786654,4.321681665153772,2.7595146562667074,2.685564927677742,2.229614942549174,2.364513576686284,4.177329792347918,2.0250485723907077,2.0278337262044754,3.1649887566228654,2.8398491421612344,2.0627258031568965,2.381750551030559
1105,3.4770424557350603,2.012445535326768,3.868011177068582,2.034390106984507,3.230344669127051,2.678141222838378,3.1912716489919384,2.3385295024854518,3.7404306466759163,3.023290925992746,2.0238750301895236,3.4095153984131796,3.0607833672571854,4.3330280480897425,2.049590402799044,3.06864466704058,3.7147823401810096,3.2229808679191825,3.2322574412666523,4.32120720597388,2.7594935114762436,2.6852656320321695,2.2298738423210573,2.3636938976021993,4.177608327211592,2.02505572854111,2.0278738089504134,3.1654158189645503,2.8395454707287477,2.0622716017779017,2.381974776654583
1106,3.476789314372277,2.012417749244526,3.8680697188686888,2.034271065445232,3.230082747434665,2.678039287933733,3.1914029465889504,2.3385951214019065,3.740185379376568,3.023735818383031,2.0238089654336795,3.408626624294352,3.061407146214325,4.332614557009826,2.0495999845023634,3.068789725017859,3.714735184412854,3.2227177521886805,3.2327691971644184,4.320760775713378,2.759483911649317,2.684972419344403,2.2301402853891905,2.362904299219376,4.177887385817849,2.025063159701293,2.0279143188372952,3.165855381534014,2.839244106203355,2.0618238642351967,2.38219794517759
1107,3.4765616148712337,2.012390046544678,3.8681400971457975,2.034152598122441,3.229853136841716,2.6779540165166162,3.1915411033569514,2.3386613627656945,3.7399522938684777,3.0241847874660275,2.0237433113227015,3.4077755266005774,3.0620091440250885,4.332229387304443,2.049609332290249,3.0689290579586253,3.714694584426486,3.222465411273819,3.233249766001208,4.320332398563853,2.7594709347496797,2.6846653707879415,2.230411389572504,2.3621321729768843,4.178138877266454,2.025070794060402,2.0279552154521605,3.1662864376236364,2.8389393260528624,2.061382338271032,2.3824208327181884
1108,3.4763200131273777,2.012362416544759,3.868192141019616,2.0340346452834837,3.2296160138636782,2.6778678108716596,3.1916497109637927,2.338722017533944,3.739699730656017,3.024618912896582,2.023678031425232,3.406933360143656,3.0625749898526804,4.33186337948526,2.0496184204968126,3.0690596343860017,3.7146643890690565,3.2222317920344796,3.233713995574691,4.319930159652978,2.7594661614272153,2.6843630625490267,2.230689098132432,2.3613849042445456,4.178385516723065,2.0250786751461507,2.027996525016477,3.166722369099999,2.838639287828388,2.06094699405045,2.382642657322062
1109,3.476090745067393,2.0123348656591165,3.8682464667649983,2.0339172425507086,3.2293965756995378,2.6777890502810164,3.1917594029673335,2.338781535004245,3.7394544604824356,3.025054240174402,2.0236131338418946,3.4061172926541405,3.063122694010745,4.3315239593882335,2.049627286356313,3.0691816202032287,3.7146404265101234,3.2220065517231884,3.2341479635878545,4.319543312275447,2.7594546648077642,2.684048933146671,2.230971509999915,2.3606559859810274,4.178614444537773,2.0250867611223717,2.028038215370095,3.1671463196172787,2.838338923047219,2.0605176389804076,2.382865363614543
1110,3.475868127316893,2.0123073934434323,3.8682925760721143,2.0338003834578875,3.2291847557162905,2.6777173019448086,3.1918583279360924,2.338838181831068,3.739196158678409,3.0254784207267185,2.023548605633107,3.40531308517144,3.0636317292459454,4.331199851901818,2.0496358731381377,3.069286721642539,3.7146220625628814,3.2217895776174195,3.2345650167660676,4.319177421245612,2.7594438928764133,2.6837348312154177,2.2312593589072383,2.359946786215167,4.178833723110708,2.0250950693796184,2.0280803082538217,3.1675689557516247,2.838045410300077,2.060094177010572,2.383086824919543
1111,3.4756526037431783,2.012279997836244,3.868333796689062,2.033684064022236,3.228985668082441,2.6776488424441824,3.1919609630033596,2.3388937668261107,3.7389451170696857,3.0259038980969586,2.0234844400008383,3.4045321096696766,3.0641272241897157,4.330900229056587,2.0496442527366208,3.0693837062199205,3.7146089971743605,3.2215782251049054,3.2349522328986007,4.318824287601377,2.759423254340409,2.683409607518514,2.2315515485387056,2.359255235444955,4.179040980326038,2.0251035758425395,2.0281227777284205,3.167976497800326,2.837753385518803,2.059676466901897,2.383308607157764
1112,3.4754512614566266,2.01225268247717,3.8683713969237816,2.0335682990140973,3.2288002930846154,2.677588540668162,3.192064472479121,2.338949255395481,3.7386950509894765,3.0263250064611937,2.0234206388058005,3.403772186481797,3.0645956686981366,4.3306186958647,2.0496523794553263,3.0694645341453697,3.7146007232294016,3.221370370954581,3.2353205063708987,4.318487467779818,2.759397075796706,2.683079885974117,2.2318482396763173,2.3585803885227907,4.1792372782556875,2.025112283623305,2.0281656397408554,3.168375744132901,2.8374685213173985,2.0592644099065938,2.3835300703418283
1113,3.4752559100918003,2.012225443740226,3.868401444265947,2.03345307648777,3.228628723335776,2.677532683228465,3.1921698813343866,2.339003456602342,3.738441758523816,3.0267407630619245,2.0233571831363117,3.4030236180214923,3.0650421769739262,4.3303547468882595,2.049660278124218,3.0695356978274675,3.714601109008822,3.2211708112322874,3.2356733304148637,4.318167069979817,2.7593664491399696,2.6827494511714503,2.232149592520939,2.357923405280787,4.1794282827261675,2.0251211924487924,2.0282088895293517,3.168764896669506,2.83719096642431,2.058857902861506,2.383751022786929
1114,3.4750778487243608,2.0121982840432766,3.8684280353716196,2.033338396184958,3.2284606810782845,2.677475795033252,3.1922714647458865,2.339057379727005,3.7381953684405747,3.027155043226053,2.0232940815591673,3.4023042042515454,3.0654809715397646,4.330115309126935,2.049667986641496,3.0696021803851306,3.714614190945749,3.2209790194652346,3.2360089649302113,4.317860433567311,2.759327721030112,2.6824122068674865,2.2324548270829774,2.3572813102823265,4.179608269017264,2.0251302864937344,2.0282525203560966,3.169138377578922,2.836919786687138,2.058456825272945,2.3839729767946602
1115,3.474900185449412,2.0121712006401924,3.868440025544605,2.033224246713421,3.2282946830939316,2.677419812508459,3.1923605646672804,2.339107497622416,3.737926485012547,3.027553591161748,2.0232313062992846,3.401580222723933,3.0658846403621767,4.329884098244683,2.0496754311595216,3.0696542684433843,3.714638404713949,3.2207977822663167,3.2363446819997357,4.317574762585277,2.759291864686376,2.682086097780389,2.2327653126313263,2.3566579995271533,4.1797913724125655,2.0251395955907814,2.0282965582537833,3.169511081354274,2.836663770556626,2.0580611272364053,2.3841943265134753
1116,3.474751990750861,2.0121441990470763,3.8684576396094297,2.0331106485674906,3.2281402500547065,2.6773654289853424,3.1924609480455444,2.3391590895426244,3.7376782618286004,3.0279577159105555,2.023168879857136,3.400892788971225,3.0662942299734643,4.329680704525768,2.0496827242493834,3.069704380348228,3.7146740687367417,3.220619856251383,3.2366577167161257,4.317295308390555,2.7592386507791016,2.6817445031811293,2.2330782358389936,2.356044758909847,4.179956751698278,2.0251490600943733,2.0283409550232707,3.169856185942574,2.836409982267269,2.0576705970293965,2.384417038603468
1117,3.4745929300294423,2.0121172719808382,3.868452404937175,2.032997561915114,3.227972400768171,2.6773040369123753,3.192535228966988,2.3392045310260348,3.7373944285920344,3.0283389243190215,2.023106760481382,3.4001891225687277,3.066661607125021,4.329478053206951,2.049689726784814,3.069734520515529,3.7147163046850213,3.2204502528468,3.2369754230866388,4.317037709417477,2.7591905053033337,2.6814193696091095,2.233396722716943,2.355451338550173,4.18013335928088,2.0251587518397907,2.0283857722158642,3.1702057096128446,2.836174940898713,2.057285251546743,2.384638873890051
1118,3.474483186427447,2.012090432233199,3.868467696686638,2.0328850559917404,3.227841163838397,2.6772579053774823,3.192650117971054,2.33925569529629,3.737150743713257,3.028736237694037,2.023044991305528,3.3995334903601173,3.067041735634489,4.329302955902976,2.049696587415067,3.0697597995943715,3.714762444669121,3.2202740020855365,3.237262780832416,4.3167778258524345,2.7591145861130077,2.6810691773689297,2.233715865081762,2.3548617694449803,4.180282378984829,2.0251685654208686,2.0284309326890546,3.1705187146002505,2.835938942062845,2.0569048115717394,2.3848612797887867
1119,3.4743386361105593,2.0120636614240808,3.8684453953179596,2.032773031921627,3.227676863918032,2.677193971292799,3.1927205584861165,2.339298290187077,3.736861383492505,3.029104304775864,2.022983508041073,3.3988499722896472,3.0673780268626416,4.329123066686039,2.0497031442994222,3.0697626997922947,3.71481224407579,3.2201080052239295,3.237560201886386,4.316542337962754,2.759048887996469,2.6807438205358163,2.2340413080186887,2.354295490848234,4.18045604064254,2.0251786267916283,2.0284765320977733,3.1708432317352537,2.8357252863817926,2.0565294015051516,2.3850829444448403
1120,3.474274878283736,2.012036985762015,3.8684665032388827,2.032661627818519,3.227579213714037,2.677159524286557,3.192863734886212,2.3393524628412106,3.7366395854264356,3.029503042092821,2.022922387168152,3.398237491166948,3.067742784635244,4.328976962475753,2.0497096027209634,3.0697676035972608,3.7148665416784556,3.219930114159961,3.2378225393642412,4.316297449730686,2.7589466115647525,2.680382136083507,2.234365389299312,2.3537255476999803,4.180586134023295,2.0251887649318903,2.0285224546286793,3.1711198260109823,2.835506206794763,2.056158648117199,2.385304771860002
1121,3.4741288694973003,2.012010368496503,3.8684195297105353,2.0325506479250346,3.2274085127159573,2.677088183969916,3.192914007069787,2.3393896788224255,3.736324852722679,3.0298466991278543,2.022861510755001,3.397555512350525,3.068040502253212,4.328810228175575,2.049715699174234,3.069747497962569,3.7149296413673536,3.219776236258223,3.2381199065897137,4.3160902470089475,2.7588757861793725,2.6800745965176995,2.2346986533924724,2.3531886892672804,4.180769998821484,2.025199212663892,2.0285688655624408,3.1714315915265208,2.8353206705875564,2.0557928413485933,2.3855250167641704
1122,3.474126659130562,2.0119838599274673,3.8684584977872816,2.0324403459719598,3.2273447886487476,2.677062601007191,3.1930892472865984,2.3394486385114384,3.7361429065224687,3.030255829778878,2.022801035247823,3.397004597463445,3.068415790260871,4.328701313838145,2.0497218372048263,3.069747470622821,3.715001119785439,3.2196001198523243,3.238359464637493,4.315854812776628,2.7587431108571763,2.6796955089970442,2.2350260383172023,2.3526327074020417,4.180872122820386,2.025209640189746,2.028615535975403,3.171661067117758,2.835113864363888,2.055431368079835,2.385747297716306
1123,3.473944589002857,2.0119573901775323,3.8683639809261177,2.0323303604946314,3.2271335816168216,2.6769694481998605,3.193077851700947,2.3394724121346493,3.7357557258817335,3.030551506020852,2.022740721981922,3.3962845744728245,3.068649314301078,4.3285285967863985,2.0497274109195582,3.0697009558978228,3.715081320912371,3.2194683966965005,3.2386841172965335,4.3156865202078105,2.758686467422507,2.679431983662365,2.235369145817093,2.352130977542765,4.181088719258884,2.0252205228913667,2.0286628074103565,3.171982270555196,2.834966985017898,2.0550748717524527,2.385964891312077
1124,3.474053197716282,2.011931061167598,3.868458598487133,2.0322212037332137,3.2271384524738895,2.6769682307544374,3.193332864689233,2.339544007143885,3.7356647727447863,3.0309986328078438,2.022680911280007,3.3958401676741388,3.069075039921673,4.328472293360878,2.0497333355775598,3.069706764675716,3.7151651618898285,3.2192791821697178,3.238876435793953,4.315438851020824,2.7584976451140126,2.6790036110876247,2.235695321335348,2.3515742103005506,4.181130933012645,2.0252311517449573,2.0287101699989916,3.1721338554953995,2.8347568349655816,2.0547221698929503,2.386188251720361
1125,3.4737635017611384,2.0119047263691074,3.8682720907981736,2.0321121314771746,3.226833252018711,2.676829640395112,3.1931982894230155,2.3395425531453347,3.735135388362772,3.0312107339682672,2.0226210989571007,3.3950188087654913,3.0691969239867793,4.328261329619601,2.049738243149603,3.069615763906219,3.7152527874898262,3.2191747821007737,3.2392557640653523,4.3153244830257975,2.758481211787625,2.6788205910439595,2.2360520813138685,2.3511203660305924,4.181421349485137,2.0252425659087283,2.028758386149443,3.172503232601573,2.8346650600422727,2.054374747675802,2.386400844452674
1126,3.4740790501257512,2.011878600536857,3.868495027820488,2.0320042272995242,3.226993878275243,2.6768938842345564,3.1936415120522392,2.339645669283804,3.7352449804830035,3.0317531878019413,2.0225620099811565,3.394778193964416,3.0697459043957736,4.32829099285586,2.0497441285048486,3.0696428053946856,3.715335051059839,3.2189393142161826,3.239347607317313,4.315025215585971,2.758186859752972,2.6782802915832624,2.2363690275502566,2.350538165007119,4.181344194100353,2.0252532395107736,2.028806339298498,3.172521120574336,2.834422676272405,2.054030216451891,2.386626600215892
1127,3.473584145406139,2.0118523828518327,3.8681556870823783,2.031895958845553,3.226513619654832,2.6766686660808134,3.1932898867602946,2.339602761653688,3.734476223101054,3.031829574933596,2.022502623109404,3.393782185188115,3.0697026245394197,4.328007422949096,2.0497482021518403,3.069499453421101,3.7154287677857707,3.218877502823208,3.239823182452818,4.314990078468803,2.7582545115267445,2.6782304239486194,2.236745801714343,2.350153677537656,4.181767313734463,2.02526533313268,2.028855632125578,3.1729983816625005,2.834411960957913,2.053691736452629,2.3868327957658186
1128,3.4741277876000227,2.011826470955398,3.8685345197918286,2.03178934279291,3.2268696467275033,2.67682240565657,3.1939645252256885,2.339744572625896,3.734819871244943,3.032480031247445,2.0224442615274008,3.393775642038489,3.070396862381039,4.328130766414481,2.0497540577729314,3.0695419112679265,3.71549890262279,3.2185797398991207,3.2398046353648065,4.314625223683362,2.7578424921645803,2.6775655393775226,2.2370513043389435,2.349541443497033,4.181560913606564,2.0252760171899897,2.0289041524294706,3.1728637863757765,2.834126647532874,2.05335495726646,2.3870636123899183
1129,3.473596844488637,2.0118004080534324,3.8681556703429907,2.0316820213153495,3.2263080114792304,2.676545812108334,3.193528984272194,2.339686739067855,3.733973743546855,3.0325013127886087,2.0223854010889513,3.39276923668519,3.0703141291113174,4.327842064965748,2.0497576575518743,3.069409714556288,3.715621971791631,3.2185430864371436,3.2403229421877726,4.314627266587119,2.757940464241621,2.677560414211161,2.2374375800444892,2.3491891221739585,4.182012792102324,2.0252885558616067,2.028954380516066,3.1733675225404703,2.834157730694648,2.05302473306828,2.387268499190389
1130,3.4738782578933254,2.0117746060522723,3.8683605551771585,2.0315761590009442,3.226474073822268,2.676623570400473,3.1939661948134592,2.3397802991903607,3.7340318532486294,3.032981592727221,2.022327397862741,3.392507663442409,3.0707892548011086,4.327859891755907,2.0497625137719657,3.0693733098793348,3.7157011933048087,3.218309083912163,3.2404436920728568,4.314360578732655,2.7576460757693386,2.677073028453254,2.2377655425069802,2.3486546282686667,4.181966902181493,2.0252999630201587,2.0290040141263277,3.1733510731592016,2.8339563785020703,2.0526964361978104,2.38749214565336
1131,3.4738790130405777,2.0117488194423374,3.868344682340868,2.031470432786751,3.2263621539093723,2.6765591103544413,3.1940753107817885,2.3398170966085954,3.7337614331824716,3.033288806028591,2.0222694564175088,3.3919865260860522,3.0710469254155734,4.327767488210417,2.04976667359986,3.0693041371121406,3.7158112178833673,3.218158640262067,3.240726336055627,4.314207170190313,2.7574951185096306,2.6767675019627104,2.2381169408088724,2.3481922864684277,4.182088711207758,2.0253119928883416,2.0290544383502604,3.173509403968242,2.833849356817245,2.0523727236571596,2.387704245019743
1132,3.4735784024346197,2.0117230483807753,3.868122601227053,2.031364894288499,3.226004860527369,2.676375570331717,3.193872043307638,2.339793395680217,3.733136010779714,3.0334130821330394,2.0222115714150046,3.3911579156082614,3.071071018155797,4.327550617947349,2.0497700316121925,3.0691795187215227,3.7159260365169042,3.218077884964431,3.241139141145021,4.314147127065642,2.7574756840680577,2.676648507269016,2.2384911148014117,2.3478051550584444,4.182393663902403,2.0253246250785195,2.029105618829366,3.1738340863318655,2.833832752270455,2.0520534643556974,2.387904062274381
1133,3.474018302972235,2.0116975149315066,3.868417392048771,2.031260683487693,3.226295212433845,2.6765095245503527,3.194465956666681,2.3399127555284966,3.7333835632725094,3.0339881859136177,2.022154507159174,3.3910486827743047,3.0716220644082544,4.3276212212709915,2.049774626327775,3.069155007212081,3.71599759014358,3.2177994607355123,3.2411639974372513,4.313826548988068,2.757079961410731,2.6760681134820334,2.238809680920674,2.347248405564556,4.182235479070242,2.025336225448665,2.0291562990961634,3.1736906470978186,2.8336058089675773,2.051736262847695,2.38811902226795
1134,3.473644295914305,2.011671881993037,3.8681144324692904,2.031156031264194,3.225853300214009,2.6762866765839908,3.19417849584738,2.3398784855672607,3.7327384272024786,3.0340976067592806,2.0220971342083045,3.390205882779168,3.0716018892144286,4.327386462808738,2.0497775870046357,3.069033742032415,3.716136504838044,3.2177375829496473,3.2416114978314248,4.313795730201614,2.757078137193334,2.675987254690352,2.2391909186245726,2.3468870747983512,4.182577048593685,2.0253493055643443,2.029208445086134,3.1740494450318213,2.833625029334529,2.051424664197895,2.388313723667757
1135,3.473789580666086,2.011646441739659,3.868193377918433,2.031052495396303,3.2258957177958107,2.676295754471611,3.194438996006767,2.3399363523941616,3.7326351233761925,3.0344856710660175,2.0220403736519774,3.3898217328831466,3.0719429243465575,4.32734668205476,2.0497813198276185,3.0689907271299255,3.716252672811769,3.2175653450967263,3.2418056058757436,4.313593584517141,2.756828188930548,2.6756123143731783,2.2395344060498013,2.34641402784301,4.182610549622593,2.0253617127942825,2.0292603679258328,3.174080256855587,2.8334978984566144,2.051115406852693,2.388516360874619
1136,3.473938865405091,2.0116210809319606,3.868265709710422,2.030949437035066,3.225934825526208,2.6763054269148805,3.194709748152647,2.339999211074966,3.732574484964857,3.0348965749869428,2.021983898900065,3.3894668799867453,3.072284189957437,4.327310761793624,2.0497849177684415,3.068949697663619,3.7163732987244944,3.217396430593994,3.2420166114602735,4.313405797757745,2.756582139105739,2.67523715963108,2.2398783706520757,2.3459435365666366,4.182632156098332,2.025374275013181,2.02931274988323,3.1741142217432574,2.833385471749059,2.050809713213823,2.3887164959904412
1137,3.4736107085392645,2.0115957002035945,3.8680014041080577,2.030846341433503,3.2255666602017357,2.676117705673735,3.194482419123642,2.3399713403005977,3.731980169519451,3.035033399048693,2.0219273658620702,3.38867123527725,3.0722921328852633,4.327091347223952,2.049787457509545,3.068842743631477,3.716525051648958,3.217350362102048,3.2424637746440985,4.31337884622079,2.756564859624903,2.6751612665495283,2.2402593146090455,2.3455880312489894,4.182946663238559,2.025387749459523,2.029366171068931,3.1744405957893758,2.8334224421204617,2.0505085505835776,2.3889030828979134
1138,3.4739593619267244,2.0115705420013184,3.8682149495595897,2.03074446743883,3.225780469694765,2.676216213090918,3.1949547133762928,2.3400658689906764,3.732115329715694,3.035549470580285,2.0218715622277608,3.3885038264294005,3.0727779347682684,4.3271292349344215,2.049791110491561,3.068833492575531,3.7166417666759988,3.2171377890707475,3.2425643697911446,4.313113688278861,2.75621717179341,2.674686996090562,2.240589188217714,2.3450804105717227,4.18284805508148,2.025400287849692,2.029419174123359,3.174340026422446,2.8332636876898505,2.0502092968035046,2.3890996647237928
1139,3.4737978599082,2.0115453498312212,3.8680453944967725,2.030642465538663,3.225494726463517,2.676061031729827,3.1948426319338328,2.3400609966548487,3.7316882709885633,3.0357701866944344,2.0218156491431785,3.3878698975406367,3.0729010347764256,4.3269729514936,2.0497936749688987,3.068757618304124,3.716789145844121,3.217053312942903,3.2429317470921477,4.313036157984851,2.75612291001669,2.674520715478232,2.240959218339469,2.344695043852028,4.183060546223304,2.0254138316010755,2.0294733068840056,3.1745593771733014,2.8332636700946674,2.04991462209425,2.389284889514652
1140,3.4737497054985376,2.011520266219609,3.8679809405582555,2.030541119477018,3.2253600286297757,2.6759898708872285,3.1948859457933536,2.340076081828815,3.731369806351387,3.036041475283295,2.021760049630089,3.387311155968724,3.073088660694303,4.326850526514141,2.0497961918532313,3.068664502821235,3.716890903202854,3.216919068072401,3.2432098454876526,4.3129023612885335,2.7559567207705524,2.6742874444394196,2.241320052075733,2.344287196844954,4.183209413720425,2.0254273391295445,2.0295277406924805,3.174706115568157,2.8332359691593467,2.0496229622491002,2.389470559390331
1141,3.474024412948493,2.0114953298119693,3.8681397495418333,2.0304406081380693,3.2255143174347265,2.676055279221441,3.19525998260345,2.34014994053057,3.731400697305861,3.0364936921884063,2.0217049239786538,3.387041546350795,3.073486049998932,4.326840568022174,2.049799097564723,3.0686003343296746,3.7169522835905147,3.2166937657669195,3.2433231218037126,4.312661306064682,2.755633411731952,2.6738642785616418,2.2416557947721496,2.343807689862645,4.18315790898364,2.0254404767332495,2.0295822284933274,3.174658250754451,2.833122048201005,2.0493338235984324,2.389656773674927
1142,3.4737560423124956,2.011470355546349,3.8678976929594766,2.03033995405254,3.2251478469895662,2.6758550697960115,3.195007346919937,2.3401173085117972,3.7308200346248985,3.0366292682198184,2.021649679511903,3.386284582948103,3.0735096807896367,4.326630641324785,2.0498009058468427,3.068481117177113,3.7170586452892085,3.2166138139211675,3.2437191235101626,4.312617953075717,2.7555782195619454,2.673768904816014,2.242033703611134,2.3434562829836896,4.183435091130361,2.0254546637790765,2.029637894882089,3.1749476158819268,2.8331702524370597,2.0490489929441584,2.389827892168954
1143,3.473972147490013,2.01144556443009,3.8680203809753566,2.030240328386656,3.2252635390207702,2.675897951151482,3.1952947837929857,2.340173534166006,3.7307509810482156,3.0370215208299083,2.0215949896770278,3.3859464155974957,3.073864561101097,4.326595935184537,2.049803395384518,3.068420029654844,3.7171287335453993,3.216413550755056,3.2438585443464807,4.312394971632752,2.755278556049026,2.6733923527088734,2.242373978342362,2.3429994986280085,4.183429551658785,2.025468237616966,2.029693399235089,3.1749361428627356,2.833079457368943,2.0487662250743237,2.3900054580596164
1144,3.474030176943467,2.0114208144393695,3.8680130020919616,2.030140976323395,3.225214115738884,2.6758667250386248,3.195409909530805,2.3402018659183597,3.7305346903037298,3.0373460768492695,2.0215404608779495,3.385491594920416,3.0741235742448025,4.326507276050489,2.0498055124053125,3.0683501752946336,3.7172183619666117,3.2162637099362534,3.244090914766866,4.312235297700077,2.7550613117856595,2.6731097815601785,2.2427258856364416,2.3425794412574548,4.183512909107654,2.0254822098528735,2.0297495623971313,3.175009880183104,2.8330321003173604,2.0484868684661626,2.3901764334594064
1145,3.4738826053427054,2.011396097660872,3.8678485371758047,2.0300418376694083,3.224949410660231,2.675716240068482,3.195279661784387,2.340189594634792,3.730090004084539,3.0375543554933575,2.021486051633458,3.3848762023936443,3.074274562153863,4.326356223382824,2.0498072443288096,3.068286309691957,3.7173427971027895,3.216183197019255,3.2444357642849857,4.312150700251358,2.7549475493639006,2.672950904672204,2.243093230957761,2.3422076715425795,4.183714497869897,2.0254966517397186,2.0298064446032043,3.1751977452196622,2.8330379376736223,2.048210919245072,2.3903388324986423
1146,3.474167714375195,2.011371553362929,3.8680103942713355,2.0299436527750396,3.2251049781323475,2.6757773588825478,3.1956311100129122,2.340256618776922,3.730094655432789,3.037994283518887,2.021432164437915,3.384630925613218,3.07471135290058,4.326360443921674,2.0498095883941083,3.068279263195225,3.7174397627739593,3.2159995663628482,3.244568030840991,4.311913366762495,2.75462652883664,2.6725482864847194,2.2434265742382085,2.341740078022067,4.183653915296607,2.0255105340540522,2.029863228718407,3.175114334367774,2.832915959600206,2.0479369740745916,2.3905035721910326
1147,3.474024346806579,2.0113469965372888,3.867854719294515,2.0298454605460052,3.2248492961836424,2.675642743505458,3.1955119912272663,2.340243496172027,3.729650968840401,3.038196312250319,2.021378241575395,3.3839961468505124,3.0748428301300033,4.326202175444372,2.0498109972349923,3.0682146567292197,3.717572509151074,3.215934663078802,3.244936497647538,4.311839547925451,2.754524535517894,2.6724047361417576,2.2437934501107843,2.341370475671084,4.1838473094055555,2.0255252718920653,2.0299210674797568,3.175290302647035,2.832919566706539,2.0476667825199684,2.390658361962104
1148,3.4740697648594905,2.0113225569026234,3.8678425779683963,2.029747926644569,3.224778912995848,2.6755989770475574,3.1956130050423193,2.3402670610262573,3.7294301323752523,3.0385045460657705,2.0213246652323105,3.3835282446110098,3.0751093933946025,4.326114091802745,2.0498125893480106,3.068162656891227,3.7176740620842077,3.2158153028611673,3.2451942436325285,4.311692469681866,2.7543216256032452,2.672140541745766,2.244144095311217,2.3409597451597217,4.183927004537637,2.025539861107729,2.029979146892394,3.175347780361691,2.8328693397037092,2.047399071712586,2.390818329478614
1149,3.4742279715726085,2.011298221292724,3.867917728182438,2.029650984712344,3.2248340194248684,2.6756240628018415,3.195853122940108,2.3403110117647072,3.7293114372975045,3.0388661911404222,2.021271392465608,3.383144897884316,3.075432947600615,4.326054779997461,2.0498141497736726,3.0681047435173276,3.7177410415365237,3.215656980093976,3.245382523419906,4.311499160373845,2.754062707117508,2.6718161062785732,2.244485153192878,2.3405265867138207,4.183943174685328,2.0255544214404777,2.030037567881151,3.1753410767898465,2.8327874689186565,2.0471339257220573,2.3909759338682663
1150,3.4740615538937263,2.0112738934194105,3.86774609201417,2.029554134371652,3.2245765186521957,2.6754884594692494,3.1957350782653977,2.340296197561644,3.728866111212664,3.0390567192638906,2.0212181602672428,3.3824815344795196,3.075535914123685,4.3258742579625835,2.0498149864604605,3.068001838087849,3.717820195453924,3.2155704510973417,3.245726997975793,4.311420065775264,2.7539611677721076,2.6716767951076674,2.2448508879054505,2.3401670145795848,4.184147663479994,2.0255696610162603,2.03009690703227,3.1755315658051875,2.8327987626091398,2.046872205237811,2.391124592106373
1151,3.474254634748094,2.011249716073511,3.867843549866672,2.0294581234221756,3.2246605036593907,2.6755232176029655,3.19601633113432,2.3403506771385905,3.728828306536696,3.039452232886698,2.0211653926287467,3.3821381929492604,3.075887375353209,4.3258278087452675,2.049816305502542,3.0679330872533344,3.7178573793480547,3.215377202438377,3.245867586757486,4.311202814940939,2.7536725707032916,2.671314165331141,2.245186124687537,2.339726832287675,4.184131274015093,2.025584463113372,2.0301562571527705,3.175495580794766,2.832704955846471,2.0466125283960004,2.3912803896304933
1152,3.474221826824166,2.0112255693500045,3.867778354440802,2.0293623337992934,3.22453424139864,2.675458746893406,3.1960438231894925,2.34035958799893,3.7285183231844155,3.0397047424962444,2.021112707518356,3.381584462992066,3.076083422606887,4.32569605718597,2.0498170647400427,3.067841122596512,3.7179153839745935,3.2152533860841537,3.246130872707153,4.311065903270684,2.753496806097503,2.671092823642009,2.245538377541135,2.3393389872375514,4.184255228231802,2.0255997983722986,2.0302164219810535,3.175601150857085,2.8326778672009816,2.0463559609670288,2.3914300317588406
1153,3.4741687462735453,2.0112014908606244,3.867685499504741,2.029266930981193,3.2243610284421766,2.6753646439239347,3.196041842769432,2.340367224905198,3.7282232843682124,3.0399664599573857,2.02106025612093,3.381050342314562,3.076301130030298,4.325572003620975,2.0498177767570276,3.0677701020919486,3.7179886430887765,3.2151469142391154,3.2464134335143076,4.310940005170114,2.753331513701378,2.6708733953304167,2.2458903849037557,2.3389543428936928,4.184380565024286,2.0256153086320037,2.0302771105438575,3.1757113489735707,2.832653439013619,2.0461020730464905,2.391579630681224
1154,3.4743312758496616,2.011177535410363,3.8677562734797313,2.0291721986243716,3.2243947212026614,2.675381035170812,3.1962838557546434,2.340415224237921,3.7281563158512503,3.040348751111987,2.0210081812701963,3.380702852836649,3.076662175745739,4.325524719012753,2.049818726789788,3.067728295828621,3.718049366881637,3.214991310190551,3.246591057681189,4.310736387944809,2.753065637419973,2.6705333620894276,2.2462238697131194,2.3385227433642704,4.184374142347577,2.025630602422215,2.03033799497477,3.1756811612726117,2.832561862756393,2.045850292370072,2.3917292159087284
1155,3.474200316487548,2.0111535982605866,3.8676150655091233,2.029077599720355,3.224161255244746,2.6752653385800444,3.196201780477148,2.340404990482482,3.7277470395056835,3.04055374081172,2.0209561420723534,3.3800818840907443,3.076815349465117,4.325365494733015,2.0498190252317756,3.067663303053282,3.7181462651996435,3.2149223909667666,3.2469294182080755,4.310637470317003,2.7529462689363955,2.6703707617257852,2.246579757681142,2.338157283865978,4.1845444847144275,2.025646538042324,2.0303997923912567,3.175832710536697,2.832554362692415,2.0456015692131064,2.391868940377874
1156,3.4743007769309395,2.0111297807780293,3.867632410444984,2.028983646298483,3.2241129433655185,2.67523670157947,3.19635567574553,2.340438963006111,3.727614778448502,3.0408995618655794,2.0209044766078645,3.379694922331443,3.077152139463527,4.325304827297724,2.0498196834129434,3.067636762534037,3.7182307728194557,3.214793950090165,3.2471398270025116,4.3104514797083215,2.752704023083292,2.670050541523563,2.2469142474440984,2.337737985011718,4.184564819039652,2.0256622427953173,2.0304617922531323,3.175834659874937,2.8324758080403565,2.0453549496040706,2.392015251458662
1157,3.474325845726719,2.011106026211378,3.86760654922881,2.028890083274649,3.2240251942100047,2.675197270268592,3.1964482388761084,2.3404574795594018,3.727376317944065,3.0411851701944244,2.0208529747969957,3.379205245388732,3.0774108421457687,4.325201470857648,2.0498199629333107,3.067581518173142,3.7183028395262845,3.214679886872446,3.2473801727231844,4.310286045670796,2.7524967644969056,2.6697795178005626,2.2472532575515514,2.337336731243004,4.184634735809981,2.025678220962348,2.0305244115127716,3.1758809248158206,2.8324153405065493,2.0451109019504226,2.3921572473786847
1158,3.474251010672106,2.011082326080544,3.8675108246464704,2.0287968481980383,3.2238577657393717,2.6751147143830316,3.1964460352565616,2.3404601561190788,3.7270458282772134,3.041414950300907,2.020801625816187,3.3786217297692698,3.0775923156834484,4.3250578171113405,2.0498199169284526,3.067507497186548,3.7183650631035716,3.2145784167832603,3.2476637928058096,4.3101527709550425,2.752335636899551,2.6695611921853324,2.2475988464403756,2.336957704138493,4.184760069087467,2.025694520720782,2.0305877045648155,3.175992093078764,2.8323825154778786,2.0448694816311037,2.3922952006626854
1159,3.474390475612127,2.0110587425464477,3.8675682683513113,2.0287042510316957,3.2238755192338644,2.6751174559811783,3.196661428200432,2.3405029200632286,3.7269525151635188,3.0417672193094245,2.020750637065275,3.3782290240822093,3.0779238576339907,4.324994102235033,2.0498200927230514,3.0674521193491495,3.718397579496142,3.2144149390829084,3.2478312374408684,4.309943345186312,2.75207419297639,2.669216164981802,2.2479260331382895,2.336533210789881,4.184755648405185,2.0257106216632743,2.0306512297092394,3.1759698858721466,2.832285091782323,2.044630066938305,2.3924364830012457
1160,3.4743058171335064,2.0110351902263037,3.8674673892278277,2.028611875024509,3.223709284133174,2.675039205612805,3.196643920089204,2.3405017442045812,3.726591135996821,3.0419765586116077,2.0206997198249317,3.377610137656914,3.078082357334357,4.324836763304388,2.049819657923616,3.067362089330297,3.7184447909171596,3.2143142332204255,3.2481208441024645,4.3098125347575635,2.751926065443695,2.669013628624759,2.2482701478953038,2.3361589619841134,4.1848913284567235,2.0257272570863223,2.0307156029617626,3.1760899444519994,2.83225336536257,2.0443933815277178,2.3925687288939304
1161,3.474359229098651,2.0110117367466724,3.8674620393213797,2.028520029340448,3.223649091965821,2.6750097942085285,3.1967695282848245,2.340529270871106,3.7264153148991457,3.0422794136123295,2.0206491119761334,3.377143612218624,3.0783629919753666,4.32474444272416,2.0498194096316253,3.067298816316458,3.718488118459347,3.214177169804583,3.2483345573688878,4.309628380279706,2.7517045546287746,2.668714473348773,2.2486007126767573,2.3357532815567135,4.184936334562092,2.0257438258967806,2.0307803273161165,3.1761218167124023,2.832180373608157,2.044158809735,2.392707084883717
1162,3.4743986570992464,2.010988354717196,3.8674433421895493,2.0284285876133294,3.2235649652762253,2.674969046565301,3.196865439146994,2.340550906238775,3.726200848888295,3.0425671871777578,2.020598721561792,3.376658506786762,3.0786338510714346,4.324644098710014,2.0498189857800155,3.0672427710928054,3.7185438631981644,3.2140579176776622,3.248567472522905,4.309453820139856,2.7515019096246354,2.6684366816979335,2.2489318700795153,2.335353376520915,4.1849926949268355,2.02576057101759,2.030845602898313,3.176158236252541,2.832105669692324,2.0439265075849167,2.3928420207050647
1163,3.4743347246878162,2.0109650251397952,3.8673462711743394,2.0283374552322178,3.2233957515616205,2.674888335300154,3.196863686651798,2.340553913107845,3.725875159712031,3.0428002822441558,2.0205484838928887,3.3760852786491915,3.0788344579373517,4.3245056050760144,2.049818290392789,3.067189353346766,3.718617585383906,3.213972145628617,3.2488658082769195,4.309317179526255,2.751352349042736,2.668221399340127,2.2492696798139216,2.3349747041490088,4.1851048766895955,2.0257776352753187,2.0309115678277054,3.176256796024618,2.832055788330002,2.0436966083110977,2.3929693077279226
1164,3.474434139149796,2.010941800484722,3.8673676811004754,2.0282468805247063,3.223355214659278,2.674865772119371,3.197027259140615,2.340589579829893,3.725756810486266,3.043142770150567,2.0204985749559734,3.375686492161739,3.0791780555367323,4.324442864100806,2.0498178087929304,3.0671555279900713,3.7186737824042106,3.213835579782119,3.2490656844759798,4.309115622243651,2.751114549899406,2.6678931569752953,2.2495913304693627,2.3345588341208092,4.185111132464308,2.0257945765207164,2.0309778482544685,3.1762459419784643,2.831954601492898,2.0434686407542197,2.393103921534344
1165,3.4743629434268097,2.010918617370484,3.867270293163555,2.028156577220619,3.2231857753790214,2.67479144152073,3.1970220545732047,2.3405914948381707,3.7254296127374555,3.043375496708363,2.020448765353237,3.3751081332606025,3.0793790001387356,4.324303384348326,2.0498168011316396,3.0670891856987494,3.7187347598507925,3.21374322160113,3.2493566357203205,4.308972954673195,2.7509612674027144,2.667673205017146,2.2499251769676825,2.334179332195456,4.185221875289756,2.0258119574542994,2.031044932246679,3.1763432570392696,2.831902257698811,2.0432430955424223,2.3932295313286143
1166,3.474393796684513,2.010895524708277,3.8672442391567206,2.0280667655959403,3.223102896840996,2.6747525928582716,3.197126079215952,2.3406148177960735,3.7252382255919056,3.04367629129659,2.0203992260693875,3.37463362833741,3.0796599005259124,4.324207209068293,2.049815864694433,3.0670347890003713,3.7187772830917107,3.213612876474017,3.249582589424583,4.308788911918109,2.7507525339914993,2.667379273844343,2.250248201544406,2.333776321999802,4.185263083346637,2.025829321540815,2.0311124361622777,3.176375132312113,2.831816216640659,2.043019530782707,2.3933571536351765
1167,3.47440979944475,2.0108725031114414,3.8672116323117467,2.027977354493504,3.22300827563033,2.6747051176177576,3.1972070035657145,2.340635082874973,3.7250246753297365,3.0439620770754914,2.020349891961904,3.374135761550926,3.0799237842460108,4.3241008899758135,2.049814686623142,3.0669621062812764,3.718803191230447,3.2134756422530666,3.2498041017939316,4.3086054578513195,2.750551491054567,2.6670947088171673,2.25057090101029,2.3333781919881202,4.185314908290728,2.025846862018358,2.0311805164039733,3.1764125021039034,2.8317296992506233,2.0427980886722845,2.393483888612692
1168,3.474355236130589,2.0108495388430225,3.8671284666584484,2.0278882929296613,3.2228811360093186,2.6746503003807156,3.197238219955459,2.3406431242568475,3.7247273472638867,3.0442020974859743,2.0203007113494857,3.373552148185614,3.0801155210444886,4.3239563813017305,2.049813181681026,3.0668725152182774,3.71882714171547,3.2133524416938855,3.2500653721142108,4.30844366784471,2.750383858432134,2.6668558219339022,2.250897450539699,2.3329936023938664,4.185405666700884,2.025864671714068,2.031249265809547,3.1764949627935426,2.831661561348609,2.0425788494720702,2.393602645627324
1169,3.4744205052368917,2.0108266663391112,3.8671244806937093,2.0277997160655588,3.2228146391492962,2.6746143311458317,3.1973550807605173,2.340672373938287,3.7245734279029157,3.04451574885914,2.020251821040167,3.3731012475101783,3.080422874503677,4.323873558033782,2.0498118087263264,3.0668048386831397,3.7188454885975153,3.213197050074827,3.2502554083484814,4.308236576600064,2.7501555533083746,2.6665351154561283,2.2512121318122804,2.33258340263697,4.185419392583139,2.0258824418177612,2.0313184133987567,3.176496037947026,2.8315552470899936,2.042361495098104,2.3937284939938492
1170,3.474357596440594,2.0108038415495826,3.8670308973965883,2.027711432818292,3.2226578042452334,2.6745419981658056,3.197347317128232,2.3406748026835174,3.7242461156550597,3.0447397345574747,2.020203047795677,3.3725041325808656,3.080617306001027,4.323729498270164,2.0498100078287127,3.0667241014242155,3.718880752943879,3.2130853568199096,3.250528536084099,4.308077223372365,2.7499971506054703,2.666305011304062,2.2515363829312682,2.3322016630400944,4.185514254489715,2.0259005903932747,2.031388328371121,3.1765798557999636,2.8314846446980853,2.042146336778388,2.393844965862619
1171,3.4743895834956966,2.010781104081732,3.867000586591367,2.0276236162584955,3.2225763678959627,2.6745073423721246,3.1974467562061912,2.340698000919349,3.72405283821341,3.045036519762978,2.0201545493119095,3.372017874869514,3.0809001505617917,4.323632136491128,2.049808321937105,3.0666694832901857,3.718919530348692,3.212953207866211,3.2507551530980345,4.30788270047217,2.7497908880657107,2.666010871351541,2.2518501723716153,2.33179747544469,4.185541978316127,2.0259187212946466,2.031458673900499,3.176595282479838,2.8313795391805447,2.0419330014202135,2.3939621347964546
1172,3.4743780336835512,2.0107584298427397,3.866938479463617,2.027536148139981,3.2224452643213755,2.674442770813777,3.1974886184691806,2.3407127040991513,3.7238167682313636,3.0453154737015717,2.0201062400889738,3.3715029117317217,3.0811678006331635,4.323524464118135,2.049806441076034,3.0666171707813237,3.718968556554781,3.2128387344720357,3.251007790662949,4.307705781915508,2.7496091900180843,2.6657420262376244,2.25216584453463,2.3314033231391598,4.1855946663447146,2.025937078309353,2.0315296607448032,3.176631566736069,2.8312832486841186,2.041721677381407,2.3940788271539533
1173,3.474345134569174,2.0107358225215397,3.8668647072092233,2.0274490668325886,3.2223301378873934,2.6743983146327066,3.1975378000222907,2.3407236995018637,3.723541772879712,3.045571863949263,2.020058102942972,3.370948574534185,3.0813978178447234,4.323399053306742,2.0498043499125815,3.066565861247357,3.7190241823571775,3.2127343153154726,3.2512815346798867,4.307534959588085,2.7494380060972126,2.6654921647174756,2.2524812399623584,2.3310121254468523,4.18565837971723,2.0259556338384015,2.031601290024947,3.1766879088048796,2.83119360127034,2.0415123038590246,2.394187420313707
1174,3.4743814759698606,2.0107132968948376,3.8668399927164607,2.0273624246407533,3.222252248798653,2.6743595651698233,3.197639833634538,2.3407487518408865,3.723369382782664,3.045883464571647,2.0200102192385656,3.370477798938113,3.081703795353993,4.323312480550996,2.049802263233166,3.066519103835587,3.719064693160196,3.212601564645162,3.2514993302141253,4.307333917897546,2.7492271629362595,2.6651869218648883,2.2527884722770684,2.330606345417727,4.185675878305274,2.0259742254695525,2.031673408027704,3.1766929937509025,2.831081184143738,2.0413047523752623,2.394303652237548
1175,3.4743126409578537,2.0106908218438098,3.866739442132503,2.027276087671011,3.2221039238583464,2.674297021898086,3.197646399306232,2.340754678745417,3.7230688086836805,3.046121802672633,2.0199624646412455,3.3698915742493614,3.08190766802903,4.323172839785744,2.0497997608112546,3.0664465018406126,3.719102428239476,3.2124897938998176,3.251774207721984,4.307167689435,2.749067703559761,2.6649503213564736,2.253102771064775,2.330222079772562,4.185755610125712,2.0259931552323494,2.0317463020759994,3.176770432721451,2.830999585849754,2.041099235058502,2.3944109330032064
1176,3.4743448009930296,2.0106684337840166,3.866716847599468,2.0271902222070364,3.22205134358949,2.6742722324165955,3.19776162602077,2.340779578979385,3.722881205716803,3.0464204267304993,2.01991495967327,3.3693873571518096,3.082187215605086,4.323072070491266,2.0497972720198128,3.0663786360941003,3.719116634596946,3.212339731622431,3.2519819707152666,4.3069580031029995,2.7488545412250187,2.664649249645973,2.2534066197038736,2.3298170102203497,4.185773264608239,2.026012069686705,2.0318196467050322,3.1767819775730386,2.830886118212312,2.0408954308586273,2.394521049146504
1177,3.474294901812893,2.010646098628953,3.86662673907084,2.0271046504260646,3.221890422012426,2.674197769355345,3.1977586477765776,2.3407879532209694,3.722606891303397,3.0466674153732587,2.0198676148405137,3.368819566334337,3.082415746387968,4.322945345698018,2.049794472011958,3.066295358723358,3.719132481624413,3.212206803475695,3.2522290001025778,4.306777243710153,2.7486818260286796,2.6643940876649106,2.253715504372523,2.329428966720861,4.185837177939433,2.026031285657675,2.031893732816395,3.1768433239086167,2.8307965421388754,2.040693586460154,2.3946289965024237
1178,3.4742868595717855,2.010623839016967,3.8665721416085423,2.0270195065089447,3.2218088131240403,2.6741669002422395,3.197834780884171,2.3408037631070133,3.722363907648254,3.0469356042094717,2.0198204691734367,3.3682568194263895,3.0826515652909716,4.322820576076554,2.0497915343010438,3.066211742005867,3.7191401694269617,3.2120600324530404,3.25245836145994,4.3065768435546214,2.748486050719284,2.664119121344553,2.254018734314346,2.3290310378344543,4.18587502615245,2.0260505904294184,2.0319683744519432,3.1768812127323356,2.830694964673066,2.0404934805643604,2.3947320499721974
1179,3.4742788934331754,2.0106016472391923,3.8665097831663453,2.026934713175144,3.221670428629422,2.67410198446363,3.1978642028463837,2.3408185007200304,3.7221350899308208,3.047209617219668,2.0197735433458575,3.367734060184617,3.082927190661316,4.322716516257986,2.0497885237911717,3.066139679024916,3.7191558328093968,3.21191618779643,3.25267819755319,4.306373480906658,2.7482864483170877,2.663832858320108,2.2543193557073318,2.328632766995665,4.185906979975449,2.0260700441227235,2.0320436200363585,3.176905896780798,2.8305862602727703,2.040295135862371,2.3948386770700747
1180,3.474232862056424,2.0105795154445727,3.8664176712631626,2.0268502702298465,3.2215402267079516,2.674047351535574,3.197892233663689,2.3408273387571548,3.7218558082334328,3.0474624634024,2.019726774730848,3.367152856138578,3.0831499893435668,4.322582811640334,2.0497852646798673,3.066070453854643,3.7191840821061937,3.211791442107672,3.2529395642650467,4.30618798171983,2.7481097983162766,2.66357831147032,2.254621485951158,2.328241068570107,4.185958143667586,2.0260897198083954,2.032119554588692,3.1769561533898063,2.8304858427179997,2.040098577801542,2.3949350641940477
1181,3.4742496241344463,2.0105574632409136,3.8663745401143443,2.026766248448987,3.221447067884515,2.6740052490637414,3.197970514231163,2.3408481991393475,3.721656401575352,3.0477593156778555,2.0196802463934573,3.3666471014921973,3.0834451705061294,4.322486761588312,2.0497820129787607,3.066015376039008,3.71921070138565,3.211652252103286,3.2531577008610815,4.30597536460416,2.7478986334423228,2.6632792768450058,2.2549159180290896,2.327836477326425,4.185969009575955,2.0261094392081,2.0321960104558214,3.176955675781284,2.830362196120805,2.0399036459341304,2.3950365290790696
1182,3.4741880130865286,2.0105354633596826,3.8662705753910953,2.0266825279198044,3.2212916735395014,2.6739381306664143,3.197973174319345,2.3408554678417715,3.7213743277104587,3.048010377673381,2.01963386060276,3.3660706931061375,3.08367978262298,4.322359478808364,2.04977847396022,3.0659560965734998,3.719249136950973,3.211538620732488,3.253427018011056,4.3057930483487645,2.747726697053894,2.663027829794629,2.2552148915573063,2.327446594283903,4.18602257505528,2.026129453828668,2.0322732400726005,3.1770058299327397,2.8302614665916,2.0397105294567277,2.3951320038619026
1183,3.4741941012327073,2.0105135422997162,3.8662195179279424,2.0265992400736192,3.221214870721394,2.673906415211945,3.1980600066848632,2.3408754090273773,3.721162756550405,3.0483016007019414,2.0195876951997325,3.365539060476176,3.083956307797605,4.322252960210859,2.049774862104183,3.065899674497925,3.7192753466100408,3.211405541769242,3.253659883038561,4.305585059514102,2.7475227610606887,2.662739598897204,2.2555062984392653,2.327042863765999,4.186034932308205,2.0261495072016564,2.032351005005056,3.1770107416832007,2.8301384257085394,2.0395189916716117,2.3952269106332365
1184,3.4741457145735994,2.010491678443071,3.866128855259823,2.026516263617258,3.221068146766652,2.6738395825278274,3.1980699308267204,2.340885501079852,3.7209017017002344,3.0485598829238825,2.0195416961657067,3.3649686860545533,3.0842032689673617,4.322131768170259,2.0497709808553357,3.065829385714296,3.719297094412371,3.211279787576541,3.2539115682982875,4.305393376517932,2.747342910151533,2.662478656949163,2.2558003186279385,2.326650562208449,4.1860769823699595,2.026169810618696,2.032429502102474,3.177044710713521,2.830028771128224,2.0393291941737233,2.395321750281896
1185,3.474123405242318,2.010469884476598,3.866057099440793,2.0264336782735475,3.220975825238252,2.6738044643629593,3.1981356653318063,2.340901145957342,3.7206605802151924,3.048828227867338,2.019495879946406,3.364390932383006,3.0844391382513967,4.322004252037001,2.049766905621992,3.0657515201316556,3.719306785662236,3.211141790803242,3.2541557396143386,4.305191542833047,2.747151503908333,2.662208381318486,2.2560903899441396,2.326252107858507,4.186101741489953,2.026190234693347,2.0325086266926937,3.1770679205228083,2.829913228818964,2.039141014812612,2.395411172909549
1186,3.474100325054382,2.0104481561305647,3.8659830521424254,2.0263514405026615,3.220845708006137,2.673743270143733,3.1981650937487363,2.340914277157153,3.7204162141290857,3.049095655233156,2.019450260834964,3.363825191919716,3.0846996302966714,4.32188694452744,2.0497626661308557,3.0656686220226725,3.7193085128478236,3.210999182050811,3.2543837794810124,4.304984426827545,2.7469569812134926,2.661932611751924,2.256378535043555,2.325855033781017,4.186127318812552,2.026210818417061,2.032588397673886,3.1770821181374047,2.829794871322454,2.038954457895967,2.3955050197090255
1187,3.474054507908483,2.0104264880997125,3.8658884365511423,2.0262695407179097,3.220717574049885,2.6736932974297623,3.1981959781733273,2.3409249056936217,3.720147504411703,3.0493486827279295,2.0194048034254433,3.3632282726502165,3.0849250231397156,4.321751589366843,2.0497582011372764,3.065582268481193,3.7193106946613015,3.210860080509499,3.2546333318432854,4.304783828024046,2.7467701882188464,2.6616715234849795,2.2566662551410417,2.3254600218743446,4.186160417629926,2.0262316070902293,2.0326688902356214,3.1771167380841234,2.8296848153263605,2.0387695335324567,2.395591107061585
1188,3.474047349387278,2.010404892518787,3.8658241096763484,2.026188024946818,3.2206065609306043,2.6736421151815644,3.198248572530921,2.340941203795018,3.719920186054205,3.049630036809101,2.019359562726341,3.362672510033996,3.0851994491224426,4.321638164496083,2.0497536460560233,3.0655009530975486,3.7193065180130125,3.2107100866554266,3.2548522332200154,4.304566301745349,2.7465633945529713,2.661385414589462,2.2569487847047998,2.3250587154443694,4.1861714401364605,2.0262524836488573,2.032749971699942,3.1771160506509344,2.829558653119244,2.0385861128479235,2.3956809951994575
1189,3.4739906916609375,2.010383351939983,3.8657180388401198,2.026106817295333,3.2204595953392796,2.673579819773762,3.1982618409054773,2.340949913734355,3.719646397146511,3.0498862691565667,2.0193144755179437,3.362079045481357,3.08543734986063,4.321505764586772,2.0497488711343057,3.0654256514149054,3.7193163024594607,3.2105788775093416,3.2551081145472,4.304367470319493,2.746379090738461,2.661127646518008,2.257233056459213,2.3246652149277733,4.186205049988311,2.026273605740626,2.0328318224302784,3.177147264457151,2.8294463064202233,2.0384043078714775,2.3957641613788514
1190,3.4739788493751482,2.0103618842387196,3.8656465440236505,2.026025998160123,3.220348445801955,2.673531410745091,3.198315786979519,2.34096660473583,3.7194225697759524,3.0501726155581004,2.019269597734886,3.361530309178991,3.0857184520866845,4.321394967152207,2.0497440163688148,3.0653584987168423,3.7193228136209804,3.2104378318080453,3.2553374161459177,4.304150610506688,2.7461714582344485,2.6608416307693448,2.25751117031473,2.324262652317769,4.186210833291986,2.026294808103104,2.03291428071533,3.1771451595492177,2.8293198276317075,2.038223976306234,2.3958494533474197
1191,3.473923985517101,2.0103404730245864,3.865543666810674,2.0259454935399908,3.2202037734501356,2.6734658734783334,3.19832631906723,2.3409751508008654,3.7191504564108535,3.050434017533747,2.0192248752057997,3.3609398519635536,3.0859711794986757,4.3212678116871155,2.0497389125872854,3.065288766158576,3.719334732124376,3.2103103315067503,3.255590708131596,4.303948598866841,2.745984313927884,2.6605813872047657,2.2577910339774854,2.3238685823756664,4.186240102971336,2.026316243812677,2.0329974956968697,3.1771650354599763,2.8292030357631828,2.038045205122737,2.3959317289910746
1192,3.4738995809625766,2.0103191304899797,3.865460266891796,2.025865356500808,3.2200875422409805,2.6734169528547027,3.1983718800240686,2.3409901642210516,3.7189144708778246,3.050711613879235,2.0191803447339156,3.360373796612322,3.0862391246968346,4.321150073605953,2.04973368435343,3.0652218623275322,3.719341048253058,3.2101725199216555,3.255830071471161,4.303734343856503,2.745780952970384,2.6603026746317497,2.258065989298646,2.3234669054429165,4.18624574538916,2.026337785520352,2.033081365868746,3.177165306120619,2.829076311196367,2.037867890541106,2.39601141609824
1193,3.4738520537020294,2.0102978482976686,3.865364083059577,2.0257855472293045,3.219945405978921,2.673349062652524,3.1983816982892,2.3409989379358054,3.7186423346482806,3.050971195241453,2.0191359800301134,3.359777080756727,3.086495265421444,4.321022768743153,2.0497281980563784,3.0651431214060034,3.719338743203751,3.2100360154796226,3.25607088226526,4.3035241676553255,2.7455875385624116,2.66003784686138,2.2583413155579546,2.323071505016691,4.186267247745514,2.0263595262665546,2.0331659618743485,3.1771723460281773,2.8289528421199166,2.0376920715327684,2.396091891965019
1194,3.47381564794354,2.0102766297694723,3.8652711945912763,2.025706085825451,3.219827302941682,2.6733013718266343,3.1984244808303104,2.341011657087018,3.7183881284360236,3.0512355146794774,2.0190917867640947,3.359178844278396,3.0867413396972614,4.320891275137141,2.049722530744933,3.0650618887814183,3.719330975179531,3.2098918485084207,3.256310365578331,4.303308020900382,2.745385431375955,2.6597653212215215,2.25861323750267,2.322671424935499,4.1862749073956875,2.0263814115840884,2.0332512636612887,3.1771752609886397,2.8288268477468,2.037517703846507,2.3961666613726207
1195,3.473774414049072,2.0102554744546843,3.8651773227413555,2.0256269583012894,3.2196807704111987,2.673233120846218,3.198434098742284,2.341021055119885,3.718121780692756,3.051494624236407,2.0190477755791183,3.3585780867757484,3.086997920814353,4.320762818301543,2.04971664686629,3.0649715764936336,3.7193131085264355,3.2097443402877692,3.2565389888579603,4.303089951025412,2.7451839630606223,2.6594935335458114,2.258883750880519,2.322274130214881,4.186287980596712,2.0264034652628173,2.03333726908281,3.1771718695395896,2.828699491124153,2.037344774786189,2.3962449012944633
1196,3.473734797307291,2.0102343804656524,3.8650813517870906,2.0255481726608005,3.219569356146711,2.6731879820890248,3.1984808404754403,2.3410327186233073,3.71785801517419,3.0517559292545196,2.0190039261641353,3.3579631286570653,3.087237050515252,4.320624190429647,2.049710573376239,3.0648858486349657,3.719298649007401,3.209597762790151,3.256778676623396,4.30287101613108,2.7449801116617625,2.6592240235215274,2.2591519691180943,2.3218745106109546,4.186294071521729,2.026425681428832,2.033424005931751,3.1771706652255967,2.828570688046643,2.0371732596969836,2.396315068384547
1197,3.4736930077704216,2.010213348972661,3.864981665034955,2.025469711463664,3.219417053024509,2.673116107791232,3.1984894675168105,2.3410431493455293,3.7176030204754142,3.0520234623560007,2.0189602698566094,3.3573724537445595,3.087505916146113,4.320499416602938,2.0497043517834945,3.0648031842867027,3.719283399848376,3.209452444669095,3.2570086999774857,4.302651043424216,2.744775782148613,2.658949965944252,2.259418158347718,2.3214764221421302,4.186300648575622,2.0264480575940915,2.0335114563567394,3.1771593799479105,2.828439161444319,2.037003144983042,2.3963901190556336
1198,3.4736499534788767,2.0101923782448776,3.864881238101274,2.025391591700312,3.2193066066092797,2.6730716925715976,3.198537827026558,2.3410552177583472,3.7173434865157238,3.0522914443764044,2.0189167703993665,3.35676128016996,3.087754608630588,4.320362516218931,2.049697934049228,3.0647276898185427,3.719275898487505,3.209313420503297,3.2572542629687105,4.3024319216475515,2.7445722528581245,2.658683250208051,2.25968249055193,2.32107711139,4.18630427890328,2.0264706045497984,2.0335996616040344,3.1771534658708407,2.8283086808949185,2.036834411047116,2.3964572423173043
1199,3.473599973535041,2.010171468253334,3.864773232589597,2.0253137855253147,3.2191493277444687,2.672995620883319,3.1985409686682926,2.341064976860275,3.7170869134756543,3.0525622132840042,2.0188734560607577,3.3561705992584026,3.0880314908983495,4.32023917333338,2.049691371473863,3.0646572968199863,3.719270422789044,3.209177533516266,3.2574935611989444,4.30221379429983,2.7443706988841283,2.658414040794222,2.259945309949298,2.320680107881077,4.186310133099677,2.0264933227962185,2.0336886083408574,3.177141511786881,2.828177496918146,2.0366670500110495,2.396529235030451
1200,3.4735538317759156,2.01015062007336,3.8646681378064756,2.0252363202232795,3.2190297063880946,2.6729467119795385,3.1985802046130276,2.3410765216441742,3.716827460412616,3.0528318178895497,2.018830301064965,3.3555616940467123,3.0882869875784236,4.32010434221637,2.0496845919864506,3.064585702805334,3.719263849004394,3.209041717629129,3.2577418686305695,4.3019940213867,2.7441675737943108,2.6581489269303873,2.2602056602187073,2.3202806664978928,4.1863096489661125,2.0265161965216922,2.0337783076401768,3.1771302723349804,2.8280453549435434,2.0365010261447702,2.3965939179223694
1201,3.4734970546960975,2.0101298314940412,3.8645554350243487,2.025159166341219,3.2188764999368615,2.6728723339603646,3.1985844818659785,2.341084943762957,3.716560846888841,3.0530979763809105,2.0187873177915145,3.3549530628085,3.088554369979846,4.319973336010708,2.0496776100276852,3.0645085503636103,3.719250080979715,3.208902303632648,3.2579816375668185,4.301773720068155,2.7439659285618574,2.657883532295717,2.260464859324845,2.3198840929709608,4.18631338125115,2.026539247325846,2.0338687654831236,3.1771160302074075,2.8279129548424313,2.036336345497215,2.396661869987535
1202,3.47344813148265,2.0101091048591413,3.864447401335705,2.0250823467586945,3.2187453541249895,2.672816685358968,3.1986126326898763,2.341095203518467,3.7162976036460824,3.0533628022444983,2.0187444970075394,3.3543355364814866,3.0888072177402215,4.319835265555931,2.0496704068917073,3.0644250751632107,3.7192272659055763,3.2087557116332377,3.2582192477730763,4.30154789644722,2.743757701643933,2.6576146796862643,2.260720947098378,2.319484265455108,4.186307834082583,2.0265624479172013,2.0339599822687457,3.177099139602141,2.8277790549693984,2.0361729743625174,2.3967246884562954
1203,3.4733887987845335,2.0100884369420875,3.864332193270585,2.0250058403187383,3.2185968179178834,2.6727466602026175,3.1986188193204024,2.341102217764762,3.7160192012858366,3.0536199914183566,2.0187018389619706,3.3537053269099992,3.089060095411768,4.3196939033672415,2.0496629699967364,3.0643338939739686,3.719195807088053,3.208605642807619,3.258450990213029,4.301321035885335,2.743550652815566,2.6573485090289646,2.2609759360635344,2.3190871674244984,4.186307824674332,2.026585829927572,2.034051974561076,3.1770818529766682,2.8276452599105295,2.0360109111609153,2.3967879934222944
1204,3.473341176606104,2.0100678305950486,3.8642229514355666,2.0249296624529367,3.2184627553875345,2.6726864681554305,3.198643240857237,2.341112394249621,3.7157585146247722,3.0538858000882025,2.01865935167625,3.353084513135243,3.0893172927540427,4.319554564637452,2.0496553513421407,3.064241522434389,3.7191578819992555,3.2084478239598893,3.258675364637463,4.301086822376526,2.7433338711627435,2.657072873824661,2.2612274322693837,2.318686437956672,4.186295601832452,2.0266093544633956,2.0341447265187385,3.177055937220066,2.8275072134625336,2.0358501203042314,2.3968486669510956
1205,3.4732786420808326,2.010047281774652,3.8641026262477274,2.024853794547471,3.218316500368384,2.6726189654786037,3.198648313993975,2.3411189265020056,3.7154749562557483,3.054140910000659,2.018617023032368,3.352446793326858,3.089566679928624,4.319408792596549,2.04964750207692,3.0641488501570846,3.719121079383361,3.2082963021125983,3.258907761706742,4.300856945552276,2.743124248497141,2.6568082039639016,2.261478389485194,2.3182891841920026,4.1862920520635285,2.0266330695043537,2.0342382798535223,3.1770346373239837,2.8273709133215164,2.03569060430208,2.3969073282600877
1206,3.473235186446248,2.010026794699423,3.8639930363366526,2.024778253205171,3.218185453582106,2.672556457161639,3.198675157682816,2.34112997222365,3.7152215880670565,3.0544142562888195,2.018574869645345,3.351832900444595,3.089838703087022,4.319273857587445,2.049639524997897,3.0640674107068437,3.7190890130153558,3.2081435995318985,3.2591336526577313,4.300620462414611,2.7429047198176812,2.6565304773394276,2.261725502631439,2.3178876088656004,4.186272176356586,2.0266569152375413,2.0343325913665584,3.1769973259951643,2.827227275200289,2.0355323181842544,2.39696504937445
1207,3.47315939599419,2.0100063623047757,3.86386060115394,2.0247030062599056,3.2180286507028337,2.672484720717681,3.198668551147053,2.341134724211833,3.7149297442727747,3.054667693206057,2.018532865333223,3.3511898718631405,3.090089314594908,4.319126537187074,2.049631295497996,3.0639862814234538,3.7190642444258426,3.2080055822710887,3.2593818172457434,4.300396069808685,2.742701848144497,2.656274745622479,2.2619734339008026,2.3174923284176456,4.1862704215744735,2.02668098168577,2.0344277542174805,3.176976758659017,2.8270919539678254,2.035375297872819,2.3970201320224125
1208,3.47312412950214,2.009985994709777,3.8637548472071184,2.024628096921226,3.217905979226085,2.6724261333149784,3.198706428065449,2.3411475245765616,3.7146888115951926,3.054950645958136,2.018491043795703,3.3505866359328067,3.09037739508977,4.318997574014121,2.0496229696396906,3.0639172980861997,3.7190408079419233,3.2078597376400766,3.2596109076405813,4.300156740243025,2.7424793253234867,2.6559942577287847,2.2622156752609026,2.317088627914521,4.186239367075439,2.0267051381905663,2.034523649273274,3.1769260575344123,2.826942309715249,2.0352194500028222,2.3970747788502043
1209,3.4730263740689677,2.0099656766175524,3.8636044722066014,2.0245534553388564,3.217727895408036,2.6723423752358975,3.198675493947876,2.3411479211389823,3.7143742135671225,3.0551938450308636,2.0184493530785694,3.349923530472162,3.090618351849397,4.318842489664272,2.049614309698296,3.0638370939870017,3.7190183816990596,3.2077298844138267,3.259873561890986,4.299939455473953,2.7422873745905476,2.65575206662532,2.262461632227402,2.316697369456729,4.1862445777341115,2.026729571367317,2.0346204650709065,3.176911302673037,2.8268095308744665,2.0350648725984457,2.3971265595965847
1210,3.473012740934629,2.0099454300240014,3.863514596360572,2.02447918244202,3.2176288047537556,2.672297585008434,3.1987410801691833,2.34116458266053,3.714154237125343,3.0554858478217115,2.018407858570899,3.3493283818175024,3.090915743617431,4.318716953818536,2.0496055854057715,3.063762825672428,3.718981795644427,3.20757219792324,3.2600869532607195,4.2996870464194,2.742050829733924,2.6554583068548157,2.262697662951189,2.3162886692772386,4.186194304826775,2.0267540184373485,2.0347179571593843,3.1768427645382413,2.8266518102646923,2.034911398658759,2.3971782332287406
1211,3.4728763353185417,2.0099252226222797,3.8633361254633005,2.0244051305412314,3.2174154331953893,2.672194768208526,3.1986668456967156,2.341157152408533,3.7137962320637805,3.055704142934903,2.018366465555838,3.3486209025291442,3.0911266503535106,4.318542410349664,2.0495963946055094,3.063662844915571,3.718943302247447,3.207440292441512,3.2603570589538897,4.299476941190056,2.741871863593515,2.655234426155254,2.262942937999796,2.3159048150593504,4.186217849460336,2.0267788527777277,2.03481648825773,3.1768458008309666,2.8265281697869016,2.0347592359053115,2.397227779555645
1212,3.4729107058842477,2.0099050993101026,3.863279838474001,2.0243315056498776,3.2173667828700463,2.672176809978252,3.1987915523173007,2.341183290371729,3.7136294332986353,3.0560211685531193,2.018325304462168,3.3480550728858556,3.0914471016149356,4.318427608945377,2.049587292118123,3.0635807637396573,3.718883379968057,3.2072563003656724,3.260534490038597,4.299198955458063,2.741604667674163,2.654908726828422,2.2631700221499598,2.3154855335197677,4.186131476461007,2.0268035454061883,2.034915563893387,3.1767451725622795,2.826355817820855,2.034608060510553,2.397276482767787
1213,3.472700064362899,2.009884996151082,3.8630475299088642,2.0242580127206415,3.2170828405735903,2.6720356562021,3.1986281936056944,2.3411609885545666,3.7131873719684854,3.0561947217116883,2.018284194526115,3.347279018743464,3.091611129219994,4.3182236069166064,2.0495775133772183,3.063461588786118,3.7188357022352325,3.2071346411322965,3.2608310469964996,4.299009595550536,2.741456394213623,2.654724996895392,2.2634179823763843,2.315116773764507,4.186196950751052,2.0268288465636917,2.0350158970937704,3.1767856966486336,2.8262501029496008,2.0344582864291145,2.3973235452740016
1214,3.4728408096151258,2.009865002959983,3.863063109270222,2.0241850646184156,3.217139495557212,2.6720720215174083,3.198882314877358,2.34120908270581,3.7131474213607647,3.0565807502189206,2.018243393716128,3.3468063613334578,3.0920053772485994,4.318146957865611,2.0495681970130692,3.0633969855768504,3.7187653252187123,3.2069195356790767,3.2609543847224582,4.298688024550309,2.741132524785058,2.6543345317830065,2.2636306326719415,2.314674812850725,4.1860359491252845,2.0268536791604843,2.0351164833461883,3.1766162940993743,2.8260455993982623,2.034309291901301,2.3973689869156036
1215,3.4724661773550136,2.0098449900998676,3.8627114150267614,2.024112058607284,3.2166863657881164,2.671841902881701,3.1985140046770644,2.3411531888735166,3.7125165007342336,3.0566577143850093,2.0182025314480785,3.3459000249354385,3.092081021708033,4.31788988491139,2.04955772127103,3.0632647246998697,3.718735198248134,3.206847842922053,3.2613340900807826,4.298557078840377,2.7410645535757903,2.6542469367549177,2.2638899840263473,2.3143402347667736,4.186201492845864,2.026879614465333,2.0352188073257422,3.176744986224859,2.8259821375176832,2.0341619314452926,2.3974146732195782
1216,3.4728456841723894,2.0098251459614005,3.8628916048279534,2.024039866874707,3.2169782370069844,2.6720014080050767,3.1990609148752416,2.341249439861996,3.7127526066483068,3.057193881102201,2.0181621413129576,3.345636937052521,3.0926361857473723,4.317900501617228,2.0495484607015992,3.063246102597187,3.7186562938456533,3.206572217211244,3.2613476828726062,4.298144991646069,2.740621765959681,2.6537160677516205,2.2640757495123296,2.3138486124327806,4.1858806585519,2.0269043491685945,2.035320710111668,3.1764283343318733,2.825707514463013,2.0340149266741596,2.397456491989494
1217,3.472132355785926,2.009805198865283,3.8622970865410196,2.0239672200328727,3.216169122655568,2.6715839174124634,3.1982687287663554,2.341123382937104,3.711725730585476,3.057062851526276,2.0181214501967295,3.344458555275072,3.0925171674590755,4.317532201904063,2.04953695600158,3.063078581491986,3.7186599656377513,3.2065987037504495,3.261900557040808,4.298140954581647,2.7407276339273867,2.653830976780414,2.264364183429715,2.313586520284202,4.186260815900564,2.026931258441202,2.035425382483061,3.1767500132524127,2.82573571072809,2.0338700910982683,2.3975037552261282
1218,3.472953914792371,2.0097855360949555,3.8627903973334985,2.023895923379146,3.216906172287856,2.6719823836431944,3.1993641250173366,2.3413065756861053,3.712451543124991,3.057857402532826,2.0180815390242066,3.344558243121583,3.093341197684128,4.317690555733671,2.0495279657921177,3.06309448611917,3.7185182350025396,3.2061730340217967,3.2616795761317805,4.297547779660812,2.740054378435449,2.653034654762602,2.2645029384205575,2.313005041621535,4.185656722674192,2.0269555340782994,2.035528274793197,3.1761651462048137,2.825331009844417,2.0337248201147817,2.3975450216663003
1219,3.4718247431384928,2.009765643063932,3.861883117994201,2.023823556920093,3.2156208827722548,2.671313752794179,3.1980391667396355,2.3410937922613586,3.7109409277268073,3.057460200444066,2.018040970126363,3.3430566804643758,3.092973094783587,4.317189217854372,2.049515314932224,3.0629046137369205,3.7185924486648263,3.2063299354756634,3.26247256240446,4.2977194825296365,2.7403989136147953,2.6534131995470602,2.264831559831406,2.312836681156995,4.186303566017873,2.026983652167564,2.035635579397466,3.176744585533285,2.825482052275494,2.0335825599710073,2.397596051350563
1220,3.4728247901450633,2.00974613125271,3.862531064934161,2.023752997841,3.2165522744171193,2.671829524673453,3.199369683199272,2.341310091510388,3.7118391744955117,3.058331754313854,2.018001423501063,3.3432703613617454,3.0938954424079745,4.317399340000277,2.049505872087805,3.0628555282992704,3.7183543880109755,3.20578633326444,3.2620973936787165,4.297020820978673,2.739610971183568,2.6524985607343874,2.264947360710433,2.3122266554430744,4.185604706892837,2.0270079657791267,2.0357398918504974,3.1760202606723347,2.8250081440136667,2.0334392017434646,2.3976514092734464
1221,3.4720470731005495,2.009726398625857,3.8618225907078565,2.0236814140223482,3.2155800435761797,2.6713357513716436,3.1984606449216297,2.3411620414808243,3.7106994100490285,3.0581071803375757,2.0179612540320884,3.3420103354127075,3.093663410733318,4.316988326798528,2.049493304330516,3.062721465266192,3.71844170542727,3.2058687895500695,3.2627952753617806,4.2970985878005035,2.739816371986618,2.6527003003774254,2.2652419795637537,2.3119864167987596,4.186010614374433,2.027035871209205,2.0358485079718625,3.1763955305543057,2.8250530718694615,2.0332986701360327,2.397686944255841
1222,3.472150933658634,2.0097068704432304,3.8618537197965397,2.023610812974515,3.215557533754959,2.671335776728265,3.1986396655286065,2.3411904981712914,3.710538938360278,3.0583978080014833,2.017921626287923,3.3414617983527735,3.0940438673841566,4.316906233342232,2.049481868972287,3.062601746340068,3.7183348720110083,3.205629212681351,3.2629022289442142,4.296764773071881,2.73951287705799,2.6523370126200883,2.265443994134475,2.311570053041489,4.185879591402436,2.027062221840978,2.0359562242745333,3.176188551655316,2.824837200372631,2.033158260247751,2.3977480231216237
1223,3.4724744833682113,2.009687417923856,3.861977327678336,2.0235406256816737,3.2158596661803434,2.6715377626795522,3.1992252404717116,2.3412741880688333,3.7106939905048164,3.0588743166098977,2.0178822279148796,3.3410685407135188,3.094453307797612,4.316833657358444,2.0494704402102553,3.062481486561971,3.718184034998302,3.205310634386262,3.2629510151970735,4.296354299486227,2.739088987847123,2.6518347497336285,2.2656194930402416,2.311092486002767,4.185569781899595,2.02708829609471,2.0360645291118864,3.1758826454570492,2.82456676077647,2.0330186971433766,2.3977775437081665
1224,3.471689182839974,2.0096678510794828,3.8612729240207093,2.0234698953610546,3.2148355575346246,2.6709967245619843,3.1982498129370542,2.341119510227908,3.7095754691575884,3.058683997173975,2.0178425678337386,3.33986003752851,3.0942959463359765,4.316448183177089,2.0494572985448727,3.062351578869025,3.718268427449708,3.2053933093191582,3.263582863459006,4.296394510226662,2.739262601537436,2.652003721737236,2.26590491424312,2.3108501665004217,4.185961622273599,2.02711663635291,2.0361757833074368,3.176216596897932,2.824602313694482,2.0328811914063376,2.3978221490840768
1225,3.472370978423406,2.009648566245753,3.8617121308457913,2.023400553936955,3.215487949602711,2.6713678772756446,3.1991990745984613,2.3412702063482422,3.7101207138731036,3.059370718299757,2.0178036373612462,3.339765697928919,3.094998860957932,4.316536154211102,2.0494461913715925,3.062289203960076,3.7180941570510644,3.2049632594480846,3.2633526596176,4.295785389604808,2.7386078195626977,2.6512692494448205,2.266036775524883,2.310302828892293,4.18543495430454,2.027142312653405,2.0362851360412364,3.1756469801489793,2.8242083364767234,2.0327432550123676,2.397862440452236
1226,3.471786907963664,2.009629130604383,3.8611311138565023,2.02333055515662,3.2147892109139287,2.6710257923845653,3.1986279086600016,2.341176953248546,3.709351215166281,3.059365925141739,2.0177643411033306,3.338722000311967,3.094916200590232,4.31619942353924,2.04943299501488,3.0621862861462255,3.7181466187917733,3.204969465434147,3.263902113507699,4.295745918441167,2.7386548171391762,2.651291455451108,2.2662949553769716,2.3100074358096343,4.185662805568642,2.027170594875506,2.0363980012260794,3.175871768366729,2.824188249773937,2.032607610177016,2.3978844429312707
1227,3.4717562828270756,2.0096098461212466,3.8610306010271573,2.023261266680923,3.214634356651275,2.6709331015479,3.1986453982796528,2.341189072729844,3.709160218575427,3.059664634829301,2.017725441808855,3.3381563793414575,3.0952946576058555,4.316104360158599,2.0494205230958142,3.0621180245267423,3.718092863306153,3.204801031817792,3.2640697086982673,4.295457894323356,2.7383982531336013,2.6509753813228425,2.2664966301893568,2.309611189458936,4.1855724803091485,2.0271979528276804,2.0365106379330977,3.1757231122442704,2.824006187276954,2.0324723726721388,2.3979372969135193
1228,3.4719597396318598,2.0095906516778217,3.8611294737377015,2.0231924786638578,3.21495229139051,2.671150766060628,3.199155803786088,2.3412588234302754,3.7092153534373846,3.0600855999285335,2.017686720097111,3.3376525402436927,3.095639300168086,4.316001079667217,2.049407903017881,3.0620279473941565,3.717982962852228,3.2045514830186432,3.2641753686664376,4.295071431245388,2.7380016661094406,2.650539058765402,2.2666687373884415,2.309151227368934,4.185304296859616,2.02722498389632,2.0366238579184084,3.175467793163691,2.8237679176081336,2.0323378328310664,2.397947975159815
1229,3.471270922303647,2.009571366840558,3.8604881403977984,2.0231232325744726,3.2140795772330635,2.6706779855536817,3.198341032661319,2.3411377879793647,3.708335654579752,3.060029474019122,2.0176478537239753,3.336585165249998,3.0955725878055986,4.315663564447698,2.049393945111813,3.0619190446977966,3.7180453206936153,3.204599411073171,3.2647564273762217,4.295074816420961,2.73809949050501,2.650606282751161,2.266929681085019,2.30887501350802,4.185573797847269,2.0272538942165275,2.036739784250482,3.175726737220202,2.8237782275373693,2.0322051105733494,2.3979792179440977
1230,3.471707171169252,2.0095523162341813,3.860747488646835,2.023055115672977,3.2145378741270103,2.6709465101113468,3.199024637176563,2.3412425859959742,3.7086350376877393,3.0606054981843736,2.0176095689611553,3.336326801936263,3.0961606369153545,4.315667586115498,2.049381271813304,3.061826708502974,3.7178733609109877,3.2042582484800404,3.2646511944213596,4.294564701837758,2.737576031688362,2.6500157896173935,2.267074609104613,2.3083772759649706,4.185185236648316,2.0272808126731614,2.036854436260371,3.1753091768937276,2.8234709258507444,2.0320722721571127,2.39800687395818
1231,3.4713082934346886,2.0095331854420313,3.8603639505764837,2.0229866811476516,3.214155212123165,2.6707844928088567,3.198733341812309,2.341183972348335,3.7080261063355913,3.0606914485472294,2.0175710565757865,3.3353877113938997,3.0961857678321296,4.315375891915393,2.0493671507187456,3.0617046079541725,3.717844146494878,3.2041861726628937,3.265051769546762,4.294401266381998,2.7374819578957066,2.649917164684256,2.267299655177322,2.308036298731587,4.185279798367239,2.027309512497742,2.036971840523431,3.175420949877127,2.8234100150462775,2.031941206466744,2.39801087443812
1232,3.4711313554121563,2.0095141355912,3.8601137095140885,2.0229185957913667,3.2137389411344657,2.6705242847614787,3.198453506549473,2.341160974072703,3.7077055515524338,3.0609399034866094,2.01753283344813,3.3347593942755402,3.096527009282546,4.315251346270229,2.049353500669278,3.061627784061434,3.717780094991527,3.204032658109809,3.265267639855307,4.294159964152211,2.737280440302168,2.6496524840149753,2.267503070272202,2.3076594961251122,4.185228857065562,2.0273379345674942,2.037089710062998,3.175339716171047,2.8232622221438537,2.0318108710501623,2.3980534319442453
1233,3.4713564216837454,2.0094952096001615,3.86022953410732,2.022851194996427,3.214115302503223,2.670765973816641,3.1989766525510452,2.3412248812855583,3.7076959151397393,3.0613350853527943,2.0174948077508765,3.334202235814014,3.0968753363190618,4.315127332267691,2.0493396259362693,3.061509748248712,3.7176005320349725,3.203764652913324,3.265327780593151,4.293752935994522,2.7368794902789126,2.649230072985657,2.267666598148091,2.3072031991454116,4.184967439464469,2.0273657959637044,2.037207869484426,3.1750773588358796,2.823020486635678,2.0316810297807186,2.398046512660863
1234,3.4708118206494056,2.0094762137956477,3.859728628598092,2.02278346221135,3.2134850856130077,2.670416911643736,3.198370208324949,2.341132761609401,3.7069398065119,3.0613442778734665,2.017456672682196,3.333193806954652,3.096885641216458,4.3148212998612845,2.04932466331164,3.061366234072292,3.71754723974205,3.2037167372779267,3.2657708051282373,4.29365906060948,2.7368601494018154,2.6491954078519027,2.2679007869701904,2.306894358826943,4.185142719368699,2.027395292580612,2.037328607912783,3.1752541228287727,2.822996625105413,2.03155284185296,2.398064541346686
1235,3.4710373166454858,2.0094573845066197,3.8597941966745957,2.022716499771448,3.2135990419093803,2.6704564691192547,3.1986311518833412,2.3411903973534924,3.7070253466529905,3.061816862689332,2.017419005563075,3.332822663348069,3.0974188983873123,4.314792472276768,2.049310747517889,3.0612828721542265,3.717391607377917,3.2034369386764374,3.2657704116494104,4.293246117287293,2.7364409011907047,2.648707837011809,2.2680550899688674,2.3064356636211736,4.184850577640626,2.0274234527158863,2.0374487608196814,3.174940091602555,2.8227404887631526,2.031424799908592,2.3980905512990565
1236,3.4708220685402362,2.0094385457508297,3.8595582658603678,2.022649576509105,3.213513453852051,2.670456937665205,3.198578548174419,2.3411580734567137,3.7064917703067852,3.0619441774350413,2.017381210952482,3.3319068597721673,3.0974999424753697,4.31451684016423,2.0492955931651773,3.061191796466909,3.7173440328825538,3.203372998319203,3.2661285801110647,4.293038798018479,2.7362937659328845,2.6485752862009964,2.268257818456565,2.306067770290741,4.184866023744908,2.0274527115099756,2.0375709626064733,3.1749460199767654,2.8226216282218948,2.0312979791267094,2.398065514548315
1237,3.470617120498095,2.009419752323633,3.8592870645745734,2.0225828119088898,3.213093250953622,2.670189005707063,3.1982671787062444,2.3411326702924344,3.706159416096287,3.062204104562123,2.0173436740529813,3.331275308347497,3.097864265921699,4.314393870801597,2.049280850626493,3.061139984372418,3.7172834603548397,3.2032497042186674,3.2663782849141128,4.292816302231881,2.7361133163888947,2.6483333242207743,2.2684548861260305,2.3056982418543464,4.1848301023702135,2.0274820521156,2.0376941020984782,3.1748685451359915,2.8224735264551213,2.031172102878187,2.3980960076473528
1238,3.470761434255598,2.009401067361373,3.8593105757654165,2.0225166190582016,3.213262156156338,2.6702930633880984,3.19859496575474,2.341184082135226,3.7061348751043472,3.062616317011344,2.017306345633999,3.3307634493098757,3.0982935107017475,4.314302408041661,2.0492660839661965,3.0610809042781852,3.717152629669048,3.2030349099524846,3.2664873440811526,4.292451051671261,2.7357597870190196,2.647939529995589,2.268615905966175,2.3052581450768934,4.184593600386302,2.0275108787684735,2.0378176235080967,3.174609166781133,2.8222323385596297,2.031046760820191,2.398093275631112
1239,3.4703807488111407,2.009382357674766,3.8589443742325304,2.0224503472755195,3.2129054238755224,2.6701211294809513,3.198282161006007,2.34112350226425,3.705465097161746,3.0626666185330125,2.017268912538462,3.329772615504452,3.0983563778203886,4.314011522913549,2.0492501924619906,3.060998207584217,3.7171243678747445,3.2030177703871185,3.26691354052178,4.292312145361853,2.7356958769604507,2.6478849825220845,2.26882976296881,2.3049228588754485,4.184688134314359,2.0275409191966327,2.037943342528001,3.174677078457041,2.822143063703603,2.030922716432741,2.398080068167131
1240,3.470464322595968,2.0093637615311306,3.858889471242935,2.0223845656034967,3.2127900404346796,2.6700237632646577,3.198337724654464,2.3411599972458887,3.7054531217475013,3.0630853454560443,2.0172318742920514,3.329317757605576,3.0988520935290778,4.313958191940859,2.049235034560278,3.0609135849875035,3.716973669599633,3.202774252313972,3.2669835481809764,4.2919637245067905,2.7353566236891798,2.647473711598085,2.268990516844067,2.304493818741827,4.184459853949488,2.0275701767487466,2.038069140910203,3.1744185565462733,2.8219100027350335,2.030799166678965,2.3981080918349433
1241,3.4702883794664108,2.0093451853401825,3.8586874981568626,2.0223189697313577,3.2127265505514924,2.670032693640028,3.198352619582523,2.3411456042651033,3.7050231005248038,3.0632550044895277,2.017194762155445,3.3284120081356976,3.0989501550907086,4.31368771971439,2.049218646691745,3.060756748754528,3.7168293243961834,3.2026373962964856,3.2672645362775317,4.291723210190618,2.735172118550408,2.647295992815073,2.2691792030313334,2.304117611892384,4.184434114932717,2.0276001887588095,2.038196712082512,3.174383808565695,2.8217766796987496,2.0306766521189648,2.398090670774143
1242,3.4701292668786214,2.0093266588089045,3.8584754470715112,2.022253584409889,3.2124843520995814,2.6698962143836917,3.198211321197186,2.3411301760324346,3.704660246251165,3.063469785000991,2.0171578421526966,3.327645216922121,3.099208930173188,4.313500639116118,2.049202348890731,3.0606325848439644,3.716687179927795,3.2024889183784633,3.2674792981806,4.291472834998698,2.7349776146807434,2.6470764509853595,2.2693647693384293,2.303743824076976,4.184393896814951,2.0276303207749944,2.0383252904652998,3.1742992245582107,2.8216254533303022,2.0305549649526746,2.3981039408049765
1243,3.470141215182556,2.009308202107626,3.858366305545409,2.0221885443613496,3.2123773368312865,2.669825205153043,3.198269459533852,2.341158159881322,3.704564848963809,3.0638392471380897,2.0171211446607296,3.327077746640993,3.099601190444547,4.31338738896309,2.0491862120674442,3.060532217786823,3.7165207781295204,3.2022668545488195,3.2675975086617175,4.291148531108454,2.734675336256024,2.6467240460642008,2.2695278706181434,2.303329294091844,4.184212819067941,2.027660251537563,2.0384546368850858,3.1741005346731415,2.8214193010658812,2.0304339818043142,2.398118421500502
1244,3.469856720662721,2.0092897596135346,3.858081688818424,2.0221236415877986,3.212163998267799,2.6697427829305873,3.1981259762691168,2.3411246172762636,3.704029642538302,3.0639542315192236,2.017084401792083,3.326129282729527,3.0996949976924704,4.3131079214250345,2.049169128313589,3.0604211755610073,3.7164210144371546,3.2021774839798693,3.267922183179078,4.290938762307085,2.7345303928506803,2.6465950544525154,2.2697201912315204,2.3029740100005625,4.184240793451346,2.0276909765533566,2.0385857783310843,3.174109924200515,2.8213066823340953,2.030314032808884,2.3981045597592305
1245,3.4699021073134477,2.0092714091807027,3.858000718671219,2.0220591296068866,3.21205047658477,2.669660560174261,3.198181238569189,2.3411553504517357,3.7039441039913372,3.0643357378817013,2.0170479956917267,3.325613689982364,3.1001706347595253,4.313029875863389,2.049152712101264,3.0603673122204214,3.716288886278836,3.2019695867481195,3.2680099187496667,4.290593134996808,2.7342050807442755,2.646220456665118,2.2698750800125147,2.302556149690023,4.184043441129312,2.0277211811705085,2.0387172616505684,3.173868779554751,2.821083064523372,2.0301946407629647,2.3981261881135656
1246,3.469675949274156,2.009253066524058,3.8577043725884748,2.0219947081972904,3.2117700165439174,2.6695278208421067,3.1980354072759503,2.341137551025743,3.7035530475697427,3.064553093356505,2.017011579753221,3.3248231390200296,3.1003847219378255,4.312812195252571,2.0491355495378576,3.0603017726576915,3.7162199017738113,3.201873561193863,3.2683169409316384,4.29037199911976,2.7340272584934313,2.646025775417482,2.2700548887817877,2.3021828281067154,4.1839978234734145,2.0277520958399844,2.03885057597656,3.17381582741295,2.8209428371193863,2.0300762681965554,2.39812157236673
1247,3.4695881211774404,2.009234800956159,3.857560967651758,2.0219306555687626,3.2116737462158182,2.6694954011616154,3.19806703267138,2.341141226837669,3.7032435505341152,3.0648050195113337,2.016975327792789,3.3240852289362044,3.1006828259035175,4.312640110088144,2.0491182929969094,3.060241937958581,3.716123792244753,3.201748311128217,3.268529999860675,4.290083215264016,2.7337852614627804,2.645773503823195,2.2702209913854605,2.3017915300333045,4.18389762388456,2.027782915831886,2.03898471058581,3.1736689781077203,2.820760752949037,2.029958527425844,2.398122078024149
1248,3.469520685412092,2.009216583103688,3.8573930028778127,2.021866817841635,3.21147273583935,2.669377792266461,3.1980295177449882,2.3411503995675327,3.703025006358128,3.065116609728398,2.0169392485821374,3.323440561628435,3.1010459033372535,4.312503750141262,2.0491009265117857,3.0601811638681333,3.716015050396471,3.2015958538833598,3.268720032111018,4.289801723811169,2.7335426667928138,2.645485714601556,2.270384484399336,2.301397376293149,4.18376784552215,2.027813870593356,2.039120029262421,3.173497900363593,2.8205701275021404,2.0298415745658693,2.3981367392960924
1249,3.469281911340071,2.0091983919290533,3.8571140258748384,2.0218031631395372,3.2112524263541964,2.6692896365989798,3.1979331307993095,2.341130989664488,3.7025922203755854,3.065295583877801,2.0169031830388917,3.3225691727042124,3.1011925995807914,4.312251628960668,2.049082830752964,3.0600841545873436,3.715916290644997,3.2014946963763,3.269030575525556,4.289580382272618,2.7333762279157865,2.645311199393811,2.270561736974286,2.3010293833742455,4.183737349387137,2.0278453473357603,2.0392570111604864,3.1734612935942317,2.8204396013689177,2.0297255418926574,2.398127711158939
1250,3.4693064984793756,2.0091802923006794,3.8570641546253497,2.0217399284713484,3.2112333073238526,2.669281728223414,3.198053273977245,2.3411573780897568,3.7024119351807476,3.0656041256356596,2.0168673567676567,3.3219263714277134,3.1015704740691383,4.312123384167954,2.0490649350040973,3.0599905236657365,3.715753534717134,3.2012896996552187,3.2691275130184017,4.2892250622508525,2.7330558180852123,2.644968038808964,2.2707091372391264,2.300617147123761,4.18355807663465,2.027876456708217,2.0393945282912953,3.1732388583959956,2.820225717383355,2.0296100634437804,2.3981402257422277
1251,3.4690399007161123,2.0091621918265585,3.8567456270629927,2.0216767286563453,3.2108884060350626,2.6690998342452525,3.1978230777917527,2.3411293553070798,3.701953547771306,3.065768119213706,2.0168315467867854,3.321069832277762,3.1017410182275165,4.311882876347694,2.0490463404372243,3.0598749042989377,3.715632333771924,3.2011687386778624,3.269415552921665,4.289011745750852,2.732899033405094,2.644793168268124,2.2708857580013113,2.300257179458751,4.183538191634025,2.027908340699976,2.039534002398502,3.173201303179286,2.8200920026321215,2.02949560734376,2.398142945097117
1252,3.469018220109255,2.009144175611868,3.8566321991698564,2.0216139488771914,3.2108754802831605,2.669113600026993,3.197961129992134,2.34115278872086,3.701749277301369,3.0660694834037048,2.016795940526714,3.3203690079722437,3.1020376675290144,4.3117081921932785,2.049027785827812,3.0597575979141656,3.715448564642587,3.2009606214976403,3.2695580750472697,4.288683875178025,2.7326082225375723,2.64448408815316,2.2710354651692395,2.29985149016562,4.183376948036106,2.027939904416992,2.039674146869701,3.173019315585068,2.8198908723860248,2.02938170865286,2.3981400778941984
1253,3.468872793473798,2.0091261926166477,3.8564364908923334,2.021551325663718,3.210646856628647,2.6689889307216133,3.197846268118071,2.3411446735420944,3.701389046522208,3.0662963261940366,2.0167604428877914,3.3196234006964067,3.102338914381068,4.311532689165507,2.0490089297643115,3.0596544240228014,3.7153025238113093,3.2008011275301005,3.2697490858096767,4.2884025738947935,2.73238019314627,2.6442408216053246,2.271196573995954,2.2994742212684436,4.1832987633489385,2.0279718921217156,2.0398157845937726,3.1728925989391334,2.819721709631417,2.029268637373868,2.3981523059946346
1254,3.4686791536931514,2.009108244947851,3.8561689465722386,2.0214888952866823,3.2104000504769044,2.668873609640485,3.197741603343517,2.3411351376586023,3.7010301230654963,3.0665338177418553,2.0167250505040712,3.3188611881385714,3.102589623090637,4.311328176039861,2.048989850349387,3.0595818023229384,3.7152020727089683,3.2006790431709033,3.2700224075954796,4.288157225460683,2.7321801195856388,2.644023215965107,2.271359077020426,2.2990972689153484,4.183220875267466,2.028004137698992,2.039958845495557,3.172800634703746,2.819563951195435,2.029156330977298,2.3981477828739237
1255,3.468679555856691,2.0090903778570772,3.856071031797122,2.0214268403751507,3.210366091004224,2.668872022811266,3.1978660182389165,2.3411621612598,3.700853969381488,3.066873065054951,2.0166898584936526,3.3182428697412885,3.102977298938225,4.311194337406995,2.0489708097415003,3.0595281515865485,3.715080340387234,3.2005068259657152,3.2701822101677163,4.287826178468573,2.73188311230449,2.6437037452276257,2.2715007583558746,2.298689159664963,4.183040465941788,2.02803617859517,2.040102702317665,3.1725838249827008,2.8193492623771563,2.029044582678872,2.3981475617598527
1256,3.4684082530462277,2.0090725221416026,3.8557710946534836,2.021364856425721,3.2100258224651252,2.6686950959124482,3.197632911972023,2.341133658377242,3.700377100606782,3.067054116595367,2.0166546928706577,3.3174265043865634,3.1032168933645865,4.310980567729435,2.0489511523718527,3.059464639034308,3.7150060371158706,3.20042394223497,3.270496358577225,4.287613056146933,2.7317338086604765,2.643542325429997,2.2716698170432097,2.298335183737434,4.1830282575916735,2.028068965391044,2.0402485089566795,3.172528658781455,2.8192110131131187,2.028933774198243,2.3981522319872592
1257,3.468406072776619,2.0090547464170543,3.855652102360726,2.021303262701398,3.209993254221067,2.6686965352969105,3.19778169849793,2.341166063609275,3.700232266580878,3.06741241197965,2.0166197341367704,3.3168125746676864,3.103588589217882,4.310841470550008,2.0489316505438455,3.0594076577528257,3.714878600347586,3.200249489878977,3.270681690290224,4.287295816452397,2.731447243138984,2.643223530842346,2.2718085776746424,2.297925268280902,4.182830878799805,2.0281013692511376,2.0403950513142246,3.1723196120157118,2.8189974893427134,2.0288234926136517,2.3981482898614948
1258,3.4681994086617065,2.0090369950788403,3.855407804604382,2.021241804261074,3.2097385837940595,2.668567693457576,3.1976264660873506,2.3411478625361943,3.6997911147695515,3.067602602458514,2.016584814520195,3.315992747084441,3.103825155382885,4.310629156668885,2.0489114501064,3.059309612511937,3.714761038481511,3.200135230422783,3.2709573281717965,4.287059418612409,2.7312758215453417,2.643042611537502,2.2719697875957503,2.2975624403561694,4.182785672838499,2.0281343982489224,2.0405434087754517,3.17223390047121,2.818846176189068,2.0287140732434126,2.3981531592683574
1259,3.4680776592204348,2.0090193010038995,3.855226536415263,2.0211806300904196,3.209584261616484,2.668492795878186,3.1975933823104103,2.3411506560524455,3.6994782971900326,3.0678570049842375,2.016550042737824,3.3152409855578897,3.104101789954975,4.310441839914919,2.0488911027285743,3.059193601268027,3.71459633184945,3.199956157725574,3.27115658469887,4.286771292644074,2.731041440826438,2.642790545876232,2.2721184967695565,2.2971801565392527,4.182673596197339,2.0281674162898606,2.040692920904085,3.1720947159869435,2.81866963120696,2.0286053028108704,2.398157413291163
1260,3.4679969807226043,2.0090016582783674,3.8550642082413296,2.0211197134589503,3.2094858770301036,2.6684534343675668,3.197623883290964,2.3411632505770408,3.699213886009452,3.068136636766068,2.0165154002203947,3.314506657185652,3.104371961961486,4.31025018944127,2.048870491671486,3.059065607185274,3.7144108533255586,3.1997526443675035,3.271336810809422,4.286465736351047,2.7307829438587374,2.642513288265399,2.272260478286818,2.296787911528491,4.182527704110602,2.028200516645292,2.040843690938571,3.171931992556077,2.8184803292062335,2.028497195296354,2.3981546925309805
1261,3.4677763566862225,2.0089840465077615,3.854813170418009,2.0210589519358826,3.2092087340814452,2.6683092296196493,3.1974315942552876,2.3411421093644744,3.6987569137373697,3.0683111249732633,2.0164808321284733,3.313674359276688,3.1045976109232853,4.310031513323756,2.0488494623866265,3.0589418957936765,3.7142565705164827,3.19960300202268,3.271572459670152,4.2862082373853685,2.730592943638757,2.6423176863166553,2.2724154590575694,2.2964262007593437,4.1824783766343385,2.028234074390016,2.040996088902737,3.1718344533981355,2.818323546731109,2.0283898561993436,2.398158255520391
1262,3.4677456047977917,2.0089665034277706,3.8546895142641824,2.0209985247453646,3.2091518876764935,2.6682924936136896,3.197519769391347,2.3411675756759776,3.698563925069283,3.0686353102341086,2.0164464521512198,3.3130120028104866,3.104934610196831,4.3098736045894555,2.048828524420616,3.0588394370496457,3.714076381438011,3.199387993342353,3.271719120648105,4.285872245971833,2.7302946949423377,2.641997087980678,2.2725469957032973,2.2960235236643727,4.182289420350278,2.0282673980740684,2.041149423023363,3.17162096487535,2.818111688940552,2.0282830712668223,2.398154813937775
1263,3.4675235924299344,2.0089489812625483,3.854415025285496,2.020938212840736,3.208871283940543,2.668153177868493,3.197343255558133,2.3411509482554296,3.698138324369946,3.068840157775229,2.0164121313768586,3.3122112444590974,3.105171323502141,4.309659535920263,2.0488070980316806,3.058753748109778,3.713961763542283,3.1992620062512582,3.2719967740698745,4.285629195501214,2.730110474585795,2.641801565588875,2.272699165244243,2.295660746827554,4.1822256664710675,2.028301319400561,2.0413046468697407,3.171520091601657,2.817951559563551,2.0281770857514485,2.3981505293435488
1264,3.467467509958784,2.008931529047502,3.8542781790977907,2.020878228722487,3.208765196776509,2.668101099099174,3.197364668872892,2.3411671207921,3.6978939530138666,3.0691507227510786,2.0163779941867883,3.3115545742485164,3.105548189543366,4.309518707406465,2.048785783494627,3.0587055846389037,3.713845083764552,3.1991028101392267,3.2721818898340223,4.285313138510734,2.729839530644676,2.641511687025835,2.2728322813144857,2.2952692346370487,4.182062828559623,2.0283350593655167,2.0414608295388255,3.1713059491027433,2.817740438500506,2.0280716353149613,2.3981515391554713
1265,3.467285821315952,2.008914103961914,3.854027255133717,2.020818394552565,3.2085497304799206,2.6680065235258352,3.1972745430473664,2.341164214316372,3.697543981380725,3.0694057735907134,2.0163439303992265,3.3108033023552426,3.105816942122475,4.309322627113413,2.0487640408668204,3.058655853661532,3.713765802385174,3.198992344233055,3.2724753761256067,4.285061652784575,2.729639540067016,2.6412986532172438,2.2729767628225224,2.294897288093801,4.181961144747665,2.0283692480176256,2.041618852626215,3.1711822105044574,2.8175703287751994,2.027966941157856,2.398142101914244
1266,3.467172508221639,2.0088967373471274,3.8538487178540395,2.0207588310965736,3.2083855027560824,2.6679219146815107,3.1972334542847287,2.341172339724066,3.697257857848049,3.0696963979866645,2.016310007840125,3.3101014364255796,3.1061556628452442,4.309164603539461,2.048742168510278,3.0586063310211298,3.713661058122848,3.1988537324176516,3.272703246152281,4.2847771684785165,2.7294098682571493,2.6410476735597026,2.273114183379504,2.2945194310870893,4.181832632930144,2.0284034838789995,2.041778123574115,3.171007667643959,2.817382627719943,2.0278628599253423,2.3981455201730926
1267,3.467034350013044,2.008879413500098,3.8536513440246836,2.020699489254033,3.208236355810517,2.667861581080013,3.197205830425763,2.3411777337281245,3.6969342157247964,3.0699523855557596,2.01627617245643,3.3093389017629136,3.1064312050800686,4.308975753783599,2.0487198933880695,3.0585341503758188,3.7135420125636824,3.1987154658037413,3.2729515420975934,4.28450446487658,2.7291983726634346,2.640822525019486,2.2732538138013627,2.2941469203967966,4.181721536947806,2.0284379772078984,2.0419390011936813,3.1708639845010467,2.817208551814578,2.0277594507692704,2.3981403535192753
1268,3.466877330349922,2.008862132111654,3.853439346820698,2.020640361492872,3.208061602667745,2.6677794888074633,3.1971504258456855,2.3411822640753535,3.6966150578271857,3.0702091283957635,2.0162424432372337,3.3085632411759693,3.1066837731548502,4.3087764451203645,2.048697271885149,3.058428356685842,3.7133866042486225,3.1985513434778303,3.273191098740207,4.284234846900473,2.728987787779135,2.6405944727598487,2.2733929594912863,2.2937763715422346,4.181610832898293,2.028472679275729,2.042101430625627,3.1707319865831356,2.8170433772743517,2.027656726560628,2.3981399837549384
1269,3.4667563592041515,2.0088449029206332,3.853268419070196,2.020581483593768,3.2079079468717815,2.6677044601116466,3.197104617837282,2.341189029857936,3.6962977595991946,3.0704544804744636,2.0162088367448976,3.307804422941789,3.106972384146407,4.308596098259737,2.0486744130986168,3.0583121455682294,3.7132076701840733,3.1983627376482087,3.273374455082645,4.283933596013712,2.7287496096923225,2.640344375356973,2.2735269430222824,2.2934026801124645,4.181486512156303,2.0285074882796676,2.0422652375304002,3.170570851057116,2.816864600362001,2.027554604100106,2.398143654286764
1270,3.4665823125506945,2.008827710243306,3.8530451362057283,2.020522802726722,3.2077415781979104,2.667634363112639,3.1970352512517435,2.341187285454967,3.695923592510733,3.07067308498587,2.01617531715372,3.306976527579231,3.1071758100225653,4.30836757635211,2.048651099583012,3.058175382271056,3.7130240423880227,3.1981826820314243,3.273603467594544,4.2836572840921825,2.7285377260275263,2.640128380988778,2.273664698829292,2.293036148172805,4.181386495351093,2.028542589059852,2.0424307312358327,3.1704516533938496,2.8167041616045654,2.0274531575982495,2.3981361951991267
1271,3.466489625964281,2.0088105722220293,3.85287775433538,2.0204643687019597,3.2075853973078416,2.6675542967204233,3.196998933006874,2.3412007463446254,3.695662088142903,3.0709617439628456,2.016141961420946,3.306277599485014,3.10750598482433,4.308206887447413,2.0486278423774675,3.058068690186308,3.7128385353913544,3.19797289499947,3.27375826046368,4.283334282925149,2.728268984833784,2.6398400965537254,2.273790508366287,2.292654746524872,4.181226759039751,2.0285776728737495,2.0425974796856807,3.170259295066852,2.8165125898350887,2.0273522763733425,2.3981390744880855
1272,3.4662883251031027,2.0087934662054043,3.8526323095969075,2.0204061058006397,3.2073610953396434,2.6674517506597697,3.1968641149230517,2.3411914519759174,3.6952470796437074,3.0711694867528903,2.0161086721333104,3.3054709178369044,3.1077552382729,4.307998612031865,2.0486041695740607,3.0579801752805515,3.7127033936060267,3.1978321140967187,3.2740071132253648,4.283063633075655,2.7280640852691946,2.6396341421614387,2.273927194930908,2.292294554813555,4.181141643224924,2.0286131764682773,2.042766061300171,3.170132546459177,2.8163499493983197,2.0272520628502546,2.3981316332474014
1273,3.466221982239366,2.008776420382052,3.8524740053311524,2.020348122720928,3.207253867313626,2.6674067799513823,3.196892317217297,2.3412144934204466,3.6950296296207306,3.0714997025188895,2.0160755569114635,3.3048172977082517,3.108124416251094,4.3078557265759,2.0485806051085005,3.0579303835297185,3.7125689931835955,3.1976603940597927,3.274199499749876,4.282746919494949,2.7277926258492067,2.639341254183995,2.2740476740001285,2.2919081342970964,4.180957526535055,2.0286485495114754,2.042935840017206,3.1699107343478614,2.8161436054382456,2.027152370208277,2.3981257874627397
1274,3.466002373019529,2.008759401563008,3.8522070622009172,2.020290277064565,3.206981261956624,2.667269155238274,3.196719574364463,2.341205514011153,3.6946281531796052,3.071727208885019,2.016042503436962,3.3040510666304064,3.10841930133347,4.307672945974824,2.048556619968472,3.057894485817338,3.712484530276874,3.1975582796256385,3.274489917453084,4.282501214664418,2.727609790821767,2.6391470014430833,2.2741845562883065,2.2915535659795285,4.180874985666438,2.028684447118192,2.0431076399178996,3.1697789168576564,2.81597917114882,2.027053373727196,2.3981205917313058
1275,3.4659395094997114,2.008742448658097,3.852066729601136,2.0202327480683513,3.206927294958779,2.6672593954132124,3.1967918473740937,2.341231487674189,3.694396365573794,3.0720490112246295,2.016009602374486,3.3033715111250386,3.1087717065457614,4.307522092259221,2.0485325347053487,3.0578544136190375,3.712367031633345,3.1974108177105975,3.27470906385382,4.282194692141278,2.727354009352166,2.638875397110422,2.2743040433598893,2.2911711861822694,4.1806970620205295,2.028720192324896,2.043280663818487,3.1695611073261305,2.815775716215712,2.0269548782955438,2.398110573203167
1276,3.4657224054355957,2.008725519239003,3.85179949018549,2.0201753384410575,3.206666813876265,2.6671289709911883,3.1966347503381645,2.3412262780979276,3.6940106390561542,3.0722800939814787,2.01597676315417,3.302588377122701,3.109041384903028,4.307329534108911,2.048507987217291,3.0577962636641125,3.7122643666561506,3.1973030907052413,3.2750037022154306,4.281956568189926,2.7271823884778765,2.6386875169740263,2.274439248283866,2.2908184457638363,4.1806106902413624,2.028756461381775,2.0434557859177414,3.169436702002439,2.815617930377088,2.0268570986707934,2.398106499169479
1277,3.465636900836298,2.0087086533138137,3.851650674920924,2.0201182321632363,3.2065851170088417,2.6671008313472346,3.1966658673073827,2.3412468196075635,3.693739841623916,3.0725656161138115,2.015944060157367,3.3018560595274042,3.1093531487688546,4.307161527442999,2.0484832289924646,3.0577074805697593,3.7121001723270943,3.197131720104435,3.2752040960343014,4.281652275713888,2.7269415718005305,2.638431843631024,2.274560257947161,2.290445268451821,4.180454385042678,2.028792647409691,2.0436322225658614,3.1692404652025523,2.8154274028845334,2.0267598302412964,2.398101636282008
1278,3.465448701748745,2.0086918177038946,3.8514211396686386,2.020061284896123,3.2064010461763255,2.6670166298688476,3.1965716166223705,2.3412470382435084,3.6933564235245036,3.072782086211437,2.0159114230531676,3.3010249957723334,3.1095770742309727,4.306946102103002,2.048457971892791,3.057588140697672,3.7119237390647957,3.196973878097924,3.275451993455694,4.281389640111705,2.7267516590336642,2.638234579848257,2.2746912639392347,2.2900910005947273,4.180359388918307,2.0288292420985994,2.0438106318248304,3.1691103815719197,2.81526941432449,2.0266632326217926,2.39809574067259
1279,3.4653349483154,2.0086750342383253,3.851241326669814,2.0200045797986603,3.206244508453819,2.6669432910927986,3.196528789676496,2.3412620537172417,3.693067487193542,3.0730508421906517,2.015878930005146,3.300286229794728,3.109881174864033,4.306774779082171,2.048432634142007,3.057471952030361,3.7117234951373037,3.1967760124830567,3.2756313375902923,4.281084653036558,2.7265107058902815,2.637977416897086,2.274811658293702,2.289722666015354,4.180208178153205,2.028865840310248,2.0439904924243906,3.1689238081686373,2.8150870925339033,2.0265671730054824,2.3980947507732786
1280,3.4651632156055605,2.008658288593194,3.851027636317439,2.0199480717939937,3.2060865227169906,2.6668771901172565,3.196455767903802,2.3412652579373954,3.6926885203570867,3.073271233064911,2.0158465131210974,3.29946703409196,3.1101170739429835,4.3065613295362155,2.048406858009464,3.0573501147953137,3.711534043336382,3.196604297155453,3.2758537081289894,4.280801111427062,2.726296037498373,2.6377633987604368,2.2749369790930376,2.2893656076028153,4.180099377148985,2.02890275738934,2.0441722243878133,3.168779102933885,2.814925210241074,2.0264717251559654,2.3980860748909243
1281,3.4650497290459987,2.008641591391355,3.850838911231058,2.0198917830549443,3.2059158538489396,2.6667979765712087,3.1964048272909515,2.341281966348245,3.6924160092106524,3.0735625788697893,2.0158142486025445,3.298768062694982,3.1104567934541882,4.3064049738969885,2.0483811268738648,3.0572671146856214,3.711360305831076,3.1964220705113364,3.2760391891185554,4.280493558258124,2.726046528294053,2.6374967846821944,2.275053501579135,2.2889973579058855,4.179940347734639,2.028939711057265,2.0443554895833937,3.1685809156600495,2.81473881188637,2.026376807335092,2.3980838585391973
1282,3.4648738868577373,2.0086249305766946,3.850604653141453,2.019835679305531,3.205720985329865,2.6667089254387295,3.1963056010126527,2.3412864375982654,3.692056720349502,3.0738146827615287,2.0157820667735207,3.298006593082624,3.110748839076377,4.306218519558283,2.0483550621370545,3.0572061717167127,3.7112307162418663,3.1962920082031077,3.2762943215411555,4.280223712629919,2.725840043771463,2.6372845367528566,2.275176929412126,2.288642538925255,4.179826609992872,2.0289769993454945,2.044540705228806,3.1684239651611423,2.8145701866232664,2.0262824774030506,2.398074415689351
1283,3.464776493407482,2.0086083236628403,3.850433979559448,2.019779823197286,3.2055977584877136,2.666658491888661,3.196299854532565,2.341309108069669,3.6917989489454746,3.0741295016520658,2.01575002559564,3.2973334840759225,3.111121637720964,4.306078159430408,2.0483289929030732,3.0571761057884,3.7111082397049566,3.196152451694694,3.276513430072268,4.279923339908691,2.725595907826374,2.637025650395165,2.275290544265112,2.2882746620230012,4.179661246335058,2.029014288404819,2.044727465101322,3.1682126924786305,2.814378656489038,2.02618865522352,2.3980684312369647
1284,3.464576191944985,2.0085917469708665,3.850177808768004,2.019724118571527,3.2053612275748504,2.6665435400843878,3.1961627990582806,2.3413122183256263,3.6914325316665,3.074385196522952,2.0157180572717164,3.296580684951008,3.1114271949745738,4.3059025766089984,2.048302539875365,3.0571487288228036,3.711014739288345,3.1960565161363235,3.276809078444549,4.27968020374993,2.725418389481131,2.6368344890716697,2.2754155835165344,2.2879272737396565,4.179558991546029,2.0290520012288535,2.0449163802694255,3.1680676688231664,2.814218984985959,2.026095456719692,2.3980615693782807
1285,3.4645029058807024,2.008575231396411,3.8500354665129417,2.0196687007885927,3.205298802626566,2.6665263661141396,3.1962121372031698,2.3413417835225365,3.691188684642082,3.074700384606481,2.0156862194365357,3.2958840545110424,3.111778991228218,4.305754711899804,2.048275934295859,3.057109527312323,3.710880287937991,3.195913188434883,3.277026970854438,4.279379861534911,2.7251779140946875,2.636578539394698,2.275526483044153,2.287559722584509,4.179385057264122,2.029089623268673,2.045106761226895,3.167850641482878,2.814027983262285,2.0260027376087812,2.3980543802155023
1286,3.4642722386031144,2.0085587393797257,3.8497709028901648,2.0196134053571457,3.205049172672683,2.6664064038213926,3.1960439096785533,2.34133891129707,3.6907693996157667,3.0749099008912886,2.0156544315319955,3.2950584036423103,3.1120204891266634,4.305550738842784,2.0482487843623383,3.0570348457020238,3.7107447276832994,3.19580138276553,3.2773193205057862,4.279145471230626,2.7250191372325756,2.6364101178856747,2.2756534260239945,2.2872213520276103,4.179306706315103,2.029127782139851,2.045299486094753,3.1677307579452636,2.813883408543399,2.025910678458786,2.398050759687127
1287,3.464230426632529,2.0085423132384177,3.8496535074558484,2.0195584148797545,3.205008360033218,2.6663962194743873,3.196112168197239,2.341373850573372,3.690550268063803,3.07522373733667,2.0156227984805253,3.294353841185919,3.112356794261614,4.305398782548066,2.048221562100093,3.0569423580567374,3.7105442968202116,3.195605535973316,3.277482215737157,4.2788211701248775,2.7247559151481306,2.636129948180291,2.2757590107022434,2.2868504511637693,4.179110784008406,2.0291657044950075,2.0454935151348037,3.1674976500623364,2.813687007347623,2.0258190543188217,2.398047251042823
1288,3.463959621591322,2.00852590260567,3.849367335995555,2.0195035187716,3.204739169613674,2.6662704092348988,3.1959001675933902,2.3413609607176675,3.6900586416458943,3.075382325052926,2.0155911890945784,3.293452158195236,3.1125282166200168,4.305157065012648,2.048193650469355,3.0568156774215565,3.710360571693159,3.1954716106913548,3.2777636746834613,4.278588751256978,2.7246069748407686,2.6359834387346797,2.2758883691030123,2.2865215121269142,4.179061861099761,2.0292043297755646,2.0456901256142523,3.167405380379538,2.8135570426505225,2.025728111843124,2.3980421607610847
1289,3.4639843739514973,2.008509568483723,3.849294409360854,2.0194489605400694,3.204728618227583,2.6662727081879707,3.1960127696226075,2.341409265694495,3.689922706944423,3.0757433695884338,2.015559792153623,3.2928255765614725,3.1129289805279097,4.305038937646717,2.0481660374245276,3.056720442292835,3.710130597092502,3.195233605958413,3.277858224992083,4.278220962376942,2.7242914090697194,2.6356469929688595,2.2759832567772293,2.2861395137013365,4.1788166653369405,2.029242461999529,2.045887718362979,3.167121219725658,2.8133397310581336,2.025637525679492,2.398042244745123
1290,3.46362063845822,2.0084932306035044,3.8489294402598206,2.019394422971518,3.2043719585442556,2.6661040672706524,3.1956975202965916,2.341380030962731,3.6893363061609863,3.075863068909068,2.015528367266095,3.291879553473195,3.1130614430096495,4.304769968725875,2.0481375562245674,3.056619204628716,3.7099905227969545,3.195148325461715,3.278206134778686,4.2780280540019096,2.7241834141843624,2.6355518533402194,2.2761198034115147,2.2858271275200557,4.1788198983031215,2.0292816608034734,2.0460884351633464,3.167075780992795,2.8132311802203844,2.0255476854361936,2.3980317853268316
1291,3.463789456701047,2.0084769981180806,3.848958269895471,2.0193403301268367,3.204481309999073,2.6661683131221476,3.195969011150245,2.3414610409193766,3.6893856441691506,3.0763449376122898,2.0154972424995132,3.291431398185237,3.113622987576717,4.304736548513638,2.048109901003234,3.0565961595303293,3.7097911928386225,3.1949002190833538,3.2782392185294738,4.277604295964323,2.723793798273813,2.635128508649038,2.276196415236867,2.285422013998973,4.178479803598453,2.02931982754093,2.046289419764568,3.1666866263041484,2.8129662544542615,2.0254580511343607,2.3980345224211126
1292,3.463222793302837,2.0084607208034853,3.8484324396442875,2.0192860955945493,3.2039342246976585,2.6658997306327468,3.195431287258671,2.3413957119623587,3.688592779244626,3.0763700016551914,2.015465969175025,3.2903613356039023,3.113653799296597,4.304410838397684,2.048080777678194,3.056540959532825,3.709748244535898,3.1949287256657577,3.27875810351083,4.277523183951594,2.723810538248951,2.6351663944218178,2.276354870769914,2.285148625688859,4.1786091871211015,2.0293598771881602,2.0464947769994484,3.1667623213382874,2.8129135750035403,2.0253693574906158,2.3980196741176862
1293,3.4636817977859624,2.00844460887875,3.8486866101232957,2.0192325406196923,3.204327033177331,2.666110928214158,3.196049013109344,2.3415388268505604,3.688979432634249,3.077046656226372,2.015435148583486,3.290172863276352,3.114442775574051,4.304507546573151,2.0480532476947273,3.056580628094017,3.70953975530835,3.1946146309838133,3.278647726495782,4.276987502780123,2.7232873158889177,2.6345841349795482,2.2763996533873145,2.284698337179211,4.178090113063515,2.029397771165238,2.0466988871628926,3.166193458767076,2.8125687056537463,2.0252805871993194,2.398028970457708
1294,3.462718971880151,2.0084283716996656,3.847863601239358,2.0191785211605584,3.203400653970796,2.6656416496085864,3.1950483719033276,2.3413917121188215,3.687714485241056,3.0768034605307917,2.015403937266934,3.2887513084145663,3.1141747576710217,4.304026132360583,2.0480229301676522,3.0564956818624784,3.709570945141868,3.1947852566826502,3.2794305107443567,4.277101361678728,2.723542152104777,2.634882177076089,2.276604535090504,2.284502923110902,4.178484597125801,2.029439181836605,2.0469097836570986,3.166531362732618,2.8126375672549866,2.025193154494064,2.3980115967663314
1295,3.4637159763463505,2.008412411918112,3.8485374284634277,2.019125619738349,3.204312563541155,2.6661221050971315,3.196289720033268,2.341643254067952,3.688686812452423,3.0777909821155225,2.015373476687292,3.288970729130906,3.11529666829961,4.304320822321271,2.047995645330104,3.056530498301537,3.7092214861752044,3.194242378294436,3.2789640164743448,4.276316652101833,2.7227386860732663,2.6339808549670933,2.276590217923835,2.2839667430880137,4.177636306415561,2.0294762703523808,2.0471163806491393,3.1656403611348694,2.812144374180102,2.0251051118108125,2.3980346041406175
1296,3.4621904019886007,2.0083961959354797,3.847276777864037,2.0190717188288456,3.202777839119115,2.6653222889906814,3.194568836648524,2.3413662728748625,3.686708351475552,3.0771123764596715,2.0153422476409473,3.2870189899382307,3.1145673805695724,4.30360510103622,2.0479636210496857,3.056354620910374,3.7093127403156876,3.194566233006734,3.2800768991165556,4.276692272341636,2.7233206492647124,2.6346360917606146,2.2768642387683826,2.2838861429309434,4.178418707609321,2.0295195726565294,2.0473336857194164,3.1663560538082596,2.8123848558481637,2.0250190318331547,2.398017295948227
1297,3.46372011336988,2.00838039238032,3.8483631841198482,2.0190194733639917,3.2042173978567225,2.6660988331402526,3.1964347976901104,2.3417237884986037,3.6882198710645175,3.07838822049847,2.0153121340673095,3.2876203429365365,3.115975545558926,4.304079220216157,2.047936350785844,3.0563345320191595,3.7087854417879926,3.193743704649121,3.279226807525416,4.275637310059445,2.7222195983901925,2.633411758888913,2.2767891971136924,2.283265987809761,4.177249882426337,2.029555894765145,2.047542848647787,3.1651356164655655,2.8117313003426334,2.0249316846529655,2.3980514535878124
1298,3.462138697911978,2.008364252523279,3.8470034183800284,2.0189658789331726,3.20242175160229,2.6651356350794577,3.194492831689809,2.3414114716190033,3.6861316505274644,3.0775989063121663,2.015281067747872,3.285629304617389,3.115204416707268,4.303369513914637,2.047903674692929,3.0561687011100505,3.708944212953637,3.1941045062736295,3.2804080583805506,4.276085811572884,2.722879764003282,2.634121051528847,2.2770789512879523,2.2832144222008885,4.178087232183536,2.0295999989194207,2.0477650686149884,3.165878509360417,2.8119823044410506,2.024846623816647,2.398049346043551
1299,3.4630747801645385,2.008348468291929,3.847645893374858,2.0189137658855243,3.2034032713296723,2.665733076341887,3.19579086326162,2.34164818033325,3.6869277390330732,3.078455170607848,2.0152509177284337,3.285629468263009,3.116062557019097,4.303549922811795,2.0478744297689815,3.056032572955731,3.7085166792059496,3.193489001633309,3.279975055965142,4.275313251367549,2.722105370063488,2.633284108364909,2.277069751948163,2.282703832654698,4.177307663325929,2.029638184793454,2.0479806294230554,3.1650254506640443,2.811495656515849,2.024760569775784,2.398062665405703
1300,3.462725635691009,2.00833256297613,3.847236456192463,2.0188611432164376,3.2028013144907828,2.665412731218183,3.1952990327681157,2.3415991074693885,3.686296431219202,3.078512288447417,2.015220496762433,3.284762270723614,3.116241296461262,4.303353619645212,2.0478434013574836,3.0559502891597417,3.7084520864644714,3.1934183476206557,3.280371997228389,4.275180093670341,2.7220601896198513,2.6332091202932695,2.2772093832842923,2.28242616844395,4.177323649977284,2.029679606425548,2.0482026940142806,3.1649350704224624,2.8113740904464475,2.0246757420446975,2.3980898266736776
1301,3.4621197111174355,2.0083166694962977,3.846651175904127,2.018808636604468,3.2021924521606557,2.665139712951225,3.194747339668005,2.341509614741131,3.6853776043469337,3.0784288265047124,2.015190071111776,3.2836002840029557,3.1161120021149475,4.302968059652041,2.0478114116456725,3.055839358424914,3.708439639139636,3.1934664487693887,3.280989308878219,4.275154775773,2.7221373187376545,2.633301543896931,2.2773745567414507,2.2821858146711147,4.177488241092138,2.029721784923387,2.0484278696117677,3.1650429036767793,2.8113452200716464,2.0245915354192943,2.398077674308861
1302,3.463075808171089,2.008301007641102,3.847304164408036,2.0187570833033557,3.20314077138399,2.6656995257935616,3.196043028008872,2.3417656526119677,3.6863336047439907,3.0794363041911677,2.0151603129392726,3.283826639377366,3.117172365726968,4.303233062829662,2.0477820104709585,3.055832126183127,3.7081020711504165,3.192900716892161,3.2805147703709796,4.274334343630847,2.7213014392547,2.6323911301200282,2.2773491645031587,2.2816636301772726,4.1766365763168185,2.0297602287173104,2.0486494521427927,3.16413160079089,2.8108520355136384,2.024506932636795,2.398101901476478
1303,3.461685231081669,2.008285091283809,3.846060730715063,2.0187045382881896,3.2015283079629455,2.6648312692231824,3.1943905976491442,2.341515461184787,3.6846816180439967,3.0789529163349187,2.015129908710852,3.2822329732197035,3.1167079684134835,4.302672443823106,2.047749010736705,3.055801538842532,3.7083545980586337,3.1932729267797577,3.2815838642548414,4.274678157004953,2.721814428196024,2.6329297951554125,2.2776039867865396,2.281568531755907,4.17728235299384,2.0298046818782223,2.048882046893553,3.1646992613993756,2.8110453662515704,2.0244241690409197,2.398114171494815
1304,3.462502289796662,2.0082694902945004,3.8466066283757083,2.0186533498381256,3.202504443787686,2.6654359818272186,3.1956687176711958,2.341760661140824,3.685510408229204,3.079888459124468,2.015100269621191,3.2822858193148683,3.1175903124498614,4.302852850166006,2.0477188869935903,3.055776356642451,3.7080438540740195,3.1927783044187548,3.2812506472644163,4.27395101536068,2.7210855365050377,2.6321572031491587,2.277596140976514,2.2810728893000602,4.176524821463802,2.02984384271501,2.049108975800741,3.1639067899437148,2.81059995994163,2.024340614785838,2.398118480503996
1305,3.461972202123336,2.008253768558395,3.846124411853978,2.0186016772007185,3.201908816399442,2.665108572613193,3.195114423241575,2.341704534993209,3.6848162405322413,3.079916055156444,2.0150703005659487,3.281333735830091,3.1177015235166037,4.302627751134408,2.0476866984231212,3.055727642512534,3.7080189818596176,3.1927980744869116,3.281740139117452,4.273896003665307,2.7211306403688784,2.632195373835435,2.2777505390131756,2.280829241364092,4.176634438574574,2.029886511281836,2.049343156265787,3.163931218841064,2.8105511957104015,2.024258308521551,2.398150126892128
1306,3.461400080868626,2.008238084411051,3.8456138661645314,2.0185502031484566,3.201445525538912,2.664892231815801,3.194682627713057,2.3416533383057376,3.684114171595248,3.079940127836539,2.0150403932189542,3.2802692390212607,3.1176314601802395,4.3022928706862125,2.047653722386048,3.055576348806953,3.7079183492405177,3.1927988406885546,3.2822854496048093,4.273865164580888,2.7211838726069626,2.6322459589901546,2.277903539145715,2.280579797105585,4.17672930805554,2.029929357420469,2.0495798674752406,3.164005518678157,2.810532715087318,2.024176490267132,2.3981550929543873
1307,3.462104976571557,2.0082226023721548,3.84614240488727,2.018499550978756,3.20237805586964,2.6654658167961607,3.1958107784974583,2.3418708778517385,3.6847749290441567,3.080754497252676,2.0150109815737993,3.280192586169151,3.1184005241680053,4.302403863516158,2.047622358869125,3.0554553225389123,3.7075090563828157,3.1922951520819787,3.2819416509850448,4.273158852800499,2.7204775378640567,2.6314984567560034,2.277895041200615,2.2800963861689767,4.1760056676109985,2.029969091304286,2.049813922303149,3.1632716387327955,2.810144816341872,2.0240943962201525,2.3981629890150855
1308,3.460904440282775,2.008206923534818,3.8451230460454835,2.018448092717217,3.2010542798986013,2.6647437081838135,3.194351488441749,2.3416465291308137,3.6832301516816415,3.0803054371301184,2.0149810789405826,3.2786945009021995,3.118023032557235,4.3018914377581385,2.0475882291953567,3.0553639511193245,3.707611050586652,3.1925529154647587,3.2827943332767817,4.273366689215658,2.7208369450576906,2.6318871766791685,2.2781127153567944,2.2799594911940604,4.176503709132659,2.030013842920705,2.050057763621025,3.163718479746932,2.8103153198983817,2.0240138345991685,2.3981775067592785
1309,3.4614608658574744,2.008191493935867,3.8454712020499704,2.01839768826992,3.2017100375898693,2.6651628496982647,3.1951857620492454,2.3418225828445767,3.6837258614442225,3.08106015368258,2.0149518282400356,3.278576300509539,3.1187651403775236,4.301977639630046,2.047556429423786,3.055281798879248,3.7072631352370453,3.1920983326531323,3.282515519670679,4.2726993533487825,2.7201730733984104,2.6311917689064934,2.278114902743185,2.2794969659901767,4.175854129541077,2.03005427090549,2.0502972385819875,3.163051014308742,2.809949664686265,2.0239327316480393,2.3981772264879213
1310,3.461152464680004,2.0081760026575597,3.845185519978701,2.018347068902132,3.201448293318513,2.6650457582311073,3.1949188434803597,2.341804224872327,3.683187700859719,3.0811902003684475,2.01492237368156,3.2777400272774226,3.118987821161797,4.301783021556379,2.047523219773729,3.055220290232772,3.7071357318085774,3.192025360387463,3.2828071550341633,4.2724750167137096,2.7200179688311525,2.631059357360197,2.2782287653186826,2.279203348896073,4.175799623451425,2.0300971319552357,2.0505424605757994,3.1629088648852446,2.8098273499501936,2.023852538775221,2.398178170496701
1311,3.460538300221109,2.008160510195233,3.844633548390155,2.0182964725934998,3.200781957405451,2.6646732756714258,3.1942042518204277,2.3417248594838007,3.6823600693278418,3.0811739492543944,2.0148929385384347,3.276746093590709,3.119070331458797,4.301514971237738,2.0474895571006337,3.0551916569235944,3.7070934714362798,3.1920808436766155,3.283321348949882,4.272426931241484,2.7200391322134525,2.6311012158303857,2.278378653225386,2.2789614591628857,4.1759101317029295,2.030140902460797,2.050791434441421,3.1629556138047765,2.8097996454577348,2.0237729841175573,2.3981815732197145
1312,3.4611842381548894,2.00814520899769,3.8450676545786804,2.0182466854042342,3.2015808052888515,2.6651485577957006,3.195157761752184,2.341933955638731,3.6829776565415413,3.0820241230342798,2.0148639859807718,3.276722851100925,3.119920428325407,4.301653846350495,2.047457442029018,3.055191799349211,3.706749168051112,3.1916526786194073,3.2830426670749153,4.271765629096563,2.7193555028914425,2.6303918472337244,2.278372940505859,2.278490170673737,4.175207551457231,2.0301815957665417,2.051037975390084,3.162237730649439,2.8094160931843684,2.0236931835106646,2.3981726979962845
1313,3.4602536405259547,2.008129760467017,3.844261901495778,2.018196321436323,3.2006504798496103,2.664639889366651,3.194086077794231,2.3417820863648555,3.681761791192193,3.0817923660464217,2.0148346228452843,3.275410105557833,3.1197211318459144,4.301224101974571,2.0474227220226786,3.055188974646202,3.7068375713447828,3.191901863392191,3.283818230904508,4.27191635923454,2.719622387840789,2.630695372775948,2.278566235729933,2.278320790112012,4.175579521441557,2.0302267034766492,2.051293701112532,3.162533257447606,2.8095158620445257,2.0236146764882994,2.3981695292189458
1314,3.4605631129067813,2.0081144990163775,3.844427172287383,2.0181467230391013,3.2010097394687596,2.6648547468410984,3.1945288849994693,2.3419158553186983,3.682029341110403,3.0824376886406086,2.01480576285842,3.275135492781683,3.120376529423286,4.30126583733531,2.0473897525282374,3.0552001383801484,3.7066156854914216,3.1916482125309242,3.2837908803347484,4.271461236616294,2.7191843699949536,2.6302285238271317,2.2786063077511987,2.277926391439375,4.1751361710520865,2.0302687629158496,2.0515470817278554,3.16203559223936,2.809239833884064,2.023535924146793,2.3981785892358123
1315,3.460462709980037,2.008099229824893,3.8442971682264875,2.018097129414076,3.2010460599949697,2.6649003545273136,3.194569916898168,2.341961406677555,3.681781456584724,3.0827549230216356,2.0147768158630606,3.274434262735154,3.1206990182514676,4.3011233876256565,2.047355805757554,3.055197358024948,3.7064835881904727,3.1915989956344144,3.2840942764472976,4.271241191630491,2.719021686550318,2.6300711263134158,2.2787048289413843,2.277614906701925,4.174993227746541,2.030312154599837,2.0518049534785407,3.161822512216698,2.8090900669158305,2.023457808325747,2.3981703027146266
1316,3.459893427011596,2.008083946754412,3.843805818431852,2.018047484780941,3.2004815920968896,2.6645841428563792,3.1939287626983113,2.3418964589410316,3.680965603863907,3.082734021242554,2.0147478208598146,3.273371367211014,3.1207571081913166,4.30084054616211,2.04732097162739,3.0551790336858686,3.7064313341734456,3.191721157707402,3.2846814451428896,4.271268346984208,2.7191581252747627,2.6302237530305312,2.2788676380736828,2.277399969749758,4.1751794112482505,2.0303570085054616,2.0520676011005667,3.161920667621901,2.8090991576143347,2.02338041733436,2.398176506148036
1317,3.4604065586672985,2.0080688290717688,3.8441575830103965,2.0179985209264886,3.20106902796602,2.664931356557389,3.194657140645744,2.3420831698297793,3.68144192730347,3.0834831904517674,2.0147192623698555,3.273191717654779,3.121517085688665,4.300938776227417,2.047287490491805,3.0551372512287136,3.70604927317052,3.1913359760868145,3.284493030642434,4.270718593418195,2.7186344425078923,2.629666488212556,2.278889041010457,2.2769797569800385,4.174621580310085,2.030399093998829,2.052328416752864,3.1613389276570953,2.8087975653242654,2.0233029220201413,2.3981860954432443
1318,3.4597155697826545,2.0080536071745865,3.8435595373013935,2.0179491764926283,3.200408681801515,2.664589026785799,3.1939221597792304,2.341994186276893,3.680491087878974,3.0833634920202524,2.014690379737915,3.2719534198713864,3.121390387890883,4.300549366598849,2.0472517843361997,3.055059423998876,3.705972788792744,3.1914462408194755,3.2850931650671087,4.27076008875135,2.718789668424504,2.629858430495058,2.2790572479155253,2.276776607440857,4.174856511914113,2.030444567736873,2.052597207143754,3.1615278808672094,2.80885518242897,2.023226482875827,2.3981816311062047
1319,3.459858891618555,2.0080385235301508,3.843621156630035,2.0179003916830203,3.200519805373718,2.664658912195696,3.1940815716377724,2.3420856479937235,3.6804856811135034,3.0838084338024094,2.01466187382765,3.2714511882779904,3.12190627298449,4.300513894483954,2.047217281358663,3.055009248299002,3.705686824480805,3.191204406321927,3.2850835642030383,4.2703630752970785,2.7184403273825324,2.629506640764804,2.2791181309952933,2.276424192221354,4.1745483759449,2.0304879472536785,2.052865050981045,3.1611480162408148,2.80864361454421,2.0231500060329553,2.3982017637802313
1320,3.45979777699859,2.0080234514117494,3.843515981339936,2.0178516970496827,3.200517493055271,2.664674229314429,3.1941076070116825,2.3421433557634423,3.6803046512546773,3.0841541785767346,2.0146333767658446,3.2707795527787193,3.122257971027571,4.300385712396782,2.0471822119916183,3.054948431522692,3.7054236054256267,3.1910280042527885,3.285219797355682,4.270061057156907,2.718185223262661,2.6292617136663146,2.279201981179507,2.2761024698496284,4.174358177151147,2.0305320080253497,2.0531366512479443,3.160894101311544,2.8084827656277365,2.02307402466583,2.3982073681786376
1321,3.4593219573679317,2.0080083722028292,3.8430986775636793,2.0178029942953177,3.2000593244071007,2.6644256354814706,3.193589174664986,2.342106733536226,3.679623428947575,3.0842068141056966,2.0146048415946183,3.2697715071113995,3.122352003001564,4.300123806912122,2.047146357721728,3.054911064395637,3.705283550589183,3.19104398836199,3.2856475465824024,4.26998564124162,2.718189526160404,2.6292942332267732,2.27934172283889,2.275863345078571,4.174462179345588,2.0305773973268435,2.053413013290076,3.160903784999144,2.808451808949343,2.0229986494223806,2.398212976373721
1322,3.4596555769956363,2.0079934261152776,3.843315302646286,2.0177548283796383,3.2003910501565427,2.6646150313282293,3.1940085921373793,2.3422549164632662,3.6798845293774587,3.0848386166288533,2.0145766714827023,3.2694897450542957,3.123064495684125,4.300204772062199,2.047111777066756,3.0549531973416615,3.704993784319828,3.1907604523908777,3.285540310987911,4.2695079608874495,2.7177268258758094,2.6288135401521378,2.279377499391608,2.275478071974327,4.174022659625335,2.0306207346663663,2.0536886326632144,3.1603837996692885,2.80818015495836,2.0229232537868436,2.3982280092807535
1323,3.4590982736532094,2.007978410882888,3.8428031899775563,2.0177064315359394,3.1998711747596564,2.6643448199158764,3.1934598665875704,2.3422144786390184,3.67917219046826,3.0848911178699296,2.014548297526636,3.2684753561264435,3.1231318578619325,4.2999232690880085,2.0470756489222146,3.055013539908671,3.704979660464724,3.1908805622397836,3.2860796100606278,4.2694863206137486,2.717769070885335,2.628876372516764,2.2795201712322024,2.2752466337211223,4.174146205855575,2.0306666477323962,2.053971390211997,3.1604434943192747,2.808172734902491,2.0228487135485267,2.398220764918056
1324,3.4592066048181023,2.0079635166514143,3.8428426450036093,2.0176585233774564,3.20000527982552,2.6644304292628225,3.1936534020580423,2.3423196938378816,3.6791857734132294,3.0853751391130433,2.0145202342848427,3.268007898024132,3.123692163263391,4.29991646376965,2.0470404096358394,3.0551032377675797,3.704823786164572,3.1907485583649615,3.286166208058856,4.269133442899296,2.717443721267143,2.628539302521093,2.2795813598677204,2.2749061132706365,4.173860901933952,2.030710962003762,2.054254118487708,3.160064616912885,2.807957815565863,2.0227742385240024,2.3982369283513614
1325,3.4590751447126404,2.0079486310329564,3.8426895835406607,2.0176106811349706,3.199927140807108,2.664397766008727,3.1935999041579795,2.342373900019793,3.6789223120794277,3.0856873169521664,2.014492166333319,3.26730477618717,3.124050326451335,4.299802907318831,2.0470045368567926,3.055174104393597,3.704724801802537,3.1907252620865543,3.286450816801782,4.2689237437985135,2.717277023340026,2.6283713317300887,2.279675585586925,2.2746098210687973,4.173730501705827,2.030756095291885,2.0545410663767782,3.1598370443555117,2.807806492344696,2.022700280518459,2.398248077769452
1326,3.4587320344537797,2.0079337582444015,3.84236950615044,2.017562916797021,3.1996537997367813,2.664264068932604,3.1933281030097866,2.34238355421414,3.678409626691599,3.08584511264343,2.0144641062198296,3.266395943272447,3.124220114015108,4.299590122566807,2.0469679962992684,3.055193932024846,3.7046342733373017,3.1907725402970355,3.2868951432116904,4.268834649813984,2.717246898132094,2.628350290353153,2.279798641049963,2.274350862051335,4.173734775233886,2.030801964414006,2.0548322110957233,3.1597583506599793,2.8077311297331686,2.0226268431055594,2.3982546802607416
1327,3.458937747185521,2.0079189912189435,3.8425107982901294,2.017515572904951,3.199896290446067,2.6644118699931623,3.1936563277511345,2.3425123625109725,3.67849122849109,3.0863557739668597,2.0144363118121165,3.2659469196080066,3.1247946507064284,4.299604518592188,2.0469320355976586,3.0551868796781214,3.7043523205688405,3.1905558048340774,3.286911402053409,4.2684519762321385,2.716902360216313,2.627987671098298,2.2798541564520844,2.2740010784196776,4.1734000303586,2.0308465154909445,2.055123944890264,3.1593334664068395,2.807511069855669,2.0225535548354285,2.398283590832199
1328,3.458436065679537,2.007904177896347,3.842072901276852,2.017468083634889,3.199459183166745,2.6641936289614807,3.193210927437689,2.342489100658467,3.67779960665815,3.0863940749224623,2.014408364868272,3.26489175998268,3.1248235298248384,4.29931315576036,2.046894633268859,3.055133909514439,3.7042191220073915,3.1906015942752832,3.2873892971164205,4.268412605677226,2.716949031975255,2.6280489662265083,2.2799959714991807,2.2737733960084667,4.173520985628434,2.0308932021029116,2.0554224165306287,3.1593757725828047,2.8075070564535665,2.022481019288025,2.398299193756074
1329,3.4585666408247056,2.007889475489509,3.842136531690693,2.0174210470216067,3.1996509713134946,2.6643302100767134,3.193490827775763,2.3426080668501195,3.677830721651615,3.0868631728904847,2.0143807045137017,3.2643714450474746,3.1253016025102576,4.2992698783838055,2.0468580173274873,3.0550919707603925,3.7039252315625206,3.190375983814757,3.2874160493876374,4.268036615631125,2.716613471310021,2.6277051205403827,2.2800549580513563,2.2734328213184796,4.173223965649354,2.0309383060355954,2.055721089894063,3.159005148957127,2.8073049482466192,2.0224085567788874,2.3983270373011027
1330,3.4583103510798034,2.0078747678273583,3.841906609803524,2.0173740176292836,3.199426164979993,2.6642221277197766,3.193266956091544,2.3426382786723496,3.677400009233523,3.087057089636455,2.0143530139503714,3.263562034493953,3.1255554854991163,4.299104792519799,2.046820675090302,3.055058306049819,3.703741571245648,3.1903140832697163,3.287692751202375,4.2678519720498755,2.7164892855451424,2.627597864018661,2.2801620538852374,2.273162691421796,4.173184651209693,2.0309846530962434,2.0560248932405045,3.1588713574890877,2.807209076180374,2.0223366547210477,2.398357761753312
1331,3.4580738699653355,2.007860097075316,3.84167928245134,2.017327168103884,3.199267564646472,2.6641578137867272,3.1931280402623488,2.342682020565941,3.6770336003665927,3.0873079717148504,2.0143254207287535,3.2628055559932747,3.1258360380789663,4.29895072516897,2.046783195175441,3.055030427371536,3.70354853757546,3.1902398146585833,3.2879771888231795,4.267662493264277,2.716342018223235,2.627464163643224,2.280264303272216,2.272883785887144,4.173110763641359,2.031031075898937,2.0563319639871014,3.1587287046511787,2.807108522084791,2.022265124307531,2.3983798250405015
1332,3.458165486670763,2.0078455011432097,3.841708112975098,2.0172806247440245,3.1993956539651256,2.6642467897568727,3.1933248144782818,2.3427971031356245,3.6770309266371615,3.087797293640161,2.014298031581622,3.262361781600386,3.126394144451574,4.298953963154922,2.0467461630973496,3.055051298077513,3.703309503188468,3.190052019343285,3.2880530933242245,4.267320996392568,2.7160187102457876,2.62713092033414,2.2803264475019276,2.2725514248808474,4.172828921758007,2.031076769112964,2.0566408271259524,3.1583743019299986,2.8069163789236926,2.0221938182396095,2.398410435177759
1333,3.457713890051419,2.0078308803678544,3.84130103445644,2.0172340115405754,3.198973875136943,2.6640279151887283,3.1928779232796467,2.3427892003794737,3.676396130616171,3.087917831690306,2.0142705557236122,3.2614669986244937,3.1265798043020006,4.298751982713117,2.046708201265262,3.055110615212878,3.7032696738620583,3.19013045554809,3.2885309953710458,4.267269144093438,2.7160220389279845,2.627147218876198,2.2804583072168976,2.272318140702793,4.172915212959964,2.0311241909314663,2.0569559616190327,3.1583670517825704,2.8068838404230165,2.0221231370016093,2.3984348393918884
1334,3.457872320989031,2.007816365122148,3.8413685710243777,2.017187824567134,3.199198590508999,2.664182031305129,3.1931970222513684,2.3429252039094597,3.6764882676529758,3.0884829165886774,2.0142433529484123,3.261083132437613,3.1271909367437205,4.298783707491831,2.046671069626578,3.0552059532614497,3.70310735939869,3.1899776444949453,3.288624321224915,4.2669116633796715,2.7156768045451534,2.626784883025448,2.2805111757994947,2.27197593513724,4.172593273184063,2.0311700592209516,2.0572715707847293,3.157967410863149,2.8066631040166046,2.022052532898022,2.3984646545045343
1335,3.4575577214652244,2.0078018374518773,3.841073748241377,2.017141606919394,3.19892616885286,2.6640496110315937,3.192926593220933,2.3429532905690342,3.6760110507730395,3.0887018795034566,2.0142160852133166,3.2602868522323676,3.1274650890721434,4.298635906659964,2.0466329942655226,3.055288998479918,3.703070644339902,3.1900321162714773,3.2890573425673426,4.266815800925378,2.7156324885686787,2.626743691772835,2.280629031524413,2.2717247849727484,4.172604348547967,2.0312174836009294,2.057593266976156,3.1578738852453783,2.8065842259049187,2.0219825238998417,2.3984968821090247
1336,3.4574914373718078,2.0077873764847447,3.8409914672358076,2.0170956691935253,3.198944373573629,2.6640790253161444,3.1929746362617424,2.343037615511779,3.67578528358142,3.08906193676469,2.014188954307902,3.2596365206732494,3.127864575645736,4.298564395612589,2.0465949742216023,3.055343325911634,3.7029366785669184,3.189969784016175,3.2893327136986006,4.266604248030408,2.7154640975395297,2.626569741932954,2.280719197855385,2.271434025084663,4.1724610040792935,2.0312644156841433,2.0579174619640628,3.1576405823376446,2.806443783002565,2.021912781138962,2.3985294689698256
1337,3.4574701067223987,2.0077729571058334,3.8409418593478546,2.0170499142257574,3.1989934945157614,2.6641267257102985,3.193053313969425,2.3431296092539973,3.675590612123359,3.0894296607336567,2.01416190623748,3.2589864254242285,3.128243581396444,4.298491044634478,2.0465566522978658,3.055343121107984,3.702742179573532,3.1898580782845585,3.2895700264122105,4.266375156417572,2.7152794283146116,2.6263753411152093,2.28080538336787,2.2711372082395282,4.172289053522055,2.031311415665269,2.0582453050591774,3.157398513633724,2.8063074020205185,2.02184341593557,2.3985661692830464
1338,3.4571717537746087,2.007758544028965,3.840674379586814,2.0170042077560733,3.198734093925117,2.6639956867583194,3.1927529413408844,2.3431511541974,3.675038676233352,3.089572775199004,2.0141348473206153,3.2580771943725937,3.128400594721825,4.298298010129091,2.04651754700531,3.055291390670714,3.702582247667887,3.1898350323481073,3.2899604747130455,4.266278837486664,2.7152565509455693,2.6263588992848215,2.2809283601916706,2.2708944019599295,4.1723189717010465,2.0313594148296783,2.0585784396157574,3.157337508658744,2.8062571328059214,2.021774556580473,2.398609411436509
1339,3.4573066551733405,2.0077442137523773,3.8407410748628346,2.0169588435280734,3.1989304584239844,2.6641258021350183,3.1929794693272515,2.343270842370787,3.674993602123117,3.090020124425785,2.0141079976749787,3.2575255218127293,3.128846098126392,4.298260272140276,2.046478849721438,3.0552296411921445,3.702291401781865,3.189607032935032,3.290028573725504,4.265938830543835,2.71496040544954,2.626056479081578,2.2809926224957287,2.2705734258150416,4.172056278533994,2.0314063138945486,2.058912976302675,3.156990709644884,2.8060675216286155,2.021705854809218,2.398655649292341
1340,3.4569846663953743,2.0077298687904412,3.8404337279142395,2.0169134453182314,3.1986186616228256,2.663970103614552,3.192627067912638,2.3432883924829135,3.6744441131798133,3.0901730134285312,2.0140811059907016,3.256647344587523,3.129005049958548,4.298066344650591,2.0464393612046363,3.0551836718174794,3.7021354290134134,3.189563928640646,3.290398025820455,4.265826334464343,2.7149122468848805,2.6260235277245134,2.281113221274736,2.270330645534601,4.1720838997818035,2.0314546518790086,2.0592537172768393,3.1569175415702713,2.8060025676685973,2.021637707925934,2.3986974955771174
1341,3.45704700262481,2.0077156034710852,3.8404398783314857,2.016868371286288,3.1986917981088236,2.664025542721409,3.192723246755913,2.343395922952002,3.6743399406017323,3.0906102670407405,2.014054422532649,3.2561297092165145,3.1294947301644784,4.298054178600482,2.0464004594854868,3.0552033993737764,3.7019237172628165,3.1893832589537783,3.2905126507692515,4.265517417217489,2.71463816796314,2.6257490362846703,2.2811848774019494,2.2700224498044603,4.171856067378146,2.0315020281954976,2.05959612341196,3.1565851023000016,2.805821909083924,2.0215697288502885,2.3987426602899924
1342,3.4568474391207054,2.0077013450168075,3.8402307476732154,2.0168233532559077,3.1985245397907383,2.6639599385791795,3.1925642452679357,2.343456331972593,3.6739949206178952,3.09091613217232,2.0140277520927614,3.2554381182159244,3.129821185791543,4.297953666979366,2.0463610940032413,3.0552584723352734,3.701818926512178,3.189335173015148,3.290841594964407,4.26535438047279,2.7145122582320536,2.62562868063599,2.2812891039279553,2.269757173609338,4.1717851637663035,2.0315503060962046,2.05994400808,3.1564214215077326,2.805725344986251,2.021502221308998,2.398780020432855
1343,3.4567418746293224,2.0076871343416487,3.8401002267468356,2.0167785353813423,3.1984368371159713,2.663928519316059,3.192495070355584,2.3435391626206523,3.6737607156129384,3.0913009496731627,2.014001198989062,3.2548454310946453,3.130249185103298,4.297912320742511,2.046321818296879,3.0553596166237096,3.7017421564725783,3.189286445985678,3.2911357540689243,4.265161255397231,2.714348028111141,2.6254602641867497,2.2813838250431417,2.2694809393591617,4.171663212039583,2.0315985183689564,2.060295506012319,3.156197069202747,2.805602052747318,2.0214350176639124,2.3988257113310176
1344,3.4567070230198067,2.0076729685987122,3.8400298908456234,2.0167339118783785,3.1984658278039007,2.6639677028830926,3.1925455230274773,2.3436397468991554,3.6735992982804975,3.0917318259606814,2.0139747396344956,3.254282612964591,3.1307030599935484,4.297884777390141,2.0462824350743025,3.055471375526833,3.7016766180626783,3.189243101865582,3.2914208058669985,4.264949721580811,2.7141630666586054,2.6252714625524014,2.2814720392931367,2.2691964605052686,4.171508731348749,2.031646735210479,2.060650855444675,3.155938755636347,2.8054586202938427,2.021368124198045,2.3988716657842692
1345,3.456485373665605,2.0076588195099205,3.839809561037988,2.016689373081815,3.1983195631189902,2.6639120726427117,3.1923897072593963,2.343701265045995,3.6732364453887234,3.092042635640833,2.0139483045653,3.253555245922796,3.1309997365143722,4.29777411847801,2.046242511922614,3.0555562104225915,3.701647882547989,3.189275284186609,3.2918503462012385,4.264845959291978,2.714099717676086,2.6252099731047362,2.281585544366677,2.2689456979112284,4.171479617619072,2.0316956779707427,2.061011637596628,3.1558153562465128,2.805381203824421,2.0213016761104874,2.3989200838210794
1346,3.456544511480354,2.007644739740228,3.839832363690591,2.016645112047117,3.198450906649965,2.664002693550046,3.1925399222612483,2.3438235989713423,3.673161244603993,3.092518954799781,2.013922024697643,3.253030012942623,3.131487541067555,4.297776924089323,2.0462027775133045,3.055624076696587,3.7015174863542852,3.189171113481923,3.2920700945235932,4.264597748198215,2.713889829578213,2.624988489219926,2.2816664184433657,2.2686529032051874,4.171282818635554,2.031744009277405,2.0613751900051676,3.1555270234316577,2.8052368774276744,2.0212354700563697,2.398980749354779
1347,3.4562747942749104,2.0076306614110253,3.8396033893982837,2.016600886307313,3.1982868183240214,2.6639361543101767,3.192337069507856,2.3438742730013264,3.6727003370861775,3.0927426389941255,2.013895705994073,3.2521745610420374,3.131679359640873,4.297623887075808,2.0461621775411873,3.055636406469165,3.70141762955635,3.1891709275933717,3.2925043550823614,4.264517945298001,2.713874791511854,2.6249785271453643,2.2817913504055953,2.2684183386642323,4.171308366286393,2.0317934864592813,2.061745118620818,3.1554634531336587,2.80520264582547,2.021169770640743,2.3990363511661186
1348,3.4563275490517564,2.0076166533227005,3.8396325426721547,2.016556943287327,3.19840243566751,2.6640174155073693,3.192463745739214,2.3439947683998947,3.6725930380580456,3.093167180589523,2.013869556586445,3.2515849569636783,3.1321068267480365,4.297608603086751,2.0461218661056058,3.055631204110637,3.7011961699152613,3.188999529219582,3.292674475449528,4.264256031545786,2.7136608856499613,2.6247547987621322,2.2818741424234816,2.2681292193703797,4.171116723186466,2.0318421615119093,2.062117490614376,3.155184585818648,2.805070103643936,2.0211042784005406,2.3991026200798973
1349,3.4560934910341503,2.0076026505995057,3.839439646734582,2.016513048425539,3.1982410861345634,2.66394467473094,3.19224900193021,2.3440479396390694,3.67213683356961,3.093375369626618,2.013843393023116,3.2507389114110925,3.132309484100962,4.297467125705133,2.0460808099380863,3.0555847014410435,3.7010094522476558,3.188918234381853,3.293006406641796,4.264123046970589,2.713592462594798,2.6246991188272135,2.2819920608617474,2.267889047136627,4.171115488779973,2.0318918127843233,2.062495870824864,3.155077122030673,2.8050144742748304,2.021039242336109,2.3991662682793415
1350,3.4560713337285955,2.007588704126446,3.839397269818234,2.016469384230147,3.198261848668072,2.6639813974113062,3.192259243512971,2.344147895525348,3.6719283544858725,3.093740392405339,2.0138173785649887,3.2501112089107074,3.1326884717760946,4.297422062584749,2.0460399557422244,3.0555564805305595,3.7007769638372894,3.1887413047216127,3.2931737286737466,4.263863728235697,2.713375015965262,2.6244886801313805,2.2820784711658573,2.2676080084827515,4.170953389615392,2.031940929660689,2.062877309183544,3.154816521149538,2.8048858402913077,2.020974433495468,2.3992273778993565
1351,3.455940872937214,2.0075747812558795,3.8392626739179083,2.016425830571847,3.1981580388234847,2.66393938269269,3.1921168251528846,2.3442223520137975,3.6715986666967115,3.0940559535030427,2.0137914224047266,3.249432757498875,3.1330258072056614,4.297349970773461,2.0459988516108982,3.055562498737434,3.7006061808685446,3.1886286209983035,3.2934259749711066,4.263663646225096,2.713212875478175,2.624336595773619,2.2821778676537905,2.2673454011535727,4.170856969620436,2.0319904873540877,2.0632638026705745,3.1546057169656283,2.8047827916254757,2.02090998718342,2.3992863221928995
1352,3.4558071509360704,2.00756089381728,3.8391218245961136,2.0163824299505584,3.1980492316580396,2.663907878443485,3.191988148332758,2.3443014619995646,3.671290653507732,3.0943891305057223,2.0137655539273336,3.2488025654424635,3.1334123796198368,4.297306898164797,2.0459577586195317,3.055633571446512,3.700503387139105,3.1885619229527276,3.293711474099874,4.263472112750145,2.713048731421188,2.624182187133896,2.2822774899932337,2.2670834702204252,4.1707576920513025,2.032040210470171,2.0636549519584966,3.1543853847246073,2.8046741497194447,2.0208458422269566,2.399338415378214
1353,3.4557803903343025,2.0075470537141054,3.8390698609275744,2.016339230589399,3.1980870318795405,2.6639498815581346,3.1920267698857723,2.3444136209180146,3.6711496168741764,3.09484630519956,2.0137398010503937,3.2482845145298653,3.133899050787473,4.297315885397155,2.0459167678777854,3.0557493826840174,3.7004175450215935,3.188494070422021,3.293976747975625,4.2632517388704,2.7128391091751576,2.6239704140320113,2.28236561474325,2.266805615611211,4.170589649319695,2.0320897690931097,2.064050142003102,3.154088628756841,2.804530070310927,2.0207819704742898,2.3993939672764513
1354,3.4555574948174446,2.007533229870984,3.8388624066322072,2.016296109108706,3.197913551103804,2.663882019502906,3.1918360578165497,2.344485927509327,3.670797453877513,3.0951683138309414,2.0137140735974812,3.247626429531642,3.134277155867725,4.297272676710445,2.045875444787896,3.055903952040806,3.700433244696874,3.1885495253117027,3.2944125297878646,4.263154350501901,2.7127655532597013,2.623901388094647,2.2824831833850854,2.266566436503447,4.170562466737348,2.0321401249915647,2.064451587358433,3.1539218655374857,2.8044425401039272,2.020718492156366,2.3994484581817344
1355,3.4556103137570684,2.0075194719378637,3.8388903618300096,2.0162532594615143,3.1980926822801314,2.6640088539186775,3.192031139548889,2.344626589022532,3.670763534454572,3.095687847803096,2.013688488607122,3.2471412095881336,3.1347968821165524,4.2973081165777725,2.045834230940936,3.0560389045056366,3.7003587151260535,3.188496376657388,3.294689565220385,4.262936143761362,2.712561537012691,2.6236888970186687,2.282569378598029,2.2662852857890963,4.170368423593009,2.032189843099664,2.064856337135119,3.153600904012346,2.8042888464834856,2.0206552432000233,2.3995081964172638
1356,3.455346628825481,2.007505716891685,3.838667132735262,2.0162104413013555,3.197931838728579,2.6639449994281654,3.1918343367242525,2.3446958539727585,3.6703603014600357,3.0959677819891427,2.0136628846463003,3.246369422918108,3.1350617689545945,4.29721237317011,2.0457922565583506,3.056124930228707,3.7003287669263414,3.1885531705249543,3.295175910187705,4.2628914945199226,2.712558808711279,2.6236864008430123,2.2826998456373646,2.2660622615601076,4.170393845286496,2.032240711184243,2.065268400931776,3.1535027353643628,2.8042464796251236,2.0205924758684586,2.3995726566219164
1357,3.455428714517146,2.0074920339869218,3.838733623205557,2.0161679129463113,3.198134667817699,2.664085691998776,3.1920427694752114,2.3448401958052036,3.6703079191675876,3.0964419328229615,2.013637436897281,3.2458225495041515,3.135524667835012,4.2972320973201485,2.0457504560244706,3.0561680732644083,3.7001580080796828,3.1884359221503527,3.2954000736301614,4.262661824901415,2.7123649249444313,2.623482637243139,2.282788193471728,2.265785191618131,4.170206084209691,2.03229072491155,2.0656834341020596,3.153203689393482,2.8041174811907155,2.020529908864624,2.3996449975276484
1358,3.455160513512838,2.007478349323511,3.8385231587046436,2.0161254045292463,3.1979927884807804,2.664028336322959,3.191831692040589,2.344902880507252,3.669839311639226,3.0966529369435265,2.01361195186014,3.24494406920457,3.1356907262111955,4.297089611462109,2.045707763398989,3.05614302734383,3.7000110365547263,3.188419687349251,3.2958370399236028,4.262604546834747,2.7123672897258615,2.6234945183180454,2.282922740823076,2.2655685975652,4.1702557122023025,2.0323419573308845,2.06610599068519,3.153136450791157,2.804099544746059,2.0204678245027745,2.3997186407125217
1359,3.4552396681781903,2.0074647349362147,3.8385835927193863,2.0160831661854575,3.1981186651042077,2.664122399523184,3.1919507284422295,2.3450382945916,3.6697442080240066,3.097083181119098,2.013586644925942,3.2443883026377307,3.1361472380595523,4.297114881509826,2.045665502992698,3.056133359831502,3.6997632735382107,3.1882344007765555,3.2959886777455663,4.262343257966085,2.712146855023958,2.6232706517323114,2.2830102161070247,2.26529297629131,4.17006764908755,2.0323922560479026,2.0665313427533643,3.152837627318476,2.803976979627296,2.020405914969219,2.399802009009956
1360,3.454989724468505,2.007451121063147,3.838377911331124,2.016040958452515,3.197956968829639,2.664058639500648,3.1917133224763043,2.345099812920677,3.6692675846462826,3.0972902217595575,2.01356131437317,3.2435487471298075,3.136346948296528,4.296988904593862,2.0456224797165756,3.056111176522791,3.6995934586786667,3.18818135942289,3.296364181737642,4.262243582204506,2.712099329770021,2.623243228255291,2.2831393552053263,2.2650715248852835,4.17009626005093,2.0324436898179035,2.0669641146275883,3.1527469167777786,2.8039519696532698,2.020344446746092,2.3998742959254713
1361,3.4550588495298924,2.007437573941015,3.838414107434777,2.015999006373994,3.1980360863512907,2.6641257934662184,3.191785093153351,2.345233685141961,3.6691832481199826,3.097756518235336,2.013536169900024,3.2430640749315187,3.1368577347898796,4.297038437377292,2.045580023429873,3.0561592329843443,3.699386536598372,3.188011269577842,3.2965113053247883,4.261970961820289,2.711846621657023,2.622987181529778,2.2832231094142252,2.264793227503019,4.169893041255678,2.032494220875989,2.0673998583957585,3.152428430461518,2.8038280784131673,2.0202831575524645,2.399957410225727
1362,3.4548227147171344,2.0074240302058257,3.8381991130436646,2.0159570930840385,3.1978431018897315,2.6640439434543146,3.19152627841293,2.3453010961718532,3.6687581519561294,3.0980246654643517,2.013511017342359,3.2423431705846895,3.137166095262409,4.296968624918403,2.0455370171349325,3.0562512243305635,3.699322590655564,3.188017698767963,3.296911886612077,4.261871266731031,2.711772604024104,2.6229289784724634,2.2833481466217935,2.264567531386909,4.169896234969132,2.032545854110951,2.0678432281351444,3.152300374412099,2.8037873319986693,2.020222272440896,2.4000281177390153
1363,3.4548982445916945,2.0074105536666003,3.838237552157841,2.0159154469466167,3.197980590328524,2.6641452037451656,3.191653666370126,2.345445169945848,3.668721153479054,3.098558005669643,2.0134860376167385,3.2419220245829807,3.1377321487816343,4.297042577461974,2.0454944721161508,3.0563989206646376,3.6992262589461418,3.1879350329883627,3.2971364144728588,4.261628867188096,2.711530183030938,2.6226815738545284,2.2834339552642375,2.2642909471182624,4.1696916975213565,2.0325966450435966,2.0682899016727574,3.1519605056159428,2.8036480987481505,2.020161556427805,2.400105846641619
1364,3.4546654226279454,2.007397081201396,3.838026011931453,2.0158738346451948,3.1978047518715114,2.664063392663892,3.1914124589677324,2.3455230831186773,3.6683473637497945,3.0988816029830932,2.013461049034612,3.2412529574196265,3.1380929324698217,4.2970060922688145,2.045451386092762,3.0565695151578396,3.699248352449734,3.188017704155398,3.2976178602368926,4.261575650504591,2.7114910210893393,2.6226476777290757,2.283564628163294,2.264071018330408,4.169704354169926,2.032648581924474,2.0687446703115797,3.1518251960739323,2.80360313678419,2.0201012618725485,2.4001827177630255
1365,3.4547675677680223,2.007383679452381,3.8381020667162584,2.01583250603148,3.1980299840063084,2.6642181368676896,3.191629927751423,2.3456830693746267,3.668346109927421,3.099440051489562,2.0134362174632914,3.2408250013650806,3.1386539905378825,4.297086724379087,2.045408584751694,3.056741604085639,3.6991823935417685,3.1879743574128887,3.2978933083861697,4.261364558171777,2.711286350902079,2.6224320710302624,2.2836558534439426,2.2637997564782157,4.169508401235202,2.032699644956258,2.069202960437048,3.1514903239883036,2.8034685408427134,2.020041139929215,2.4002605859357544
1366,3.45451458567654,2.007370277024169,3.837897517204634,2.0157911941151414,3.1978889193393356,2.6641536026005754,3.1914112932058156,2.3457635272036916,3.667941347637678,3.099732127303354,2.013411351366177,3.2400613909522065,3.1389265204780656,4.2970144276202,2.045364987126836,3.056869373537109,3.6991720472937737,3.1880613396414983,3.298414355451609,4.261355310702903,2.711311056982473,2.6224554189473026,2.283797950402877,2.2635934116139924,4.169563120878985,2.032751994090826,2.069669969297715,3.1513981869226004,2.8034539811707204,2.0199814862718273,2.4003442387510363
1367,3.4546593298215424,2.007356950130637,3.8380244415442215,2.0157501771144335,3.1981526456388596,2.664325645053874,3.1916618485507704,2.3459330098226854,3.6679556993388482,3.1002620690191955,2.013386652792157,3.2395762785546998,3.139440361379054,4.29708514252262,2.0453216871654485,3.0569622407637214,3.699011646453433,3.187953558866151,3.298637349595048,4.261131903856343,2.7111138993669246,2.622242211796283,2.283889959358915,2.263323845301399,4.169362037952444,2.0328032472662714,2.0701401308976886,3.151064891971317,2.803331835981655,2.0199219951049714,2.4004358631277594
1368,3.454353915640708,2.007343612514528,3.8377979865106804,2.015709147923113,3.1979845442467623,2.6642549329460348,3.191386666788401,2.3459964920781995,3.667424360211737,3.100446679407024,2.0133618881289213,3.238668060690743,3.139574416976779,4.296948409289368,2.0452773251496854,3.0569811586076496,3.698906555736743,3.187993452637449,3.299142960776731,4.261134031794483,2.711172903996509,2.6223123405349935,2.28404277185415,2.2631313053944004,4.169468126711065,2.0328560520274057,2.070619778352499,3.151023861250435,2.80334533106114,2.0198629864725013,2.400524681004307
1369,3.4545789438698424,2.007330360677426,3.837985412571057,2.015668438586736,3.1982607850195146,2.6644212268754206,3.1916401186462786,2.3461739961754433,3.6674837780372833,3.100984472082816,2.013337343699081,3.238217769784237,3.1401244535366595,4.297046712865702,2.0452336347967117,3.0570055289349862,3.698637753569535,3.1877832784476468,3.2992430720702175,4.26084307116855,2.710907727715627,2.6220338440171607,2.284124216490388,2.262849938568952,4.169214567724939,2.0329072806114192,2.071101416176961,3.150636943776588,2.803207143582918,2.0198040896559344,2.4006316487410344
1370,3.454167022706298,2.007317079587346,3.8376634926940447,2.0156276542340357,3.197948834787811,2.664281946198982,3.191201848978048,2.346208248707521,3.666813167573899,3.1010867593917273,2.013312695729121,3.2372424753957967,3.1401880971024774,4.296872075142421,2.0451887158043958,3.056998175706102,3.698523782948234,3.1878278515913796,3.299773171708006,4.260868677949459,2.7109881303578582,2.6221400513408972,2.284288213300596,2.2626721960007634,4.16938106236421,2.0329606307469454,2.071594141714871,3.150651428217241,2.8032525763972966,2.0197457139834123,2.4007209430059415
1371,3.4545408868938203,2.0073039090970743,3.8379550551661024,2.0155872746275816,3.198329212307488,2.6645053874758933,3.1915891295087038,2.346419119598896,3.6670570772338524,3.1017680684450104,2.0132883520774607,3.237004164684391,3.140927314326043,4.297070452432431,2.045145126417042,3.057094205456454,3.698268107235814,3.1875693405278334,3.2997516687495496,4.260477945457817,2.710597365701768,2.621733861199437,2.284346829200789,2.262363466014773,4.169012354705955,2.033011570262363,2.0720868463882534,3.1501412012089647,2.8030615059578956,2.019687328901089,2.4008305206646785
1372,3.4539243842024914,2.0072906754654767,3.8374492301405403,2.015546698923695,3.197787998746464,2.664237556216207,3.190905928069931,2.346414986871709,3.666220992004047,3.101800340949162,2.013263819013173,3.235972095556208,3.1409424145072213,4.296862328985517,2.04509990444555,3.0571880939683957,3.6983079284306255,3.1877571120998875,3.3004610398999783,4.260619029663593,2.7107759262572184,2.621944510850861,2.2845368043841416,2.262217879645678,4.169301810919203,2.033065793502081,2.072593912006491,3.1502581920413046,2.803154018426692,2.0196295822610106,2.4009181121803502
1373,3.4545818716935512,2.0072776027933354,3.8379710346629157,2.015506710131347,3.198484761529115,2.664642645695714,3.191670033848241,2.3467029683353084,3.6668386914396063,3.102750436444828,2.013239714948473,3.236059378899374,3.14197325203523,4.297221254912001,2.0450567696888604,3.057415073103596,3.6981034895557667,3.1874643584892395,3.3003112913011945,4.260105358225973,2.710228564191606,2.6213666583098627,2.2845606105125666,2.2618653331300873,4.168745046009017,2.0331160722531436,2.073097292481417,3.149551129498163,2.8028682774540696,2.0195716333018257,2.4010291181983203
1374,3.453612402185125,2.0072644048977084,3.8371805569970436,2.0154663027557924,3.1976179965641154,2.664183461351171,3.190609649743035,2.3466277585935864,3.6656470127597647,3.1025860182876563,2.013215242667875,3.234782269249295,3.141771623226351,4.296900432692869,2.0450109260090934,3.057578708570637,3.6983287490770387,3.1878718480165897,3.3013540318541548,4.260486865809541,2.710655486787569,2.6218275631038326,2.2848062402594738,2.2617870851885074,4.169288122027639,2.0331717899438555,2.0736211000250653,3.149899462679302,2.8030658163585302,2.0195145749945875,2.4011174530553414
1375,3.4547573106889713,2.0072514523990983,3.8381038774186305,2.0154267758828563,3.1988305662531324,2.6648766107102317,3.191963872711406,2.347033159796386,3.666807226544649,3.1038749840508117,2.0131914058451663,3.235239645896847,3.1431310489727187,4.297460789070843,2.0449682522485952,3.0578408965045343,3.6980342832756383,3.1874086695842383,3.3009325828881977,4.259767858211843,2.7098892670485872,2.6209978737428767,2.284775419079211,2.2613672586622084,4.168441317015167,2.033220863809665,2.074134491495902,3.148910982349549,2.802653759512851,2.019457030374887,2.401242753683768
1376,3.4532917822145413,2.007238277012367,3.8369159956750907,2.0153864821435374,3.197477846002601,2.664135998135525,3.190335396964553,2.3468343062228785,3.6649915205005668,3.1032959188607494,2.013166914446888,3.2334547845968693,3.1424661757537313,4.296912348839594,2.0449211226385864,3.0579424468672944,3.6983768444256646,3.1880171634961343,3.3023615884330857,4.26046106331944,2.710678270749982,2.621826996472246,2.2851039083893654,2.261391366024937,4.169369792896555,2.033278769950732,2.0746777016129196,3.149622861165239,2.8030198101150035,2.0194007454957017,2.401334703571907
1377,3.455006199080217,2.0072254548519606,3.838295334205497,2.0153474344096836,3.1992092186005223,2.6651224755710605,3.1922811822422568,2.347359780869198,3.6666874619482783,3.1048910681290796,2.013143343559851,3.2342642608476067,3.1441317167442024,4.297681054599163,2.04487869526892,3.0581245156766976,3.6978551352169395,3.1872361840532273,3.301520884463485,4.259454467152761,2.7096296946225142,2.6206882557435924,2.2850058417729437,2.260893073322527,4.168188360290532,2.033326392813359,2.075200856216044,3.1483035075653314,2.802452189358534,2.0193435932638173,2.4014843110290327
1378,3.453260987955529,2.0072123197391503,3.8368457529293702,2.0153072956694955,3.197464453842348,2.664147342801729,3.19023306308777,2.3470602492165042,3.6644261057306298,3.103956625528835,2.013118864712,3.2320948241613783,3.143111349611829,4.296977047400823,2.044830367598741,3.0581183687797013,3.6982275349559535,3.187913381727219,3.3031483663007917,4.260332840558008,2.710642210161917,2.6217393132239604,2.285391763251016,2.2609883394482724,4.169361912096479,2.033385983318517,2.0757626592507927,3.1492370764099387,2.8029192209916296,2.019288013811324,2.401588372246052
1379,3.454942718945238,2.0071995689136704,3.8381832443485195,2.0152685149491516,3.199122809551462,2.665129029026419,3.192091603655782,2.3475641850845577,3.6659679870174777,3.1054362498621018,2.013095398940069,3.2327763745073304,3.1446277112883108,4.297696038065128,2.044787090757086,3.058164217583935,3.6976259356683956,3.187051064084768,3.3022840233634545,4.259324651022091,2.70960511525618,2.620630092618016,2.2852990791747945,2.2605013660214324,4.168219051571667,2.0334340202425616,2.0763005889216988,3.147937042447385,2.802355655797113,2.019231442485533,2.4017446496655515
1380,3.453832470237546,2.0071865648712026,3.8372145881462956,2.0152288490573036,3.1978896927685474,2.6644460802296717,3.1906752777461422,2.3473914243360445,3.664374212744753,3.1048870483250375,2.013071222229569,3.2311357794530284,3.1440687839180015,4.297264642722306,2.0447392474603516,3.058137753362536,3.6978302661282556,3.187444509117908,3.30344863671613,4.259861331380278,2.710224436760395,2.6212624427014735,2.2855995079078477,2.2604922397748513,4.168953909834163,2.0334918303408727,2.0768717869204547,3.1484327583562988,2.8026338858439592,2.019176189825723,2.4018732934189178
1381,3.4543500692932314,2.007173763671393,3.8376025064195165,2.015189929119242,3.1984418090136573,2.6648300193634427,3.191272124531932,2.3476242073833156,3.664648167923293,3.105564492754141,2.013047579515858,3.230888786290065,3.144709838674675,4.297476621953026,2.044693621451226,3.0581297812577635,3.6975621180781655,3.1871219278093097,3.303432785184314,4.259465456640373,2.7098152301491116,2.6208346023944857,2.2856606144292364,2.2601921064417807,4.168553036019205,2.0335438856511168,2.0774344101166196,3.1478520966751145,2.80242156154863,2.0191205859770323,2.402009011158689
1382,3.4545814956070657,2.007160965887478,3.8377627000305488,2.015151034126017,3.1986437026676082,2.664993388184912,3.191489277530995,2.347796645696918,3.6646873968863387,3.106120233220584,2.013023970315093,3.2305636128970465,3.14529770959828,4.297644783069755,2.0446477870589,3.058209588280519,3.6974317417417537,3.1869569575121535,3.3035955312716494,4.259197077865227,2.7095288260599393,2.6205327872027153,2.2857543297124145,2.259933959721227,4.168310280073387,2.0335968275564693,2.0780065535258885,3.147420764654139,2.8022941944049893,2.019065358788718,2.40215875593956
1383,3.4537073926558737,2.0071480858141832,3.83700846068572,2.0151118902551617,3.197803981013773,2.664560449302344,3.1905237648695386,2.3477227459200294,3.6635927691855414,3.1059843893215797,2.0130001554103747,3.2294061437351758,3.1451088081186303,4.297361028098814,2.044600280802005,3.0583349444076187,3.697686665082726,3.1873386817375104,3.304595342268322,4.259538369857173,2.709887480710112,2.6209142349943875,2.286002929060246,2.259859563130791,4.1687912630584,2.0336536211647216,2.0785969987583885,3.1477031723851403,2.8025000234204107,2.0190107955634895,2.4022845450118
1384,3.4548799988834658,2.0071354488942066,3.837962472182599,2.0150736384532126,3.1991050965300114,2.665370151528196,3.191982005779075,2.348164461738337,3.664860082460649,3.1074066402665146,2.0129770026104112,3.2300358238501743,3.1465212303747663,4.297970448752614,2.0445561510829244,3.0585907725796715,3.6974159468841905,3.1868364446014588,3.304112806775553,4.258741285299312,2.7090197784695036,2.620013725262756,2.2859595377480315,2.259434617036794,4.167881761969217,2.033703186591177,2.0791749322768993,3.146645618494108,2.8020801823813177,2.01895573911185,2.402433874335289
1385,3.453492759522568,2.0071225826403047,3.836817460136391,2.0150346134578405,3.19778198641537,2.664623679109366,3.19047296689664,2.3479946688957223,3.663333719936768,3.1070033073449395,2.012953217710972,3.2285737909197283,3.1460881814463173,4.297572306782877,2.0445081920165116,3.0588234244347543,3.697902994966135,3.187494502530715,3.3055175495522287,4.259407017360548,2.7097278938981058,2.6207498022110456,2.2862924697121545,2.2594595009480702,4.16873230726,2.033762074379042,2.0797875551533007,3.1472753976256063,2.802447026749741,2.018901914186079,2.402571256731079
1386,3.4544601595885585,2.0071099950914353,3.8376505245379517,2.014996607007911,3.199010922690022,2.6653750027357415,3.1917975262315625,2.348415461318284,3.6644353707344224,3.108309331249724,2.01293013322161,3.2289889120354407,3.1473131231779297,4.298109024254555,2.0444635248876266,3.0590382250371744,3.697634775147566,3.187071614007731,3.3052357245807373,4.258800197494026,2.7090691039796764,2.620054042849203,2.2862931133895152,2.2590830437242557,4.167997629198444,2.0338125724356817,2.0803845182602303,3.146386032404791,2.8021026966969447,2.0188474851020097,2.4027231692259825
1387,3.4538406608889685,2.0070972819342487,3.8372149051475595,2.0149581769406884,3.198640254267673,2.6651836436280005,3.19126542076832,2.3484378091834426,3.6636934077730885,3.108364067037905,2.012906639364999,3.2279814991069093,3.147285775138397,4.2979655034177,2.0444160775037474,3.0591718674335646,3.69777673967863,3.187374294954468,3.3061299829380264,4.259111221017151,2.7094020015616644,2.6203879154400074,2.2865286449870847,2.258985703526953,4.168358716125516,2.033868881672619,2.081006612809182,3.1465517173636863,2.802266252126744,2.0187939126641927,2.40286439521313
1388,3.4536597510334857,2.00708464982087,3.837164302828996,2.0149200377013,3.198733076423439,2.6652603762737352,3.191214914186651,2.34856039036095,3.663404114066064,3.108706416440739,2.0128833222646656,3.227307611877321,3.147543833799797,4.297975036807761,2.044368942307405,3.059236472917033,3.697688808055906,3.187421811824101,3.3066470797213627,4.259138762043628,2.7094354566260264,2.620407275060823,2.2866908915143127,2.2588029502867824,4.168390933606173,2.0339234559486026,2.0816321725810805,3.146428346873267,2.8023163614140345,2.0187404550623667,2.4030168130352547
1389,3.454200789021283,2.0070721263684694,3.8377177408995022,2.0148822838353517,3.1995779020304855,2.665792822894433,3.1919694461164387,2.3488444914296327,3.6638354345120314,3.1095194878579413,2.012860255801317,3.2271779225591786,3.148285848115949,4.298239181716678,2.0443225367539744,3.059272106615007,3.6973330601991483,3.187110514873926,3.3065767630176364,4.258714318563379,2.709002567745313,2.6199513637411957,2.2867417070567355,2.2584914818327206,4.167929914557654,2.0339753272333994,2.0822579533186585,3.1458216484376633,2.802147972507198,2.018686984475273,2.403169422461234
1390,3.453187272269816,2.0070594745296813,3.8369655087249868,2.014844083257238,3.1987058764471765,2.66530610421764,3.1907885158382028,2.3487232769857185,3.6624696209273604,3.1091450310426083,2.01283682169582,3.2257627259595822,3.1479100472587165,4.297883138909221,2.0442737288193644,3.059316651654176,3.6974514831871934,3.18749932624754,3.307601884722075,4.259127167269467,2.7094763471272976,2.6204496112190463,2.287016957248759,2.258446694923653,4.1685257034271395,2.034032933843796,2.08290932555198,3.1462108370495927,2.8024482958477845,2.0186343314143484,2.4033084119164974
1391,3.454116001139771,2.007047050023752,3.837802591386013,2.0148066921466965,3.1997479983033656,2.6659328323412206,3.1917742109534046,2.3490808963956122,3.663274084164376,3.1102187519599314,2.0128139984624713,3.226036688670602,3.149070556011609,4.298381697732788,2.044228030003107,3.059444809508621,3.697007847925591,3.186982816229983,3.3071586540896685,4.258413859654299,2.7087278532976025,2.6196909852622627,2.287003003469533,2.2580591314663465,4.167769509913608,2.0340832697479723,2.0835472377216333,3.1452805390908862,2.8021187234815126,2.0185812104611633,2.403462988835452
1392,3.453295115443435,2.0070344786884924,3.837197418006881,2.014768825367944,3.1990350963180716,2.665533460270962,3.190781908774367,2.3490118030250047,3.6621529518344116,3.110005438387806,2.0127907460888212,3.2248290001616198,3.148910339963849,4.298146590515014,2.04417947442931,3.0595479346467345,3.697097763883609,3.1872911797313965,3.308025254826926,4.258706300717276,2.7090423663029757,2.6200552608305725,2.2872548641889923,2.2579797879330004,4.168229021212946,2.0341402203327834,2.0842139225299072,3.1454858682397626,2.802308346501114,2.0185289546587204,2.403588161226713
1393,3.4535706141352365,2.007022048478696,3.8374819188781313,2.0147314751789556,3.199400844235388,2.6657485350323418,3.191022555982541,2.3492299130110395,3.662344565176464,3.1106914755599067,2.012767884955767,3.2246405684110746,3.149654144934237,4.298415590016671,2.0441327363140873,3.059725913766706,3.696882282551598,3.1871085187397714,3.308090896460253,4.25839974364996,2.7086854019986144,2.6197109859028105,2.287344759356423,2.2577069464131245,4.167912322771562,2.0341929592214605,2.0848765662694366,3.144937863803762,2.8021444388036274,2.018476547802292,2.4037294343108564
1394,3.453641323856878,2.0070096290407933,3.837591101974456,2.01469419744864,3.1996497620672306,2.6659038377983912,3.191114467307126,2.3494114429398785,3.6623600670473646,3.1112846365194566,2.012745034643363,3.2242897308653706,3.150212361569307,4.298568062362805,2.044085527150266,3.0599427832715995,3.6967762844808014,3.1870827144984766,3.3083742631463444,4.258246705471562,2.708475363010418,2.619516580818903,2.2874684042991995,2.257470559619688,4.167739846873207,2.0342464616655853,2.085550800902126,3.1445329488325138,2.8020496551561855,2.018424444798898,2.4038553277180847
1395,3.4530761879362397,2.0069971792359755,3.8371813045152203,2.0146568355203356,3.199282368559817,2.6657012524049986,3.1905047011204797,2.3494420263876012,3.6616976704908835,3.1114437739761756,2.0127220847198384,3.2234230603795595,3.1503021356846888,4.298455099107742,2.0440373132480563,3.060209823308589,3.696931668094618,3.1874221241376732,3.3091911219248944,4.2584926229914,2.7086927055845154,2.6197555879209826,2.287692372638424,2.257351959135792,4.16803248843851,2.034302459737188,2.0862424112613875,3.144562703559809,2.80216793396708,2.0183728054016505,2.4039788244112
1396,3.4537577765178193,2.0069848875451117,3.8377980051795504,2.014620033125631,3.2001800214984257,2.666240444664669,3.191338169104072,2.3497960928031705,3.662487451111355,3.1125868130429133,2.012699561454161,3.2236522352030343,3.151385697574143,4.298894710965872,2.0439911295910185,3.060554635507418,3.6967652103577726,3.1872310905601253,3.3091420830753915,4.25806786345167,2.7081945166750763,2.619232764691519,2.2877362790109013,2.2570230601507535,4.167483827601206,2.0343537961122915,2.0869290405691356,3.143786527815127,2.8019153610005088,2.0183209759623746,2.404126816278347
1397,3.453002008883333,2.0069724866459944,3.837254425449269,2.0145828737096667,3.199683261473295,2.6659718412611153,3.1905929209476867,2.349796232664073,3.6616466978779614,3.1126153022664713,2.012676684274591,3.2225802062968985,3.151335493731941,4.29871152451015,2.0439425397645525,3.0608659789150083,3.697049169296642,3.18775774771024,3.3102462178555596,4.258516011021117,2.7086492223655125,2.6197005144195034,2.2880119692765506,2.256959897975849,4.167988526509145,2.0344109109964905,2.0876444571518165,3.1440169495809,2.802141522055724,2.018269916923026,2.4042590164251596
1398,3.453545016341276,2.0069602507102005,3.8378084451630268,2.0145462893399206,3.200464386746174,2.666445742878659,3.191291420674279,2.350121745850395,3.6622145267028072,3.113564941968158,2.0126542124903297,3.222558889222916,3.152283211811388,4.299102086195973,2.0438959151789335,3.061188456319787,3.6969062372123234,3.1876705893089845,3.3103985651909937,4.258257372530927,2.7083667321407976,2.6193933120553083,2.288104891648006,2.256683311159367,4.167636093890306,2.0344632051594607,2.088354545588875,3.1434335737292196,2.8020007299127414,2.0182186950408787,2.404421835006912
1399,3.4532983342487604,2.006947966523042,3.8377054443745053,2.0145095555541634,3.200440536010455,2.6664457884040926,3.1910886582077183,2.350246437786204,3.661873107983241,3.1138817689541503,2.0126315627326234,3.221796367598493,3.1525639830186094,4.29912555040172,2.043847714136407,3.061413844442975,3.6969175985768703,3.1879064089432188,3.3111231649005366,4.258456435631996,2.708587430585041,2.6196079116500672,2.288322566647193,2.2565473790169444,4.167841956828932,2.034518615468944,2.089085720085277,3.143423381768618,2.802145892037664,2.0181680536261246,2.4045862322877865
1400,3.453240151642915,2.006935734116952,3.83777037804842,2.014473015560635,3.2006039559681603,2.6665633600730745,3.1910724927984937,2.350406883603587,3.6616700740847485,3.114272618936141,2.0126090047532283,3.2211113190817313,3.1529124665993087,4.299185627384508,2.0437993873775953,3.061558458722623,3.6967818963889183,3.1879909559139508,3.3116343123927665,4.258515462498743,2.7086784547915332,2.61969915270034,2.2885116267580727,2.256380324591675,4.167935298663437,2.034573298062637,2.0898251180605176,3.143315816806303,2.8022571857579024,2.0181176305022666,2.404766555519584
1401,3.4535937158670946,2.0069235720430703,3.8381595403927524,2.014436729052769,3.20111076138531,2.666871865868472,3.1914352982168586,2.3506578617896747,3.6618978928134602,3.114952104967526,2.0125866195585953,3.2207838877172126,3.153574265710711,4.299419308153018,2.043751525569589,3.0616851067830693,3.6964709009863626,3.18781720247674,3.3117494284448536,4.258287152900877,2.7084629993746896,2.6194817703269493,2.288630862038782,2.2561345801929855,4.1677257136505546,2.0346262351694984,2.09056931922009,3.1429216172550083,2.802237047915205,2.0180673199942545,2.4049682510352928
1402,3.453095983328553,2.006911355427739,3.837835029611002,2.014400278743118,3.2007411271995188,2.6666650543903914,3.1907972368205195,2.3506869784346964,3.661155964158678,3.1149797878001015,2.0125640596650576,3.2197338564282325,3.1535777715099647,4.299287608698441,2.0437021881261037,3.0617892099709816,3.6964002970251455,3.188008100496139,3.312456421649009,4.2585111460950476,2.708723853669048,2.6197754298158173,2.288875673771928,2.2560313062726594,4.168098682454538,2.034682407109677,2.091335229735215,3.1430652043712612,2.802463495670562,2.0180175168305707,2.4051591720299523
1403,3.4536528071775403,2.0068992754103334,3.8383929708249886,2.0143643136247045,3.201409328347548,2.6670662808384034,3.1913197547266536,2.350982501375247,3.6615868648510426,3.1158067543494585,2.0125418547209986,3.2196271650522568,3.1544589112163335,4.299652604408873,2.0436545958759536,3.0619699395986073,3.6960320999230163,3.187700567957897,3.3123469630989595,4.258112157639173,2.7083026455178874,2.6193704128488013,2.288958463841355,2.2557429176195973,4.16774097905032,2.034734346499874,2.0920969708394006,3.1424694381473337,2.8023381318753042,2.0179675510075428,2.4053602372188387
1404,3.453184635228241,2.0068871235641703,3.838085436008125,2.014328126472983,3.201025603757734,2.6668455474035686,3.1906839707052628,2.3510298868259287,3.6609390029375937,3.1159262329168955,2.0125194472587813,3.2187339826858667,3.1546264481951467,4.29962677066348,2.0436055754936318,3.0621994934492363,3.696029920184628,3.1878961840633657,3.3130226160816614,4.25830081414159,2.708480658508393,2.619584645053516,2.289194246477647,2.2556259671508734,4.168068826144258,2.0347902024842726,2.092883455485496,3.142518208813872,2.802512538478984,2.017918134895438,2.4055412343103946
1405,3.453494731135819,2.0068750801606496,3.8384194093349855,2.0142923309331686,3.201445971934702,2.667102423732582,3.19095381288172,2.351282150347885,3.6611750586367195,3.116665138477656,2.0124973195935865,3.2185402184544545,3.1554351194136463,4.299958844170467,2.0435578918047153,3.062541135968265,3.6958890995193285,3.1878061838957397,3.3131717219025445,4.258071579641905,2.7081911739879776,2.6193057769516344,2.2893125662183333,2.255375145478446,4.167857022368855,2.0348428978359676,2.0936697521740415,3.1420237829332165,2.802423519570137,2.0178686506280683,2.4057205828584998
1406,3.4534108450883423,2.00686302952008,3.8384206465523034,2.014256534838708,3.2015071113625053,2.6671521139971452,3.1908245848208323,2.351445230655881,3.661016601514368,3.1171563479544124,2.0124751574717132,3.2180442872576016,3.1559533784749463,4.30012642520717,2.043509625142473,3.062941900560462,3.695962562950836,3.1879834027710343,3.313691766413878,4.258102439597163,2.7081579183933098,2.6192811030752194,2.2894912506720475,2.255191509949742,4.167907887659793,2.034897038352349,2.094472833380817,3.1417733024566443,2.8024420112967245,2.017819510943435,2.4058920028661017
1407,3.453305223664252,2.0068510091639262,3.838410097764765,2.014220863502165,3.2015882380201592,2.6672113384808367,3.1907168000453,2.3516120929871307,3.660869533420086,3.117667811542253,2.0124530610416964,3.217548205348216,3.156466783123716,4.300289407813539,2.043461316478482,3.0633790558908167,3.6961095696712754,3.1882335961268176,3.3142987080525295,4.258179433404798,2.7081641526101676,2.6192843148855864,2.2896759543584513,2.255012871127872,4.167971726162799,2.034951165442781,2.0952879171765906,3.1415288193337183,2.802458711601131,2.0177706032129317,2.406069969007604
1408,3.4536032760017985,2.006839063048792,3.838762273731074,2.0141854638844916,3.2021424487034413,2.6675552721852647,3.1911217896331374,2.351887765237906,3.661161955247744,3.118471436336995,2.012431129051033,3.2173434561722365,3.1572492056430526,4.300607312188424,2.043413449396376,3.0638087436521664,3.6961498323386857,3.188335391634737,3.314674434429574,4.258070987953019,2.7079798109858872,2.619083425735999,2.2898097153654358,2.254773300564366,4.16778836914737,2.03500367900838,2.0961092923784035,3.1410301884613814,2.8023573477778316,2.0177217980110655,2.4062593800481418
1409,3.453239453206467,2.0068270849767185,3.838576992583249,2.01414997182387,3.202047370491919,2.6675147296987465,3.1908024073556307,2.352000624420063,3.6607186524966386,3.1187670647540973,2.0124090737897817,3.2165375893364083,3.1574880426234326,4.3006346458560945,2.043364358921377,3.064165698423678,3.6963448126084284,3.188733913232758,3.3155871726987143,4.258376954531085,2.708252387048061,2.6193494253166447,2.2900566705686645,2.254654695109604,4.168090482331182,2.035058862107798,2.096953514053829,3.141000700786713,2.802487269047086,2.017673472237635,2.406453604095794
1410,3.453684580870869,2.0068152181840975,3.839078866662437,2.0141148665193493,3.202760878734183,2.6679501938561456,3.1913930959972303,2.3523196282702536,3.6611471980281145,3.1196399921225746,2.0123872829636382,3.216370191012941,3.1583206894405524,4.301002920951259,2.0433162847767936,3.064467366316949,3.6962113706336095,3.18870142936008,3.3158725497123864,4.258226614898734,2.7080655468012815,2.6191369044026187,2.290189914507457,2.2544056540786443,4.167869618435707,2.035110840641272,2.0977986993588185,3.1404739373766972,2.8023983197333657,2.0176251486128285,2.406673722116166
1411,3.453341883258514,2.0068033065253426,3.838932826571434,2.014079625606442,3.2026812564243023,2.6679300319255717,3.191092301071738,2.352436203922261,3.660672281903336,3.119880550154181,2.012365325593127,3.215470441066025,3.1584772093320237,4.301002864909298,2.043266632526689,3.0646526513123087,3.696218903705023,3.188971690282185,3.3167050433900944,4.258516335845592,2.7083709837274648,2.6194428301271024,2.2904500625572832,2.254296498762819,4.168222130608228,2.035166020396463,2.0986694927323795,3.1405097212027653,2.802587311153022,2.0175773550731164,2.4068989607508566
1412,3.4536422547167893,2.0067914855376854,3.839305732201786,2.0140447034037496,3.2031878538069805,2.668250087551368,3.1914540710917523,2.352709597062505,3.660893452732651,3.120589626812701,2.012343595859604,3.2151265473324653,3.1591390739600054,4.30128559357956,2.043217833022294,3.0648190463226337,3.695975965803814,3.188877269855682,3.316982851369846,4.258401180575592,2.7082504078308665,2.6193131776857737,2.2906080283758423,2.2540738372782028,4.168121160944767,2.035218481312616,2.0995432304726624,3.1401302949829004,2.8025866366309087,2.0175296058439005,2.40714791036285
1413,3.453525444920795,2.0067796554631414,3.8393408179846986,2.014009771317433,3.203264261002947,2.668317747798914,3.1913069052160243,2.352868626134319,3.660612671555087,3.120951498574457,2.0123218089588923,3.214418522213869,3.1594674702105836,4.30138633584742,2.0431681982451972,3.06495461198446,3.6958305523948334,3.188938634606032,3.3175231222136174,4.258493432997918,2.7083454648044354,2.6194227898227647,2.290827364606084,2.2539204822172905,4.168308307750628,2.0352725235469307,2.1004364416019974,3.1400279292774353,2.802718653446079,2.0174822235485137,2.40739769596291
1414,3.4535277375779354,2.006767866038487,3.839466536725544,2.013974996554603,3.2034333196897857,2.6684352807051797,3.1912580677288735,2.353056008925865,3.660474576319804,3.1214264629127415,2.012300124293357,3.2138738361499235,3.159942761570411,4.301570429625986,2.0431187687227848,3.065123737999934,3.695660874270277,3.188925183810562,3.3179467983713167,4.258491544186892,2.7083162309383946,2.6194087140544076,2.291021994871178,2.2537389863316095,4.168385671267594,2.03532585931775,2.101340271819799,3.139824734462175,2.802805707835491,2.0174350155485707,2.407649944833442
1415,3.453679164550243,2.00675612091976,3.8397109611434748,2.0139403893370886,3.203730749693925,2.66862196909533,3.1913469959835084,2.3532817017755274,3.6605168163159045,3.1220511192216325,2.0122785526449167,3.2135308243766465,3.160609735549078,4.301864649573575,2.0430697127453388,3.0653754474908363,3.695509760556337,3.1888656579013706,3.318265877840682,4.258397599927183,2.708162385934981,2.6192663060271197,2.291190430264315,2.253527263038214,4.168343670049847,2.035378382352641,2.1022542521061753,3.139493643955488,2.8028339298139584,2.017387955688027,2.407901281815964
1416,3.4534513591861526,2.0067443707120827,3.8396381967018836,2.013905786039272,3.2036701487513253,2.6686025865640715,3.19102977532681,2.3534165022829345,3.6601647245144457,3.122435900202343,2.012256950311855,3.2129125814095785,3.161025321955888,4.3020218570070945,2.043020199156947,3.0657077379110884,3.695564937655558,3.1890438239020704,3.3189186976504628,4.258535965876278,2.708235238648185,2.619356999509587,2.291418722164124,2.2533789416990246,4.168563999179893,2.0354323083632377,2.1031877144167366,3.139391191095086,2.802965564753182,2.0173412048175283,2.4081402526935247
1417,3.453783107159014,2.0067327039606795,3.8400192909897384,2.0138714782931566,3.204176368019438,2.668911777890678,3.191358257284245,2.353704206549705,3.6604846583523303,3.123309155941162,2.0122355666094944,3.2128296199698623,3.161934240212228,4.302454521093665,2.0429717595772403,3.0661624346980743,3.695557412267571,3.1890321855708366,3.3192109755848005,4.258380445077556,2.7079774233512017,2.619092426754745,2.291562933688838,2.253134813515393,4.168392813793975,2.0354837622715665,2.1041252382576783,3.138896880614706,2.802906565895611,2.0172944699519433,2.408384878622567
1418,3.4534999250188623,2.006721012395302,3.8399059656785486,2.0138371094795016,3.2041312167424327,2.6689002302131843,3.191053749725282,2.353845037201787,3.660142970227675,3.1237393862839222,2.012214079549296,3.2122028871704695,3.1623420696267663,4.302615663380388,2.042922351031057,3.0666457167804992,3.6958071451443195,3.1893790241752757,3.3200474877185924,4.258624624635091,2.708142374929208,2.619259867155397,2.291812497026298,2.253001753793919,4.168671402288478,2.035537677079302,2.105087856866006,3.1388117059922807,2.803033381332713,2.017248133788414,2.4086209220750807
1419,3.453853750608494,2.0067094137218224,3.8403370683873677,2.0138030681996786,3.204765558525395,2.669283568605715,3.191498527221375,2.354156798965888,3.6605152299405517,3.124656129343294,2.0121928119979073,3.212087806080612,3.1632213828028726,4.303047768001799,2.042873857899795,3.067153740318182,3.6958889235260304,3.1894640156497416,3.3204699225688983,4.258547343471397,2.7079678354765266,2.6190644510481618,2.2919728949018765,2.2527660717795883,4.168525883548085,2.0355888513494627,2.1060542809852483,3.1383189855186067,2.802969314014871,2.017201822067891,2.408870686786435
1420,3.4536653041050402,2.006697797351432,3.8403405258845735,2.0137689858076704,3.2048922631345973,2.66936193911606,3.1913445285465913,2.354328803498187,3.660250967314937,3.1251195584386773,2.012171446616498,3.211434210816355,3.163604355938556,4.303221117060561,2.0428242665102125,3.067586451685625,3.6961012234189683,3.189804055747868,3.3213498705441302,4.25882494534122,2.7081858056367034,2.6192719019589714,2.292231387734114,2.2526321186941054,4.168791254880957,2.0356422404457235,2.107046099295878,3.1382168831233708,2.80309486272337,2.01715591894978,2.4091231077556228
1421,3.4539358698008487,2.0066862559002856,3.840737174470012,2.0137351653393343,3.205486374885255,2.669714162784639,3.1916934184461057,2.354612700716268,3.6604464589702923,3.1258761893615103,2.0121502406533884,3.211090931050203,3.16427267107054,4.30356436212454,2.0427750554814055,3.0679440491901127,3.6961002125335343,3.1898920874405983,3.3218881580562334,4.258859168556242,2.708166354334787,2.619229986041675,2.292429000489882,2.2524287216446988,4.168773651725551,2.035693660287698,2.108045421201486,3.1378431247385303,2.8031020753799205,2.0171101187087683,2.409392837494261
1422,3.45391842266564,2.0066747177462867,3.8408952609698956,2.0137013661675267,3.20576392755208,2.6698805222799504,3.191680034281676,2.3548140703094687,3.6602832367980556,3.12636880566674,2.012129005576305,3.2104546467775936,3.164666106771298,4.303764942082022,2.0427251079009574,3.0682094370011366,3.6961012446165684,3.190054388306379,3.3226073978966815,4.259051125736516,2.7083347688882515,2.619385667138434,2.292677205052142,2.252278322774475,4.168977630230644,2.0357461663511813,2.1090658844004873,3.1376842114898205,2.8032230738433284,2.017064654907988,2.409673731017613
1423,3.454052885197925,2.0066632228099013,3.8411717367725653,2.0136677196090473,3.206142597425572,2.67011004283259,3.1917843227596796,2.3550461925683543,3.6602557648608967,3.126945216062764,2.012107860475648,3.2099337161996613,3.1651689321431906,4.304030199012516,2.042675217619592,3.068442419770495,3.6960016514031704,3.1900926751632466,3.3231570065456424,4.259131687029701,2.7083973155167635,2.619437789662039,2.2929033772081584,2.2521033693788626,4.169086356475265,2.0357978562288412,2.110099018083893,3.1374325908507203,2.803310906520486,2.017019378744487,2.4099672574165503
1424,3.454179432080921,2.0066517559081984,3.8414342013805816,2.013634179677684,3.206476822544459,2.670319601680808,3.1918499308143358,2.355275134981434,3.660223135781997,3.127520390228324,2.0120867725887805,3.209428842611733,3.165684884052907,4.304304644558544,2.0426252403778635,3.068675483876836,3.6958781610993308,3.1900941944241192,3.3236632801209662,4.259187459836441,2.70843050001813,2.6194674466427554,2.293129317360738,2.2519266445602275,4.169192240166494,2.0358493239130224,2.1111475735642258,3.1371801480091257,2.80340810411231,2.0169743275397534,2.410265814281357
1425,3.4541645241333185,2.006640304966232,3.8415758773463384,2.0136007094614805,3.206633593300081,2.670423011411506,3.1917276126336382,2.355470495541074,3.660058463975341,3.128018556906903,2.0120657172634893,3.2088691459636247,3.16615612843803,4.30455769029232,2.0425751249043556,3.068950785000434,3.695816907260687,3.1901479314812446,3.3242445992201386,4.259299332050766,2.7085060395097935,2.619549264155179,2.2933749843556255,2.2517689684194524,4.169377728662041,2.035901100375632,2.1122141790165263,3.1370031407870718,2.8035474650103227,2.016929525637929,2.410565544954121
1426,3.4543763814511337,2.006628904470537,3.8419047777227933,2.0135674267210555,3.207019566791293,2.6706617149729386,3.1918631971976037,2.355731326131211,3.6601817304176714,3.1287364447973536,2.0120447888464734,3.208564870023902,3.166864959641291,4.30494281182748,2.042525456454995,3.0692968341132296,3.695739206294577,3.190119328582648,3.324664927854291,4.2592758981921435,2.7084102193218174,2.619458794553645,2.293583654296452,2.2515683930916897,4.169390967077472,2.0359516196955765,2.113291685651125,3.136654724064518,2.8036077196965126,2.0168848483716544,2.4108668244624463
1427,3.4542596047547693,2.006617503834975,3.8419587730669233,2.0135341657442365,3.2070977543226107,2.6707173946079847,3.191648553466708,2.3559155098608224,3.6599862487753336,3.1292608692258947,2.0120238478698482,3.208043611413122,3.1673665483701834,4.305215642181638,2.0424753941995553,3.069704126270066,3.6958377230469566,3.190293805543841,3.325372951764159,4.259452601303881,2.7085015862575377,2.6195645644025305,2.2938453448695393,2.251420492208591,4.169624508120304,2.0360032648592745,2.1143918239454673,3.1365059278676606,2.803758362964145,2.0168404548049357,2.4111626079406534
1428,3.454543325579597,2.0066061707783023,3.842347317284607,2.0135011456868934,3.20760622344477,2.671021709500734,3.1919070038828976,2.3562120333507814,3.660276610738463,3.130143873698966,2.0120030754235043,3.20790682661237,3.168223671222449,4.305685937639964,2.0424260552631783,3.0701983367659835,3.69589669682746,3.190343303765867,3.3258345427131197,4.259425687431926,2.7083585752479262,2.619419358644429,2.2940475466722106,2.2512055946930913,4.169585240572237,2.036052951927489,2.1155002363125854,3.136081230311864,2.803777081762495,2.016796131112198,2.411466556821845
1429,3.4543862308845226,2.0065948299775016,3.84238437040365,2.0134681209462237,3.2077445269991385,2.6711146037844626,3.191736490180512,2.356406035206792,3.6601126459191544,3.1307236076626004,2.0119822504676304,3.2073942751860494,3.1687241067080425,4.305965324678842,2.0423760354947538,3.0707192869568125,3.696147269301763,3.1906598788461924,3.32670087675678,4.259691195033704,2.70852285232558,2.6195845363507058,2.2943274198202928,2.2510683500943025,4.169868825814792,2.0361043035102755,2.1166351295863626,3.1359522585664683,2.8039341472556014,2.0167521342087293,2.4117653845270564
1430,3.4547270496817415,2.0065835668883265,3.842853188087951,2.0134353652024606,3.2084099855201655,2.671510644470584,3.1921471846154894,2.3567372268846336,3.6605156926275617,3.1316915274704833,2.011961604875804,3.2072945191340922,3.169621590777295,4.306473662658846,2.042326800650591,3.0712874717003165,3.696278988969482,3.190782120839917,3.32724550890747,4.259709915611209,2.708428502181284,2.619465922242102,2.29453739839212,2.250852485002216,4.169824972992103,2.0361532898411085,2.117777162336589,3.1355023134749462,2.803946044909666,2.016708200885092,2.4120794270200103
1431,3.454552922342134,2.0065722908044443,3.8429292107155812,2.0134025841413097,3.208621771160334,2.671645045356014,3.192026452714748,2.3569396417492094,3.660328775620869,3.1322299310168247,2.0119408707967805,3.2066838613627358,3.1700530441746926,4.306741340637972,2.0422765953510176,3.0717999180716573,3.6965366385925593,3.1911503597546362,3.328218540172918,4.260057080437106,2.7087008879233636,2.619722110284329,2.2948406983260643,2.250730374718102,4.1701690777409,2.0362042952836825,2.118948683950512,3.135415576631629,2.804135864492253,2.0166646396179995,2.4123939632490163
1432,3.454935650944764,2.0065610960176086,3.843480638385865,2.013370079596948,3.2093791018125373,2.6720926673792094,3.192503272059965,2.357282243590475,3.660719683021054,3.1331448716996895,2.011920317887185,3.206491184542224,3.1708866157660642,4.307243599210562,2.042227059094554,3.072277253314529,3.6965689904508494,3.1912266605339283,3.3287669346068443,4.26009708779962,2.708661967030317,2.619649735333528,2.2950636245063585,2.2505198358074194,4.170146043340681,2.0362526561353653,2.120126480135846,3.134979310480054,2.804171166260872,2.016621143805853,2.41272827590116
1433,3.4547622136927862,2.0065498818723064,3.8435835913563543,2.013337523855477,3.2095708838217485,2.6722089750739624,3.192322815128521,2.357468364725466,3.66042548343376,3.1335616493871994,2.0118996623403973,3.2057458052447183,3.1712114653737613,4.3074793501782205,2.042176373479768,3.0726492282416413,3.696684689401219,3.1915126588376745,3.3297072907055276,4.260451992674197,2.7089784856585535,2.6199529688271666,2.2953822231472936,2.250407146660223,4.170534715633593,2.0363031786584314,2.1213353927584433,3.134929801507073,2.8043985521099963,2.016578038873592,2.4130675345368435
1434,3.4551802289095392,2.0065387484878894,3.844160060150788,2.0133052400344718,3.2102923684506353,2.6726356550990897,3.1927351427045956,2.3577963376932836,3.6607427347727297,3.1343942948146766,2.0118792020507144,3.205489804027062,3.171986086750353,4.307965938619758,2.0421263947440496,3.072989785029997,3.6965602202421053,3.191465068854008,3.330146961022432,4.260442679858841,2.708911476799063,2.6198648274505087,2.295607086948788,2.2501940293141556,4.170513403157638,2.036350794280197,2.1225492445226184,3.134493465854007,2.8044542633246197,2.016534982765382,2.4134232684679153
1435,3.455004171433827,2.0065275910819143,3.8442409740152517,2.0132728900261885,3.21038776959407,2.67269656945367,3.192436765672791,2.357960654460162,3.6603709135172693,3.13474608182883,2.0118586430638112,3.204714109154991,3.172277054129763,4.308192786755769,2.0420753583896296,3.073283414132298,3.6965759401473406,3.1916584056278117,3.330994476496567,4.260752686264066,2.7091854889077363,2.6201416393428882,2.295928886654283,2.2500801404682305,4.170913587200479,2.036400662458259,2.123795129376352,3.1344434313591476,2.804699951691988,2.016492306922256,2.4137787327980713
1436,3.455438488247599,2.006516515370175,3.8448050735057198,2.0132408178235837,3.211039074580512,2.6730845763236095,3.192780770150808,2.3582856076435266,3.660703152148041,3.135603833762347,2.0118383016852954,3.2045360056617564,3.1731170400140716,4.308719935684196,2.042025325268132,3.0736448235895186,3.6964317603373393,3.1915603628044007,3.3313577002675263,4.260692413127126,2.7090424446951404,2.619990549546038,2.2961505373273545,2.2498582035132624,4.170869021603583,2.0364474270806947,2.125044591187799,3.133966566499856,2.8047486236637846,2.0164496455249803,2.41414302239772
1437,3.4552329643640234,2.0065054133686138,3.844847670395845,2.0132086791374895,3.2110780601966713,2.6731184721308923,3.1924341811641055,2.3584522189205703,3.6603690692418165,3.136012993860273,2.011817864599118,3.203853018062869,3.1734851003888433,4.308990912415944,2.041974371623013,3.074037223654797,3.6965241908580095,3.1917927438812974,3.332226828617671,4.261002394524469,2.7092739061709965,2.620233789282122,2.296477380345596,2.2497415082344365,4.171270117905108,2.0364966013373818,2.1263276158675612,3.133890743197126,2.804986514776635,2.01640734973737,2.414500204094771
1438,3.4556824019319863,2.0064943977080323,3.8454187013513197,2.0131768361678293,3.2117482859769826,2.673516958405353,3.1928151856479796,2.3588019589351856,3.660832517717191,3.137007817329615,2.0117976665917205,3.2038476097434407,3.174481406521719,4.309605351981719,2.041924672036422,3.074563639966983,3.6965176465793035,3.19177398985156,3.3326354765219706,4.2609467660636735,2.7090842076936177,2.620034256015609,2.2966991035515782,2.249511005425099,4.171195278064575,2.0365424419478755,2.1276132227355404,3.1333558460141617,2.8050067925680766,2.0163650412755705,2.41486620921875
1439,3.455431072422266,2.0064833523095893,3.8454296298104613,2.0131449205144056,3.2118138676333774,2.673571956248106,3.192501755216006,2.3589837053184883,3.660576658206188,3.1375153441254398,2.011777356080334,3.2032486756582137,3.1749100188558472,4.309911361831603,2.0418738994503247,3.075109059171714,3.696782762928825,3.1921519914199665,3.3336546510889717,4.261332966931542,2.709351538995252,2.620303673103419,2.297041398660468,2.249399768305938,4.171624692533749,2.036590998710856,2.128935667038212,3.1332799187297016,2.805242448802211,2.0163231156963666,2.4152227439336578
1440,3.455950056156838,2.0064724042026376,3.846075098738413,2.0131133331503417,3.212637508019503,2.674059769800256,3.193044016681104,2.3593756865503837,3.6612131185534573,3.138663428573026,2.0117573032988543,3.203379435939956,3.176027472047231,4.310597491173924,2.041824499762655,3.075770070457383,3.6969045795352495,3.192229532340069,3.334142885234927,4.26130848938624,2.7091692950084405,2.620092972441876,2.297265123803559,2.249161910527602,4.1715209168023675,2.0366357551807606,2.1302588202572488,3.1326930827689004,2.805239571735879,2.0162811602952253,2.4155950151344756
1441,3.4556242181939676,2.006461415527285,3.846057052355351,2.013081635990345,3.212730637576872,2.6741339621488125,3.192739292302855,2.3595571011950627,3.660929030711565,3.1391581490361906,2.0117370867781057,3.2027132974995887,3.1763915707310537,4.310883391662017,2.041773638032589,3.0763722362704957,3.697276279822729,3.192739764144278,3.3353492174736292,4.261819231577055,2.709567831126849,2.62047663619286,2.297638654656305,2.249071941322685,4.172042652943169,2.036683933424663,2.131624854228204,3.132689352847339,2.8055186545226256,2.0162396509600087,2.415962370332515
1442,3.456290203076407,2.0064505441439526,3.846868995609467,2.013050325021484,3.213789185335744,2.6747605338915044,3.193508727508071,2.3599989151492182,3.6617229491825687,3.1403965242905096,2.0117171611449485,3.2028837700311654,3.1775619461335554,4.311621906228835,2.0417242988772193,3.077022890805349,3.697354235005304,3.1927889906840328,3.335823242065885,4.261787244183143,2.7093981473517657,2.620258795816123,2.2978614133472632,2.248823207866045,4.171896745641446,2.036727359055656,2.1329864892061425,3.1320531593285605,2.8055097719374196,2.016198076921052,2.4163559410530304
1443,3.455826565833796,2.006439607266295,3.8467817334957584,2.0130188174407215,3.213779510427118,2.67476840852997,3.193050289382738,2.3601398614533067,3.6612183477141453,3.140695977932895,2.0116969900423096,3.201974899062548,3.177729295592182,4.311834012192513,2.0416729582049684,3.077548032774,3.6976972566975106,3.1933405070893954,3.337170675132667,4.262426132681677,2.7099726200877345,2.6208133900608814,2.2982819534592913,2.248771014135809,4.17258067196327,2.0367755369431424,2.13440082453,3.132203324378782,2.8058846855946538,2.0161570420810273,2.4167492594123035
1444,3.456724703078714,2.0064288178989247,3.8478143116218737,2.0129877876177162,3.215064913092723,2.6755295848848553,3.1940363726445584,2.3606305415844724,3.662175949107767,3.1420043521226693,2.0116771914720957,3.2021962672502164,3.1789677461781762,4.312639904245659,2.0416235385523476,3.078080668457321,3.6975677411526133,3.1931981336410757,3.3374470928477935,4.262277551045172,2.7097157939857643,2.6205019462289942,2.2984851395951553,2.2484945523757998,4.1723307156333735,2.0368172054112725,2.1357998437007284,3.1314750464674352,2.8058596323945952,2.016115852673041,2.417176573990839
1445,3.456043117975228,2.006417921946488,3.84755345088333,2.012956425316521,3.214757898722564,2.6753517795456476,3.1932114599195645,2.3606837962567755,3.661301856697804,3.1420041272649675,2.011657041542472,3.2009866217787692,3.1788763777595688,4.3127414640445645,2.041571470931369,3.078485527229267,3.6978487527959443,3.1937483913316917,3.338885776926766,4.263024264402862,2.710439192468135,2.6212195418601434,2.2989569417614155,2.248487581131326,4.173216536985514,2.036865682845671,2.1372656032001958,3.1318136458803463,2.806345863840312,2.016075309864697,2.4175983290248007
1446,3.4572461462434387,2.0064072162658846,3.8488125519293557,2.0129256768395853,3.2162453897227405,2.6762368633079854,3.194410313795589,2.361230380703487,3.6625076173748052,3.143474399613938,2.0116374036331894,3.201421327362476,3.1803095622220114,4.313671608511003,2.041522165392402,3.0789449654483296,3.697521800281637,3.1933586214755074,3.33884255435732,4.262661088939212,2.709957805524093,2.620690169149852,2.2991138868771217,2.2481597661454362,4.17277187339878,2.0369050584343644,2.138698469166481,3.130894198361773,2.806244427725299,2.016034449434439,2.4180511861556964
1447,3.456309130316713,2.006396355398575,3.8483063310793026,2.012894442833702,3.215574268430318,2.675836171239583,3.1931720436073534,2.3611882800325468,3.661286624235492,3.143230237529769,2.0116172901007627,3.2000002980735918,3.180010834354884,4.313678127497591,2.0414695288768465,3.0793336226212773,3.697865357518153,3.1939793897844853,3.340419307080461,4.263525593994806,2.710793395548827,2.6215382732397954,2.2996346555511518,2.248196164466818,4.173851360180302,2.036953868674929,2.1402159274595927,3.131385463467678,2.8068056200466036,2.0159943563632767,2.418484086607365
1448,3.457784262688461,2.0063857309575504,3.8497480450167987,2.0128639709018628,3.217241490436829,2.6768319276413877,3.1945879334578673,2.361801002875947,3.6627934902640598,3.1449483366391737,2.0115978364766796,3.200765734079017,3.1817396186063576,4.314780954061497,2.041420708781128,3.0798826895202325,3.697520137722311,3.1934592783827735,3.34015094344179,4.262985099670598,2.7100803737718513,2.6207800376757917,2.2997445215141585,2.2478161546933024,4.173201274232374,2.0369908904431453,2.1416812737571265,3.1302344000828035,2.8065875165741696,2.0159537719203287,2.418943146711116
1449,3.456697952053119,2.0063749154380517,3.849080336084344,2.012832905865293,3.2163906013520456,2.6763301983827907,3.1931846547960787,2.361721871062461,3.661478454224005,3.1446677565293815,2.0115778106599187,3.199323850595392,3.181384601085604,4.314770731624164,2.0413679885058045,3.080395147396815,3.698057739597034,3.194229524743577,3.3419131227054466,4.26396382035589,2.7109841869421443,2.621690546501897,2.3002982246324426,2.247875450397894,4.1743722163407,2.037039437616649,2.1432474057377426,3.1307733734488314,2.807163271471562,2.015914057684467,2.419370618529931
1450,3.4582112947014774,2.00636435676659,3.850547769768438,2.012802667143874,3.218120435920796,2.6773697810473025,3.194676952297715,2.362362142145445,3.6630905122470545,3.1465031910161194,2.01155849254519,3.2002213527327896,3.1832268192435693,4.315949258952258,2.041319472457815,3.0811097795329707,3.697883886601385,3.193807459678675,3.3417193878365894,4.2634488530861585,2.7102526956426685,2.6209040306618836,2.3004088695366045,2.247489760710626,4.17369823166691,2.037075150821901,2.144752447848295,3.1295413054356573,2.806893314846918,2.015873791203382,2.419827512172267
1451,3.4572883151665383,2.006353616140685,3.8500037108608822,2.012771868794911,3.2174893682835846,2.6770115393086726,3.1935553233848233,2.36235024368443,3.6620809343296377,3.1464632805037978,2.011538634847069,3.199018253756242,3.1830515233983885,4.316049309630893,2.0412671694425404,3.081754705587672,3.698540409506559,3.1946393218189355,3.3435155416553237,4.264411880181271,2.7110941825418484,2.6217213895999283,2.3009489577398616,2.2475213502531335,4.174742623597506,2.03712186634262,2.1463591881125588,3.129942347169237,2.807405106264046,2.015834379679193,2.420258161428459
1452,3.458469686633149,2.0063430938818523,3.8512435471176656,2.0127417756504227,3.2190338383530315,2.6779552881749957,3.1948063493249075,2.362924461619421,3.6633830690093845,3.148081658779831,2.0115193436418175,3.1996167533511173,3.1845969119206687,4.317080300400836,2.041218090572666,3.082512588807433,3.6985767575347053,3.1945040236712146,3.343729968392344,4.264178311560045,2.7106542918634795,2.6212180517387305,2.3011365334771443,2.2472017284531134,4.174342119633849,2.0371580403450116,2.1479188264438767,3.1289326588065185,2.8072481224767425,2.0157945675147158,2.4207186474680453
1453,3.4580214599603143,2.006332458075007,3.8511385319114635,2.0127113372180028,3.2189785060390115,2.677943234051077,3.1943035455711293,2.363063016609696,3.662965297449493,3.1484607899809607,2.0114997165119206,3.1988461120936855,3.1848178836850427,4.317404568662699,2.041166472874171,3.0831791371004096,3.6991048841950613,3.1951696516058385,3.3452616529201253,4.264924884017525,2.7112685190232613,2.621782833076672,2.3016135958392985,2.2471568341537687,4.175073689131187,2.0372013206341473,2.1495576562331187,3.1290428872564835,2.8076498740613296,2.015755417226436,2.421178321200858
1454,3.4586216682276154,2.0063219478827885,3.851964097608325,2.0126813125584033,3.2200694834856844,2.678627279268957,3.1950096444625435,2.3634953296009487,3.6636668902404894,3.149622970386072,2.01148038168034,3.198899100117985,3.18583819875542,4.3181633515194955,2.0411162547269037,3.0838416096360257,3.6992574473689848,3.19532872092848,3.345987022863566,4.265075785761283,2.7112695531129103,2.6217243022069985,2.30192211195107,2.24694286098905,4.175121590223029,2.0372390330863888,2.151184100377225,3.128476311746713,2.8077422670289645,2.0157161791095146,2.4216596588947734
1455,3.45872663010818,2.0063114232009083,3.8523989528448572,2.0126512554522056,3.220658919629744,2.678996243637587,3.1951520931451562,2.3637962752309347,3.663858679309183,3.1504102096518642,2.0114609845818125,3.198556558468105,3.186487390569149,4.318727967528686,2.041065267235262,3.084442471252886,3.6994890898589703,3.1956743285609646,3.3470632828827287,4.265500329887016,2.7115794136939853,2.6219819078230704,2.3023199232810287,2.2468095314800145,4.175511966296557,2.03727837234198,2.152852189569001,3.1282686273224747,2.808034205981916,2.015677298544474,2.422161730126275
1456,3.458731343403027,2.0063009196473547,3.8527833973939787,2.0126212818957696,3.221171681349189,2.6793277826765145,3.195190371428713,2.364072498555502,3.6639417255736326,3.15110432610573,2.011441609028481,3.1981195184947864,3.187047703690414,4.319252958428992,2.0410140447355545,3.084999629841871,3.699675551504799,3.1960153961428377,3.34816458207834,4.26596075323678,2.7119441965820763,2.622305074415297,2.3027390163673194,2.2466916941575725,4.175981747902637,2.037317449265541,2.1545476571659523,3.128143259586813,2.8083816896746048,2.0156386491796616,2.422675734825214
1457,3.459295998715739,2.0062904942823336,3.8536599445144675,2.0125915713705207,3.222258042364036,2.6799883368467423,3.195811240760371,2.364500899039792,3.664615012807193,3.152215022710786,2.0114224115669304,3.198141823817847,3.1880642304223334,4.320027810965472,2.0409636152075823,3.0855593857163326,3.699621404826174,3.196030634286932,3.348771136462585,4.266072716906992,2.7119409894366875,2.6222620817908657,2.3030635696083657,2.2464790179175824,4.176075950714672,2.037353076131716,2.1562456615399346,3.1276441274990803,2.808560250874175,2.015600039965077,2.4232044410964306
1458,3.458853025067002,2.0062800080391066,3.8536945936290543,2.01256168398675,3.2222830424184337,2.680001171313608,3.195267725091875,2.3646478879686335,3.664215245048235,3.152556801550788,2.011403029873907,3.1973717486868143,3.1883178968662103,4.320406558895814,2.040911788343448,3.0860974318704084,3.6998509589290096,3.196480440368193,3.3501008164580544,4.266737109466872,2.712520830191163,2.6228203290419856,2.303560284813104,2.246426297680742,4.176840879258651,2.037392665846298,2.15800422389944,3.1278039879837785,2.8090664917487826,2.015561884617402,2.423730800011141
1459,3.459722251125716,2.006269666059206,3.8548399299658507,2.012532265927506,3.2236472823510587,2.680824870070223,3.196153227469511,2.3651552294327,3.6652157749155196,3.1539154548581285,2.01138400476817,3.197710764126458,3.189632519124315,4.321359782396687,2.040861934707037,3.0867175285677284,3.6996677890184673,3.1962891553479067,3.350382346550529,4.266624875093285,2.7122494913078294,2.6225160147475854,2.3038267137469433,2.2461497295248316,4.176699864733261,2.0374250663338547,2.159734233842131,3.1270517216395386,2.8091316494860044,2.0155235289243496,2.424261041244609
1460,3.4590781057235653,2.0062592204673773,3.854711383846965,2.012502535004186,3.223460948287756,2.6806895105957573,3.195315845328988,2.3652340363305533,3.6645779324491894,3.1541002198616885,2.0113646711886046,3.1968004798986223,3.1897556918399537,4.3216848267962575,2.040809950010444,3.087348071961584,3.700015652347491,3.1968587668510744,3.351858322893955,4.267396617332118,2.7129077594557387,2.623159407174287,2.304360708524993,2.2461231628176517,4.17759933473879,2.0374639830310626,2.161545554875604,3.1272835003899218,2.809670681784993,2.0154857329998217,2.424774384639779
1461,3.4600317809402634,2.0062489432438286,3.855911068020357,2.0124733418339793,3.224873539106694,2.6815379807331423,3.196243091269094,2.365764219801115,3.6657117456946824,3.1555925647119776,2.0113457780714694,3.197322391986073,3.1912267058041124,4.322736451641038,2.0407605551080636,3.088125779934975,3.6999267269900633,3.1966981191215753,3.352112551838285,4.26723952939834,2.7125351331159973,2.622743544062287,2.3046081450430567,2.245818193758364,4.177363122842149,2.037494109289091,2.1633140509681654,3.126387247516817,2.8096581379585803,2.015447644461713,2.4252925303133437
1462,3.4595019002423,2.0062385697484473,3.8558964202756894,2.0124438592421514,3.2248500403617717,2.6815057138158465,3.195544772213465,2.3658758079415976,3.6652093386749605,3.155883350036061,2.011326565196131,3.1965149501564794,3.1914514229662085,4.323128684859526,2.0407089071121463,3.0888967262198452,3.70039244283158,3.197353972878873,3.353618145088345,4.2679983222283555,2.7131405487840237,2.623323567212463,2.3051334344867276,2.2457712386771815,4.17820194684999,2.037530850732719,2.1651659628553643,3.126477988422528,2.8101170715078583,2.0154101050048374,2.42579216243334
1463,3.460248220024569,2.006228334226034,3.8569226265355168,2.012414817390932,3.2260912768311742,2.682248632966904,3.1962733839760817,2.3663610002295905,3.666184863244559,3.157275630802527,2.0113077252292433,3.1969045973328445,3.192782489210087,4.324114249641864,2.0406593916196387,3.0897817996543733,3.7005110513834945,3.1974349460893325,3.3541831589395708,4.268035568206363,2.7129421708607913,2.6230667195845263,2.30543065689982,2.2454985785433133,4.178114876596131,2.0375602544557507,2.166987029335431,3.1256770908406684,2.8101470974690104,2.0153723839684123,2.4263042602523273
1464,3.460128152257159,2.0062180579003193,3.857274217698633,2.0123856590557825,3.2265286107574296,2.682509969651805,3.1960744158943526,2.366601509102217,3.6661713302116965,3.157914679026416,2.011288703058343,3.1964373124742576,3.1933300579077875,4.3246925633426985,2.0406084270133666,3.090627876412886,3.7009404270126565,3.1980168885786453,3.3555181465686474,4.268645422760856,2.713375603081646,2.6234529937825437,2.305906207897005,2.2453883339889145,4.178710401320727,2.0375933708216083,2.1688696569642483,3.12548559016704,2.8104761136140013,2.0153350761648046,2.426818022803287
1465,3.460451812917528,2.0062078461418,3.857976536076184,2.01235671671155,3.227430236049452,2.683049055185105,3.1963991542258956,2.3669802325975753,3.66671036816561,3.158965236327953,2.0112698445525443,3.1963899693028415,3.1942421415074618,4.325463146122194,2.040558110457189,3.091471419674925,3.701213109292665,3.1983855280939624,3.3565528919964813,4.269026183968239,2.7135602559956955,2.623574802056988,2.306311081382789,2.245200860149166,4.178994032482765,2.037623376101564,2.170758235076645,3.125016052617629,2.810684924290161,2.015297845489247,2.4273469513175265
1466,3.460852300017543,2.006197671445943,3.8587722405677476,2.0123278973917995,3.2283913757332487,2.683630540159243,3.196784440696908,2.3673784975203396,3.6673057357705305,3.160035266336168,2.0112510415793294,3.1963607960707443,3.1952012912777374,4.326273425174031,2.040507878893024,3.0923018390269212,3.701443906266718,3.1987221024675803,3.3575468551964267,4.269396933182027,2.7137570468158865,2.6237074496930455,2.3067203824605764,2.245012388881144,4.179284580541676,2.0376523151873878,2.172669291787404,3.1245291952055987,2.810900059324416,2.015260799277053,2.4279040723592953
1467,3.460733487686319,2.006187480609545,3.8591431209883655,2.0122990442075417,3.22887084919085,2.683919089313012,3.1966225501423087,2.36763294411716,3.6673364869268523,3.160677600391371,2.011232157569622,3.195837501922578,3.195681189750321,4.3268325853955325,2.040456678884418,3.0930445014806685,3.7017799776734712,3.1992828362947074,3.358963188695263,4.270091674932855,2.7143238675244215,2.624221490733313,2.3072398653512978,2.2449191052241013,4.179982837315247,2.037683136671232,2.1746310739545516,3.1244507475680985,2.811333631277193,2.0152240993156734,2.4284730255455775
1468,3.4615403209108146,2.006177395056939,3.8602780632989675,2.012270525869958,3.230217555982259,2.684732112137559,3.1974365493128722,2.368150877210909,3.6683933504696213,3.1620725582994678,2.0112135440023136,3.1961494205102765,3.1969714986002655,4.327834031979068,2.0404069907199474,3.0938339230830634,3.701785693357873,3.1993436822446157,3.3596198738905922,4.270244225536664,2.7143101532357923,2.624140255731227,2.3075982861579662,2.2446706845250617,4.18004928518951,2.037708466168122,2.176575916984095,3.1237725217621923,2.8114963174240994,2.015187358681073,2.4290756990350593
1469,3.461156536695814,2.006167239347304,3.8604518190899286,2.012241799526742,3.2303631559457324,2.6848192038309575,3.1969078686258334,2.3683215895100083,3.668097523490003,3.162450656152082,2.0111946825936005,3.195363925711763,3.1972468136475687,4.328316065751741,2.0403554179345162,3.094542945496317,3.7021372791771863,3.1999658388089074,3.3612053217685074,4.271104861076023,2.7150801372927598,2.6248669464986634,2.3081894018371734,2.2446343035312513,4.181010441196125,2.03773913551901,2.1786036580919546,3.1239501930646365,2.812095329611642,2.0151511304657164,2.429688254222339
1470,3.4621071982129688,2.0061572218754176,3.8617040014663777,2.0122135149049267,3.231844374006581,2.6857243197254492,3.197861036463431,2.368879830626506,3.6693067446079795,3.1639513900731937,2.0111761894940794,3.19578740993834,3.1986533561128443,4.329396617593216,2.0403059185320753,3.095319961584817,3.7020391313206313,3.19989625214418,3.361722729331521,4.271174039201846,2.7149681191762327,2.6246915970935865,2.308533175209166,2.2443629773196516,4.181016743370553,2.037762053389638,2.1805912031638797,3.1232330601110165,2.8122739960999197,2.015114733238277,2.4303158494874353
1471,3.461765714597864,2.0061471268339464,3.8619108977230283,2.0121849918050856,3.2319576492212603,2.6857852946738365,3.1972902037796254,2.369049404809278,3.6690352290014463,3.1643476105571082,2.011157427682966,3.195069688816731,3.199025382435443,4.329955515121809,2.0402546240238957,3.096100691131809,3.7024006494720982,3.200485788654791,3.363258751886392,4.272009057666008,2.715685901672788,2.6253659866681542,2.3091243465050533,2.2443175806100104,4.181974951876029,2.037790737515418,2.182666255444813,3.123401684081718,2.812894523877656,2.0150788502865686,2.4309583925073808
1472,3.4625630297059002,2.006137154955561,3.8630391484311617,2.012156867894651,3.233285973415141,2.686607687773287,3.1980454771781535,2.369556616409885,3.6700628391083088,3.1657214814076444,2.011138986701999,3.1953710990827604,3.200319210776856,4.330991597482328,2.040204994750772,3.0969396634955166,3.702411644052403,3.2005264062215737,3.3639245251106304,4.272175613274761,2.715641406664762,2.625261971940457,2.3095004789043987,2.2440673492943684,4.182109891028689,2.037812511216365,2.1847059614834223,3.122786415641719,2.813133644891315,2.015042823925009,2.431596230685245
1473,3.462527617286873,2.0061271435543646,3.863498949243788,2.012128625246008,3.2337232151985633,2.686861977636701,3.1978005497383237,2.3698114776851074,3.670153658422732,3.1664018428633343,2.0111203932839543,3.194976864229359,3.2009919007864016,4.331721507058682,2.0401544042784785,3.09785067488225,3.70278322390231,3.201034145563009,3.365271813856425,4.272841704628849,2.7161282021987025,2.625696982883906,2.3100373050557033,2.2439594314529874,4.182849066038008,2.03783753005278,2.186809432221235,3.122710838195297,2.813634892298095,2.015007167633788,2.4322474894196318
1474,3.462988615886613,2.006117203934515,3.8643757533335403,2.012100620395126,3.23472017343484,2.6874739062060358,3.19815515413675,2.370219547194743,3.670824645045232,3.1675247262467705,2.01110197116629,3.1950347410573974,3.2020604632171685,4.332660004014331,2.040104566361058,3.0988024103406606,3.70303333108822,3.201335278592972,3.3662777283811067,4.273233741936935,2.7162944915475804,2.6258025415888424,2.310484979554159,2.2437620259660322,4.183238476431772,2.0378588894637684,2.1889081240159536,3.12228057588898,2.813957459887754,2.014971528961569,2.4328923403230367
1475,3.4633314876472165,2.0061072832731113,3.8651705316069123,2.012072686857379,3.235628727971614,2.6880219203205713,3.1983986209137525,2.370597755074363,3.67139285677001,3.168568319555389,2.0110835641865727,3.1950082192538587,3.2030550696692397,4.333572134265807,2.040054737541745,3.099812504005807,3.70337848586533,3.2017420464448545,3.367418366891658,4.273715644677722,2.7165515353512566,2.6259954466175097,2.310962454808634,2.2435829301999446,4.183719659204614,2.037879724613294,2.19103337490867,3.1219034307940112,2.814297696734799,2.0149360671936294,2.4335389912346788
1476,3.463466673457164,2.0060973768159234,3.8658172249326634,2.0120448070176367,3.236322802200623,2.6884335541807687,3.1983928180097405,2.370918159599801,3.6717394703899773,3.1694504676881756,2.01106516299439,3.194811178368787,3.203877532149643,4.334410807220683,2.0400046653860224,3.1008123953937057,3.7038008930193485,3.202264844927103,3.368759108413032,4.274348313328467,2.7169728947132814,2.6263503405836888,2.311490445553475,2.243442170362184,4.184373537196929,2.0379005638218213,2.193192109512082,3.121663143973444,2.814705872431823,2.0149008231143126,2.4341944749135553
1477,3.4640960210522502,2.00608753905972,3.8668803669750273,2.0120171566262215,3.2375939944657817,2.68921127848423,3.1990140828210736,2.3713926135177172,3.6726601163968717,3.1707450192953193,2.011046912984713,3.195019145780386,3.2050673858890724,4.335448195668785,2.0399553144245957,3.1018204444792996,3.704054695634003,3.2025557344232105,3.3697437986566743,4.274716211365557,2.717105687331891,2.626406093785318,2.3119342460375116,2.243216242178489,4.184690960085569,2.03791771674091,2.1953443706786655,3.1210778247828443,2.8149383903897514,2.014865607831037,2.434847433575539
1478,3.4640287221908075,2.006077674930931,3.8673946461035302,2.011989430317662,3.2381205599394276,2.689517741639073,3.198803499056653,2.371657537324963,3.672795088889895,3.171445832802637,2.011028549993298,3.194614096072407,3.2056790291485995,4.336208159952728,2.039904969102313,3.1027693570501147,3.7045047553421853,3.203169876822646,3.371288916195768,4.275514255090596,2.7177190391365027,2.6269467384622276,2.3125219569333337,2.2431136977166677,4.185531304256207,2.0379374051597563,2.197558771464762,3.1209785320776735,2.8154224949360156,2.0148307531535234,2.435521667065609
1479,3.4647882426756835,2.00606790677298,3.8685936606205855,2.0119620123578366,3.2395324557401537,2.6903807105079705,3.199558934345789,2.37216844161919,3.6738474809373773,3.172817495876382,2.011010415925845,3.194898435662126,3.206932671506441,4.337306979845112,2.0398557623520044,3.103709673836035,3.7046427279324874,3.2033543430737765,3.372191740814491,4.275843477092485,2.717816888499339,2.626956664161673,2.312959077620975,2.2428696235053214,4.185800260224215,2.037951685985268,2.1997466606713965,3.1203216239273055,2.815637297030153,2.014795856406474,2.436202220120326
1480,3.464660956962375,2.0060580963580836,3.8690853786426223,2.011934468210621,3.2400197072208523,2.690671737736753,3.1992892625498737,2.3724111974619255,3.6739002366233655,3.1734284529060677,2.010992119300116,3.1943931149500426,3.207447815399955,4.338044214942758,2.0398052517728082,3.104584588107443,3.705032884319539,3.2039504886494345,3.3737892206511484,4.276692980119938,2.7184935375471104,2.6275561661234526,2.3135728438670844,2.242777702956051,4.186715897476506,2.037969455419401,2.202008289398142,3.120283557033557,2.816173794047973,2.0147613657966206,2.436902661983242
1481,3.4654035061042876,2.0060483852302484,3.8702861795313486,2.0119072349241676,3.241377155644731,2.6914997219057764,3.199973103363856,2.3729090539982898,3.6749164489287494,3.17476577241046,2.010974072692369,3.1946627043255225,3.208693616117767,4.339162270121176,2.039756020079962,3.105475065017437,3.7051054621092234,3.2040849336626267,3.374689614670597,4.277031590316897,2.718594054185807,2.6275662006082308,2.3140208137619735,2.242533765992537,4.187019503450436,2.037981517097396,2.204237520459832,3.119655994154358,2.8164322465409013,2.0147268260044022,2.4376179591686733
1482,3.465334548241681,2.0060386373238375,3.870835669070156,2.011879894062336,3.2419124857776063,2.691825865925607,3.1997487485768206,2.373162682791056,3.675026275278962,3.1754155217588624,2.0109558772976257,3.1942146965796807,3.2092720802463974,4.339949444060007,2.039705638562665,3.1063399832122647,3.705435772192733,3.204614128656115,3.376219499762942,4.277829073797571,2.71919944141037,2.6280969362387787,2.3146274735111563,2.2424245046188767,4.187905167219099,2.0379966097210946,2.20653521024004,3.119582214904217,2.816969466869845,2.0146926523064264,2.438343389967112
1483,3.4659506932862936,2.0060289732901886,3.87193406618374,2.011852816703219,3.243116289263283,2.692564379631772,3.200264122265512,2.3736225639276745,3.675926830810943,3.1766813066993693,2.010937901011464,3.194425443448444,3.210453581437558,4.341047301251234,2.039656319767164,3.1072319908289234,3.70552525731619,3.204773484704875,3.3771896325258974,4.27821198544411,2.7193195533501107,2.6281346953788525,2.3150970858831594,2.242189277656759,4.188290652339848,2.0380067940395366,2.2088072429749546,3.1190300379070606,2.8172797746826115,2.0146584672761754,2.4390795981417606
1484,3.4660122920351517,2.0060192928389298,3.8725908198709007,2.011825698159549,3.243769984740573,2.6929584646687625,3.200162442521303,2.3739146736211425,3.676206464399083,3.1774786181361874,2.0109198332730776,3.194152509416563,3.211191851422149,4.3419285737577695,2.039606313809327,3.1081490925155384,3.7058251915122336,3.2052242408137115,3.3785923928248955,4.27890477037296,2.7197724088595603,2.628519093836737,2.3156746295039587,2.242042584807167,4.189068790219199,2.038018559994121,2.21112960703332,3.118831715160885,2.8177550429861613,2.014624560953416,2.4398185214633297
1485,3.4664328486533313,2.006009670010919,3.8735342149451535,2.011798768106801,3.2447991983503477,2.6935909384532097,3.2004774294467677,2.3743233305345206,3.6769351799664265,3.1786358991137718,2.0109019093087097,3.1942516042052933,3.212240343474468,4.342970427225534,2.0395568716171875,3.1090748308463425,3.7059932996965514,3.205474738226171,3.3797049354064645,4.279373946668281,2.719946748870372,2.6286210813377124,2.3161751833000346,2.2418216284568273,4.189562154566232,2.0380269417320216,2.213442398116944,3.118360794953007,2.8180958201125974,2.0145907102258716,2.4405561122615147
1486,3.4666601827215793,2.0060000603182897,3.874333258369787,2.0117718873723915,3.2456305490423913,2.6940874827040373,3.2005578088574165,2.374669448571796,3.6774324375837644,3.1796177856582646,2.0108839772724347,3.194183183748688,3.2131477427591593,4.343954868281119,2.0395073136040613,3.1100459547014596,3.7062601651014386,3.205844045502055,3.380973740353717,4.279954432333693,2.7202319745149097,2.628837497266198,2.3167135395029095,2.241627944460784,4.1901895749648705,2.0380348975499545,2.215779475977416,3.1179771081122203,2.818464148691712,2.014557036283402,2.4412953070266865
1487,3.4668605463995226,2.0059904771693082,3.8751098111207627,2.011745100824423,3.2464782224273847,2.6946011954283797,3.2006531598947894,2.3750152519244927,3.677932973332811,3.180607425749229,2.0108660858630034,3.1941005465918715,3.2140067230463103,4.344920432392569,2.039457709222676,3.1109958426921227,3.7065133088580415,3.20621673120526,3.3822744961796145,4.280543663157617,2.720507994156717,2.6290406156383592,2.3172513160591865,2.2414260694781794,4.1908054022778565,2.0380413927041525,2.2181290356519607,3.1175742520709453,2.8188162223447426,2.014523502083494,2.442026015000643
1488,3.467265827257142,2.0059809398351653,3.8760616137020816,2.011718458215885,3.2475135274033735,2.695225533264697,3.200946194186218,2.37541529934581,3.6786289175809905,3.181741606405091,2.0108482776141794,3.1941858881137364,3.2150361610127574,4.345986425021548,2.0394084853945476,3.1119646213512673,3.7066990858349236,3.206492607019245,3.383416544958423,4.281017747028779,2.720645208147623,2.629098443325433,2.3177471084006713,2.2411837235118974,4.191270728314182,2.0380452864714735,2.220473992309298,3.116988204059841,2.819068458224513,2.01449004851498,2.4427593305872155
1489,3.467265084659462,2.0059713983850163,3.876679776387739,2.01169180969728,3.2481615094091714,2.695609089548943,3.2008073894884466,2.3756902517851057,3.6788594220203925,3.182512477782769,2.010830406739892,3.193875131269455,3.2156904503648125,4.346870737676329,2.039358645808376,3.112891337763127,3.7069877125055775,3.2069680892550485,3.384892869489307,4.2817238027170275,2.721037662375674,2.629411101787194,2.318319186033148,2.241000131003101,4.1920022035084425,2.038049693923107,2.222855888634028,3.116642612933423,2.8194315948127393,2.0144568246354146,2.443488611554738
1490,3.467820935662746,2.005961930265501,3.8777418976743045,2.0116653859354687,3.2493669301878576,2.696351000537706,3.2012879035022404,2.3761291416869548,3.679686563492612,3.183735485685686,2.0108127006242587,3.194032265565233,3.216770593742131,4.347974238039484,2.0393095054990202,3.113781161699566,3.707035128676126,3.2071378922950387,3.3859244331518554,4.282103055095594,2.7210518267325,2.629335277874983,2.318774698506865,2.240712763861166,4.192320714751529,2.038049549631472,2.2252057790598494,3.115884010609043,2.819587549975659,2.014423600532848,2.4442172641270057
1491,3.4676765543160935,2.0059524350557183,3.878230680946009,2.0116388772029365,3.2498281370280373,2.6966166152463824,3.200942859039358,2.3763413310361043,3.6796693158944174,3.184301120875979,2.01079485786685,3.1935168185271015,3.2172590230384595,4.348788626038955,2.0392593482531427,3.114623186028468,3.707279121057843,3.207646212041644,3.387501402736344,4.282875122235621,2.72151005127426,2.62971476113586,2.319366000360188,2.2405367699531458,4.193125955049616,2.038051490843912,2.227613011140587,3.1155701263175826,2.819955334849271,2.014390677174501,2.4449547578058217
1492,3.4682899737732296,2.0059430261722357,3.8792957847753664,2.011612635879851,3.2510881391675936,2.697410070853814,3.201504147214975,2.3767897828904148,3.6805215204865775,3.185540862348441,2.0107772309668235,3.1936719391007617,3.2183199913591016,4.349879190800852,2.039210032722321,3.1153972805692702,3.707179082253063,3.2077212848582985,3.3884632235770664,4.283185680899214,2.7214278155854874,2.6295453959881705,2.3197918527829082,2.240214467362741,4.193344162147337,2.0380476292308347,2.2299680159813233,3.1147037575400844,2.82004593160368,2.014357700836405,2.44568119817114
1493,3.468111675344576,2.0059335838234684,3.879715274779007,2.011586283786141,3.2514481755277496,2.697617490439213,3.201065860917733,2.3769745190426033,3.6803879225375398,3.186020969615301,2.010759448390637,3.1930775976602996,3.2187539569248074,4.350662746167759,2.0391596203574105,3.116143976520892,3.7073194146334902,3.208171780989292,3.3900142868019945,4.283930924438956,2.721839702275317,2.629891424007658,2.3203730473485034,2.240022676197902,4.194130650815731,2.0380463764215393,2.2323862637809917,3.1143453156413807,2.820378539406587,2.014325044081976,2.4464270442522036
1494,3.4686283416887562,2.0059242186879778,3.88062981123519,2.0115601774632776,3.2525721269240018,2.698341574194127,3.2015218310276334,2.377389817781727,3.6811170097787747,3.1871846541133304,2.0107418726121398,3.19314837352648,3.219724517703261,4.351691331144398,2.0391099684668887,3.1168409957521575,3.7071428826890065,3.20821290927035,3.390986629083303,4.284229332999816,2.721717069246409,2.6296973226686977,2.320791710465242,2.239685907885929,4.1943358768729055,2.0380394197692238,2.234749375501148,3.11346453585455,2.8204454863758617,2.014292337075485,2.4471481439580742
1495,3.4685685078396498,2.0059148375040032,3.881075347996738,2.0115340136941544,3.2530025381660748,2.6986128222542907,3.2012042291401936,2.377607815144208,3.681094789597032,3.1877736947733903,2.010724192582095,3.1926541116528613,3.220251257242996,4.352501465213646,2.039059532684476,3.117537443541316,3.7071558586162654,3.208530368544186,3.392373307054754,4.2848398504627045,2.7219496135862515,2.629878355126163,2.321323420568833,2.23944567183787,4.194967610944296,2.038033923814525,2.23715656789306,3.1129420800182848,2.820679608675552,2.014259890870625,2.447884830048289
1496,3.4688235343317877,2.0059055011338986,3.8816991282363427,2.0115079996813727,3.2537910105554992,2.6991304171137482,3.201341034857487,2.3779413767747712,3.6815241819432147,3.1887371917746274,2.0107066333508814,3.192530232417858,3.2210543881557205,4.353425748676782,2.039009485177248,3.1182382036032843,3.7070275791972653,3.208650063583714,3.3934805557456915,4.285216755768711,2.7218878753726736,2.6297634606760987,2.3217663249416542,2.239122628881781,4.195271440359192,2.038024618012713,2.2395319820219,3.112149974949604,2.820773234477241,2.0142274740579587,2.448592787316734
1497,3.4690113599772965,2.0058961881826844,3.8822656659582084,2.0114820558951663,3.254479386450682,2.699598537199642,3.2013666617488474,2.378248471170693,3.6818215512607733,3.1895955603557535,2.010689084670149,3.1922724217712095,3.2217816997331457,4.354306793824836,2.0389592529028175,3.11893391507252,3.7069169786440805,3.2088082148830743,3.3946304773105838,4.285624551427354,2.7218595175009312,2.6296887555336683,2.3222176465954614,2.238807168443168,4.195628324100661,2.0380139544436613,2.241906467244031,3.111369549946348,2.820863393161901,2.014195188344891,2.44929665800982
1498,3.4689264685759973,2.005886875176461,3.8825504876263963,2.0114561188350906,3.2548510175740812,2.6998489372971384,3.20107502797982,2.3784712312526133,3.6818379601753652,3.190263784115653,2.0106715167291482,3.1918577247123334,3.22235655202364,4.355099411857406,2.038908772774203,3.1196842651153807,3.7069303177622386,3.20910312793827,3.395981381554858,4.286158561964263,2.721962908655084,2.629750746753743,2.322710079349453,2.238519371783002,4.196111541473447,2.0380027537458334,2.244295489506602,3.1107349424962436,2.8210208967441828,2.0141630689950043,2.4499867340473616
1499,3.469400161257635,2.0058776324373797,3.883270046552371,2.0114304031680423,3.2558755071241077,2.7005655461759277,3.201522207796377,2.3788815120365077,3.6825105582160624,3.1914249315831955,2.010654099810609,3.19185866288704,3.223302813955492,4.356057243597302,2.038858796118285,3.1203990642783994,3.70672795275391,3.2091302542501943,3.396923335191146,4.286376846159676,2.721705420417282,2.629441731436612,2.3230805074044687,2.2381271293941594,4.196176103303664,2.0379867309897683,2.2466274595715725,3.109697889489534,2.8209736437708384,2.014130929177966,2.450650267488709
