epoch,0,1,2,3,4,5,6,7,8,9,10,11,12,13,14,15,16,17,18,19,20,21,22,23,24,25,26,27,28,29,30
0,2.864509889367113,3.026629602431181,2.990412176743283,2.915113599417398,3.096887621753486,3.1987392060866515,3.2067006081417735,3.0336228201528153,2.925120554002713,2.9806543879150578,2.955685341415901,3.0524962688709523,2.9456384787048773,3.0208879180056485,2.996831879028454,2.9937982829432856,2.9199048416828877,2.994295548086029,2.972176954330324,2.996361318667655,3.0179294637834997,3.0053256542731392,2.972756635899508,2.927459991907742,3.017030287131039,3.0999200362670774,2.9441295880007194,2.939352469098257,2.958903861462427,3.014933742854339,3.0458679705802156
1,2.864509889367113,3.026629602431181,2.990412176743283,2.915113599417398,3.096887621753486,3.1987392060866515,3.2067006081417735,3.0336228201528153,2.925120554002713,2.9806543879150578,2.955685341415901,3.0524962688709523,2.9456384787048773,3.0208879180056485,2.996831879028454,2.9937982829432856,2.9199048416828877,2.994295548086029,2.972176954330324,2.996361318667655,3.0179294637834997,3.0053256542731392,2.972756635899508,2.927459991907742,3.017030287131039,3.0999200362670774,2.9441295880007194,2.939352469098257,2.958903861462427,3.014933742854339,3.0458679705802156
2,2.864509889367113,3.026629602431181,2.990412176743283,2.915113599417398,3.096887621753486,3.1987392060866515,3.2067006081417735,3.0336228201528153,2.925120554002713,2.9806543879150578,2.955685341415901,3.0524962688709523,2.9456384787048773,3.0208879180056485,2.996831879028454,2.9937982829432856,2.9199048416828877,2.994295548086029,2.972176954330324,2.996361318667655,3.0179294637834997,3.0053256542731392,2.972756635899508,2.927459991907742,3.017030287131039,3.0999200362670774,2.9441295880007194,2.939352469098257,2.958903861462427,3.014933742854339,3.0458679705802156
3,2.864509889367113,3.026629602431181,2.990412176743283,2.915113599417398,3.096887621753486,3.1987392060866515,3.2067006081417735,3.0336228201528153,2.925120554002713,2.9806543879150578,2.955685341415901,3.0524962688709523,2.9456384787048773,3.0208879180056485,2.996831879028454,2.9937982829432856,2.9199048416828877,2.994295548086029,2.972176954330324,2.996361318667655,3.0179294637834997,3.0053256542731392,2.972756635899508,2.927459991907742,3.017030287131039,3.0999200362670774,2.9441295880007194,2.939352469098257,2.958903861462427,3.014933742854339,3.0458679705802156
4,2.864509889367113,3.026629602431181,2.990412176743283,2.915113599417398,3.096887621753486,3.1987392060866515,3.2067006081417735,3.0336228201528153,2.925120554002713,2.9806543879150578,2.955685341415901,3.0524962688709523,2.9456384787048773,3.0208879180056485,2.996831879028454,2.9937982829432856,2.9199048416828877,2.994295548086029,2.972176954330324,2.996361318667655,3.0179294637834997,3.0053256542731392,2.972756635899508,2.927459991907742,3.017030287131039,3.0999200362670774,2.9441295880007194,2.939352469098257,2.958903861462427,3.014933742854339,3.0458679705802156
5,2.864509889367113,3.026629602431181,2.990412176743283,2.915113599417398,3.096887621753486,3.1987392060866515,3.2067006081417735,3.0336228201528153,2.925120554002713,2.9806543879150578,2.955685341415901,3.0524962688709523,2.9456384787048773,3.0208879180056485,2.996831879028454,2.9937982829432856,2.9199048416828877,2.994295548086029,2.972176954330324,2.996361318667655,3.0179294637834997,3.0053256542731392,2.972756635899508,2.927459991907742,3.017030287131039,3.0999200362670774,2.9441295880007194,2.939352469098257,2.958903861462427,3.014933742854339,3.0458679705802156
6,2.864509889367113,3.026629602431181,2.990412176743283,2.915113599417398,3.096887621753486,3.1987392060866515,3.2067006081417735,3.0336228201528153,2.925120554002713,2.9806543879150578,2.955685341415901,3.0524962688709523,2.9456384787048773,3.0208879180056485,2.996831879028454,2.9937982829432856,2.9199048416828877,2.994295548086029,2.972176954330324,2.996361318667655,3.0179294637834997,3.0053256542731392,2.972756635899508,2.927459991907742,3.017030287131039,3.0999200362670774,2.9441295880007194,2.939352469098257,2.958903861462427,3.014933742854339,3.0458679705802156
7,2.864509889367113,3.026629602431181,2.990412176743283,2.915113599417398,3.096887621753486,3.1987392060866515,3.2067006081417735,3.0336228201528153,2.925120554002713,2.9806543879150578,2.955685341415901,3.0524962688709523,2.9456384787048773,3.0208879180056485,2.996831879028454,2.9937982829432856,2.9199048416828877,2.994295548086029,2.972176954330324,2.996361318667655,3.0179294637834997,3.0053256542731392,2.972756635899508,2.927459991907742,3.017030287131039,3.0999200362670774,2.9441295880007194,2.939352469098257,2.958903861462427,3.014933742854339,3.0458679705802156
8,2.864509889367113,3.026629602431181,2.990412176743283,2.915113599417398,3.096887621753486,3.1987392060866515,3.2067006081417735,3.0336228201528153,2.925120554002713,2.9806543879150578,2.955685341415901,3.0524962688709523,2.9456384787048773,3.0208879180056485,2.996831879028454,2.9937982829432856,2.9199048416828877,2.994295548086029,2.972176954330324,2.996361318667655,3.0179294637834997,3.0053256542731392,2.972756635899508,2.927459991907742,3.017030287131039,3.0999200362670774,2.9441295880007194,2.939352469098257,2.958903861462427,3.014933742854339,3.0458679705802156
9,2.864509889367113,3.026629602431181,2.990412176743283,2.915113599417398,3.096887621753486,3.1987392060866515,3.2067006081417735,3.0336228201528153,2.925120554002713,2.9806543879150578,2.955685341415901,3.0524962688709523,2.9456384787048773,3.0208879180056485,2.996831879028454,2.9937982829432856,2.9199048416828877,2.994295548086029,2.972176954330324,2.996361318667655,3.0179294637834997,3.0053256542731392,2.972756635899508,2.927459991907742,3.017030287131039,3.0999200362670774,2.9441295880007194,2.939352469098257,2.958903861462427,3.014933742854339,3.0458679705802156
10,2.864509889367113,3.026629602431181,2.990412176743283,2.915113599417398,3.096887621753486,3.1987392060866515,3.2067006081417735,3.0336228201528153,2.925120554002713,2.9806543879150578,2.955685341415901,3.0524962688709523,2.9456384787048773,3.0208879180056485,2.996831879028454,2.9937982829432856,2.9199048416828877,2.994295548086029,2.972176954330324,2.996361318667655,3.0179294637834997,3.0053256542731392,2.972756635899508,2.927459991907742,3.017030287131039,3.0999200362670774,2.9441295880007194,2.939352469098257,2.958903861462427,3.014933742854339,3.0458679705802156
11,2.864509889367113,3.026629602431181,2.990412176743283,2.915113599417398,3.096887621753486,3.1987392060866515,3.2067006081417735,3.0336228201528153,2.925120554002713,2.9806543879150578,2.955685341415901,3.0524962688709523,2.9456384787048773,3.0208879180056485,2.996831879028454,2.9937982829432856,2.9199048416828877,2.994295548086029,2.972176954330324,2.996361318667655,3.0179294637834997,3.0053256542731392,2.972756635899508,2.927459991907742,3.017030287131039,3.0999200362670774,2.9441295880007194,2.939352469098257,2.958903861462427,3.014933742854339,3.0458679705802156
12,2.864509889367113,3.026629602431181,2.990412176743283,2.915113599417398,3.096887621753486,3.1987392060866515,3.2067006081417735,3.0336228201528153,2.925120554002713,2.9806543879150578,2.955685341415901,3.0524962688709523,2.9456384787048773,3.0208879180056485,2.996831879028454,2.9937982829432856,2.9199048416828877,2.994295548086029,2.972176954330324,2.996361318667655,3.0179294637834997,3.0053256542731392,2.972756635899508,2.927459991907742,3.017030287131039,3.0999200362670774,2.9441295880007194,2.939352469098257,2.958903861462427,3.014933742854339,3.0458679705802156
13,2.864509889367113,3.026629602431181,2.990412176743283,2.915113599417398,3.096887621753486,3.1987392060866515,3.2067006081417735,3.0336228201528153,2.925120554002713,2.9806543879150578,2.955685341415901,3.0524962688709523,2.9456384787048773,3.0208879180056485,2.996831879028454,2.9937982829432856,2.9199048416828877,2.994295548086029,2.972176954330324,2.996361318667655,3.0179294637834997,3.0053256542731392,2.972756635899508,2.927459991907742,3.017030287131039,3.0999200362670774,2.9441295880007194,2.939352469098257,2.958903861462427,3.014933742854339,3.0458679705802156
14,2.864509889367113,3.026629602431181,2.990412176743283,2.915113599417398,3.096887621753486,3.1987392060866515,3.2067006081417735,3.0336228201528153,2.925120554002713,2.9806543879150578,2.955685341415901,3.0524962688709523,2.9456384787048773,3.0208879180056485,2.996831879028454,2.9937982829432856,2.9199048416828877,2.994295548086029,2.972176954330324,2.996361318667655,3.0179294637834997,3.0053256542731392,2.972756635899508,2.927459991907742,3.017030287131039,3.0999200362670774,2.9441295880007194,2.939352469098257,2.958903861462427,3.014933742854339,3.0458679705802156
15,2.864509889367113,3.026629602431181,2.990412176743283,2.915113599417398,3.096887621753486,3.1987392060866515,3.2067006081417735,3.0336228201528153,2.925120554002713,2.9806543879150578,2.955685341415901,3.0524962688709523,2.9456384787048773,3.0208879180056485,2.996831879028454,2.9937982829432856,2.9199048416828877,2.994295548086029,2.972176954330324,2.996361318667655,3.0179294637834997,3.0053256542731392,2.972756635899508,2.927459991907742,3.017030287131039,3.0999200362670774,2.9441295880007194,2.939352469098257,2.958903861462427,3.014933742854339,3.0458679705802156
16,2.864509889367113,3.026629602431181,2.990412176743283,2.915113599417398,3.096887621753486,3.1987392060866515,3.2067006081417735,3.0336228201528153,2.925120554002713,2.9806543879150578,2.955685341415901,3.0524962688709523,2.9456384787048773,3.0208879180056485,2.996831879028454,2.9937982829432856,2.9199048416828877,2.994295548086029,2.972176954330324,2.996361318667655,3.0179294637834997,3.0053256542731392,2.972756635899508,2.927459991907742,3.017030287131039,3.0999200362670774,2.9441295880007194,2.939352469098257,2.958903861462427,3.014933742854339,3.0458679705802156
17,2.864509889367113,3.026629602431181,2.990412176743283,2.915113599417398,3.096887621753486,3.1987392060866515,3.2067006081417735,3.0336228201528153,2.925120554002713,2.9806543879150578,2.955685341415901,3.0524962688709523,2.9456384787048773,3.0208879180056485,2.996831879028454,2.9937982829432856,2.9199048416828877,2.994295548086029,2.972176954330324,2.996361318667655,3.0179294637834997,3.0053256542731392,2.972756635899508,2.927459991907742,3.017030287131039,3.0999200362670774,2.9441295880007194,2.939352469098257,2.958903861462427,3.014933742854339,3.0458679705802156
18,2.864509889367113,3.026629602431181,2.990412176743283,2.915113599417398,3.096887621753486,3.1987392060866515,3.2067006081417735,3.0336228201528153,2.925120554002713,2.9806543879150578,2.955685341415901,3.0524962688709523,2.9456384787048773,3.0208879180056485,2.996831879028454,2.9937982829432856,2.9199048416828877,2.994295548086029,2.972176954330324,2.996361318667655,3.0179294637834997,3.0053256542731392,2.972756635899508,2.927459991907742,3.017030287131039,3.0999200362670774,2.9441295880007194,2.939352469098257,2.958903861462427,3.014933742854339,3.0458679705802156
19,2.864509889367113,3.026629602431181,2.990412176743283,2.915113599417398,3.096887621753486,3.1987392060866515,3.2067006081417735,3.0336228201528153,2.925120554002713,2.9806543879150578,2.955685341415901,3.0524962688709523,2.9456384787048773,3.0208879180056485,2.996831879028454,2.9937982829432856,2.9199048416828877,2.994295548086029,2.972176954330324,2.996361318667655,3.0179294637834997,3.0053256542731392,2.972756635899508,2.927459991907742,3.017030287131039,3.0999200362670774,2.9441295880007194,2.939352469098257,2.958903861462427,3.014933742854339,3.0458679705802156
20,2.864509889367113,3.026629602431181,2.990412176743283,2.915113599417398,3.096887621753486,3.1987392060866515,3.2067006081417735,3.0336228201528153,2.925120554002713,2.9806543879150578,2.955685341415901,3.0524962688709523,2.9456384787048773,3.0208879180056485,2.996831879028454,2.9937982829432856,2.9199048416828877,2.994295548086029,2.972176954330324,2.996361318667655,3.0179294637834997,3.0053256542731392,2.972756635899508,2.927459991907742,3.017030287131039,3.0999200362670774,2.9441295880007194,2.939352469098257,2.958903861462427,3.014933742854339,3.0458679705802156
21,2.864509889367113,3.026629602431181,2.990412176743283,2.915113599417398,3.096887621753486,3.1987392060866515,3.2067006081417735,3.0336228201528153,2.925120554002713,2.9806543879150578,2.955685341415901,3.0524962688709523,2.9456384787048773,3.0208879180056485,2.996831879028454,2.9937982829432856,2.9199048416828877,2.994295548086029,2.972176954330324,2.996361318667655,3.0179294637834997,3.0053256542731392,2.972756635899508,2.927459991907742,3.017030287131039,3.0999200362670774,2.9441295880007194,2.939352469098257,2.958903861462427,3.014933742854339,3.0458679705802156
22,2.864509889367113,3.026629602431181,2.990412176743283,2.915113599417398,3.096887621753486,3.1987392060866515,3.2067006081417735,3.0336228201528153,2.925120554002713,2.9806543879150578,2.955685341415901,3.0524962688709523,2.9456384787048773,3.0208879180056485,2.996831879028454,2.9937982829432856,2.9199048416828877,2.994295548086029,2.972176954330324,2.996361318667655,3.0179294637834997,3.0053256542731392,2.972756635899508,2.927459991907742,3.017030287131039,3.0999200362670774,2.9441295880007194,2.939352469098257,2.958903861462427,3.014933742854339,3.0458679705802156
23,2.864509889367113,3.026629602431181,2.990412176743283,2.915113599417398,3.096887621753486,3.1987392060866515,3.2067006081417735,3.0336228201528153,2.925120554002713,2.9806543879150578,2.955685341415901,3.0524962688709523,2.9456384787048773,3.0208879180056485,2.996831879028454,2.9937982829432856,2.9199048416828877,2.994295548086029,2.972176954330324,2.996361318667655,3.0179294637834997,3.0053256542731392,2.972756635899508,2.927459991907742,3.017030287131039,3.0999200362670774,2.9441295880007194,2.939352469098257,2.958903861462427,3.014933742854339,3.0458679705802156
24,2.864509889367113,3.026629602431181,2.990412176743283,2.915113599417398,3.096887621753486,3.1987392060866515,3.2067006081417735,3.0336228201528153,2.925120554002713,2.9806543879150578,2.955685341415901,3.0524962688709523,2.9456384787048773,3.0208879180056485,2.996831879028454,2.9937982829432856,2.9199048416828877,2.994295548086029,2.972176954330324,2.996361318667655,3.0179294637834997,3.0053256542731392,2.972756635899508,2.927459991907742,3.017030287131039,3.0999200362670774,2.9441295880007194,2.939352469098257,2.958903861462427,3.014933742854339,3.0458679705802156
25,2.864509889367113,3.026629602431181,2.990412176743283,2.915113599417398,3.096887621753486,3.1987392060866515,3.2067006081417735,3.0336228201528153,2.925120554002713,2.9806543879150578,2.955685341415901,3.0524962688709523,2.9456384787048773,3.0208879180056485,2.996831879028454,2.9937982829432856,2.9199048416828877,2.994295548086029,2.972176954330324,2.996361318667655,3.0179294637834997,3.0053256542731392,2.972756635899508,2.927459991907742,3.017030287131039,3.0999200362670774,2.9441295880007194,2.939352469098257,2.958903861462427,3.014933742854339,3.0458679705802156
26,2.864509889367113,3.026629602431181,2.990412176743283,2.915113599417398,3.096887621753486,3.1987392060866515,3.2067006081417735,3.0336228201528153,2.925120554002713,2.9806543879150578,2.955685341415901,3.0524962688709523,2.9456384787048773,3.0208879180056485,2.996831879028454,2.9937982829432856,2.9199048416828877,2.994295548086029,2.972176954330324,2.996361318667655,3.0179294637834997,3.0053256542731392,2.972756635899508,2.927459991907742,3.017030287131039,3.0999200362670774,2.9441295880007194,2.939352469098257,2.958903861462427,3.014933742854339,3.0458679705802156
27,2.864509889367113,3.026629602431181,2.990412176743283,2.915113599417398,3.096887621753486,3.1987392060866515,3.2067006081417735,3.0336228201528153,2.925120554002713,2.9806543879150578,2.955685341415901,3.0524962688709523,2.9456384787048773,3.0208879180056485,2.996831879028454,2.9937982829432856,2.9199048416828877,2.994295548086029,2.972176954330324,2.996361318667655,3.0179294637834997,3.0053256542731392,2.972756635899508,2.927459991907742,3.017030287131039,3.0999200362670774,2.9441295880007194,2.939352469098257,2.958903861462427,3.014933742854339,3.0458679705802156
28,2.864509889367113,3.026629602431181,2.990412176743283,2.915113599417398,3.096887621753486,3.1987392060866515,3.2067006081417735,3.0336228201528153,2.925120554002713,2.9806543879150578,2.955685341415901,3.0524962688709523,2.9456384787048773,3.0208879180056485,2.996831879028454,2.9937982829432856,2.9199048416828877,2.994295548086029,2.972176954330324,2.996361318667655,3.0179294637834997,3.0053256542731392,2.972756635899508,2.927459991907742,3.017030287131039,3.0999200362670774,2.9441295880007194,2.939352469098257,2.958903861462427,3.014933742854339,3.0458679705802156
29,2.864509889367113,3.026629602431181,2.990412176743283,2.915113599417398,3.096887621753486,3.1987392060866515,3.2067006081417735,3.0336228201528153,2.925120554002713,2.9806543879150578,2.955685341415901,3.0524962688709523,2.9456384787048773,3.0208879180056485,2.996831879028454,2.9937982829432856,2.9199048416828877,2.994295548086029,2.972176954330324,2.996361318667655,3.0179294637834997,3.0053256542731392,2.972756635899508,2.927459991907742,3.017030287131039,3.0999200362670774,2.9441295880007194,2.939352469098257,2.958903861462427,3.014933742854339,3.0458679705802156
30,2.864509889367113,3.026629602431181,2.990412176743283,2.915113599417398,3.096887621753486,3.1987392060866515,3.2067006081417735,3.0336228201528153,2.925120554002713,2.9806543879150578,2.955685341415901,3.0524962688709523,2.9456384787048773,3.0208879180056485,2.996831879028454,2.9937982829432856,2.9199048416828877,2.994295548086029,2.972176954330324,2.996361318667655,3.0179294637834997,3.0053256542731392,2.972756635899508,2.927459991907742,3.017030287131039,3.0999200362670774,2.9441295880007194,2.939352469098257,2.958903861462427,3.014933742854339,3.0458679705802156
31,2.864509889367113,3.026629602431181,2.990412176743283,2.915113599417398,3.096887621753486,3.1987392060866515,3.2067006081417735,3.0336228201528153,2.925120554002713,2.9806543879150578,2.955685341415901,3.0524962688709523,2.9456384787048773,3.0208879180056485,2.996831879028454,2.9937982829432856,2.9199048416828877,2.994295548086029,2.972176954330324,2.996361318667655,3.0179294637834997,3.0053256542731392,2.972756635899508,2.927459991907742,3.017030287131039,3.0999200362670774,2.9441295880007194,2.939352469098257,2.958903861462427,3.014933742854339,3.0458679705802156
32,2.864509889367113,3.026629602431181,2.990412176743283,2.915113599417398,3.096887621753486,3.1987392060866515,3.2067006081417735,3.0336228201528153,2.925120554002713,2.9806543879150578,2.955685341415901,3.0524962688709523,2.9456384787048773,3.0208879180056485,2.996831879028454,2.9937982829432856,2.9199048416828877,2.994295548086029,2.972176954330324,2.996361318667655,3.0179294637834997,3.0053256542731392,2.972756635899508,2.927459991907742,3.017030287131039,3.0999200362670774,2.9441295880007194,2.939352469098257,2.958903861462427,3.014933742854339,3.0458679705802156
33,2.864509889367113,3.026629602431181,2.990412176743283,2.915113599417398,3.096887621753486,3.1987392060866515,3.2067006081417735,3.0336228201528153,2.925120554002713,2.9806543879150578,2.955685341415901,3.0524962688709523,2.9456384787048773,3.0208879180056485,2.996831879028454,2.9937982829432856,2.9199048416828877,2.994295548086029,2.972176954330324,2.996361318667655,3.0179294637834997,3.0053256542731392,2.972756635899508,2.927459991907742,3.017030287131039,3.0999200362670774,2.9441295880007194,2.939352469098257,2.958903861462427,3.014933742854339,3.0458679705802156
34,2.864509889367113,3.026629602431181,2.990412176743283,2.915113599417398,3.096887621753486,3.1987392060866515,3.2067006081417735,3.0336228201528153,2.925120554002713,2.9806543879150578,2.955685341415901,3.0524962688709523,2.9456384787048773,3.0208879180056485,2.996831879028454,2.9937982829432856,2.9199048416828877,2.994295548086029,2.972176954330324,2.996361318667655,3.0179294637834997,3.0053256542731392,2.972756635899508,2.927459991907742,3.017030287131039,3.0999200362670774,2.9441295880007194,2.939352469098257,2.958903861462427,3.014933742854339,3.0458679705802156
35,2.864509889367113,3.026629602431181,2.990412176743283,2.915113599417398,3.096887621753486,3.1987392060866515,3.2067006081417735,3.0336228201528153,2.925120554002713,2.9806543879150578,2.955685341415901,3.0524962688709523,2.9456384787048773,3.0208879180056485,2.996831879028454,2.9937982829432856,2.9199048416828877,2.994295548086029,2.972176954330324,2.996361318667655,3.0179294637834997,3.0053256542731392,2.972756635899508,2.927459991907742,3.017030287131039,3.0999200362670774,2.9441295880007194,2.939352469098257,2.958903861462427,3.014933742854339,3.0458679705802156
36,2.864509889367113,3.026629602431181,2.990412176743283,2.915113599417398,3.096887621753486,3.1987392060866515,3.2067006081417735,3.0336228201528153,2.925120554002713,2.9806543879150578,2.955685341415901,3.0524962688709523,2.9456384787048773,3.0208879180056485,2.996831879028454,2.9937982829432856,2.9199048416828877,2.994295548086029,2.972176954330324,2.996361318667655,3.0179294637834997,3.0053256542731392,2.972756635899508,2.927459991907742,3.017030287131039,3.0999200362670774,2.9441295880007194,2.939352469098257,2.958903861462427,3.014933742854339,3.0458679705802156
37,2.864509889367113,3.026629602431181,2.990412176743283,2.915113599417398,3.096887621753486,3.1987392060866515,3.2067006081417735,3.0336228201528153,2.925120554002713,2.9806543879150578,2.955685341415901,3.0524962688709523,2.9456384787048773,3.0208879180056485,2.996831879028454,2.9937982829432856,2.9199048416828877,2.994295548086029,2.972176954330324,2.996361318667655,3.0179294637834997,3.0053256542731392,2.972756635899508,2.927459991907742,3.017030287131039,3.0999200362670774,2.9441295880007194,2.939352469098257,2.958903861462427,3.014933742854339,3.0458679705802156
38,2.864509889367113,3.026629602431181,2.990412176743283,2.915113599417398,3.096887621753486,3.1987392060866515,3.2067006081417735,3.0336228201528153,2.925120554002713,2.9806543879150578,2.955685341415901,3.0524962688709523,2.9456384787048773,3.0208879180056485,2.996831879028454,2.9937982829432856,2.9199048416828877,2.994295548086029,2.972176954330324,2.996361318667655,3.0179294637834997,3.0053256542731392,2.972756635899508,2.927459991907742,3.017030287131039,3.0999200362670774,2.9441295880007194,2.939352469098257,2.958903861462427,3.014933742854339,3.0458679705802156
39,2.864509889367113,3.026629602431181,2.990412176743283,2.915113599417398,3.096887621753486,3.1987392060866515,3.2067006081417735,3.0336228201528153,2.925120554002713,2.9806543879150578,2.955685341415901,3.0524962688709523,2.9456384787048773,3.0208879180056485,2.996831879028454,2.9937982829432856,2.9199048416828877,2.994295548086029,2.972176954330324,2.996361318667655,3.0179294637834997,3.0053256542731392,2.972756635899508,2.927459991907742,3.017030287131039,3.0999200362670774,2.9441295880007194,2.939352469098257,2.958903861462427,3.014933742854339,3.0458679705802156
40,2.864509889367113,3.026629602431181,2.990412176743283,2.915113599417398,3.096887621753486,3.1987392060866515,3.2067006081417735,3.0336228201528153,2.925120554002713,2.9806543879150578,2.955685341415901,3.0524962688709523,2.9456384787048773,3.0208879180056485,2.996831879028454,2.9937982829432856,2.9199048416828877,2.994295548086029,2.972176954330324,2.996361318667655,3.0179294637834997,3.0053256542731392,2.972756635899508,2.927459991907742,3.017030287131039,3.0999200362670774,2.9441295880007194,2.939352469098257,2.958903861462427,3.014933742854339,3.0458679705802156
41,2.864509889367113,3.026629602431181,2.990412176743283,2.915113599417398,3.096887621753486,3.1987392060866515,3.2067006081417735,3.0336228201528153,2.925120554002713,2.9806543879150578,2.955685341415901,3.0524962688709523,2.9456384787048773,3.0208879180056485,2.996831879028454,2.9937982829432856,2.9199048416828877,2.994295548086029,2.972176954330324,2.996361318667655,3.0179294637834997,3.0053256542731392,2.972756635899508,2.927459991907742,3.017030287131039,3.0999200362670774,2.9441295880007194,2.939352469098257,2.958903861462427,3.014933742854339,3.0458679705802156
42,2.864509889367113,3.026629602431181,2.990412176743283,2.915113599417398,3.096887621753486,3.1987392060866515,3.2067006081417735,3.0336228201528153,2.925120554002713,2.9806543879150578,2.955685341415901,3.0524962688709523,2.9456384787048773,3.0208879180056485,2.996831879028454,2.9937982829432856,2.9199048416828877,2.994295548086029,2.972176954330324,2.996361318667655,3.0179294637834997,3.0053256542731392,2.972756635899508,2.927459991907742,3.017030287131039,3.0999200362670774,2.9441295880007194,2.939352469098257,2.958903861462427,3.014933742854339,3.0458679705802156
43,2.864509889367113,3.026629602431181,2.990412176743283,2.915113599417398,3.096887621753486,3.1987392060866515,3.2067006081417735,3.0336228201528153,2.925120554002713,2.9806543879150578,2.955685341415901,3.0524962688709523,2.9456384787048773,3.0208879180056485,2.996831879028454,2.9937982829432856,2.9199048416828877,2.994295548086029,2.972176954330324,2.996361318667655,3.0179294637834997,3.0053256542731392,2.972756635899508,2.927459991907742,3.017030287131039,3.0999200362670774,2.9441295880007194,2.939352469098257,2.958903861462427,3.014933742854339,3.0458679705802156
44,2.864509889367113,3.026629602431181,2.990412176743283,2.915113599417398,3.096887621753486,3.1987392060866515,3.2067006081417735,3.0336228201528153,2.925120554002713,2.9806543879150578,2.955685341415901,3.0524962688709523,2.9456384787048773,3.0208879180056485,2.996831879028454,2.9937982829432856,2.9199048416828877,2.994295548086029,2.972176954330324,2.996361318667655,3.0179294637834997,3.0053256542731392,2.972756635899508,2.927459991907742,3.017030287131039,3.0999200362670774,2.9441295880007194,2.939352469098257,2.958903861462427,3.014933742854339,3.0458679705802156
45,2.864509889367113,3.026629602431181,2.990412176743283,2.915113599417398,3.096887621753486,3.1987392060866515,3.2067006081417735,3.0336228201528153,2.925120554002713,2.9806543879150578,2.955685341415901,3.0524962688709523,2.9456384787048773,3.0208879180056485,2.996831879028454,2.9937982829432856,2.9199048416828877,2.994295548086029,2.972176954330324,2.996361318667655,3.0179294637834997,3.0053256542731392,2.972756635899508,2.927459991907742,3.017030287131039,3.0999200362670774,2.9441295880007194,2.939352469098257,2.958903861462427,3.014933742854339,3.0458679705802156
46,2.864509889367113,3.026629602431181,2.990412176743283,2.915113599417398,3.096887621753486,3.1987392060866515,3.2067006081417735,3.0336228201528153,2.925120554002713,2.9806543879150578,2.955685341415901,3.0524962688709523,2.9456384787048773,3.0208879180056485,2.996831879028454,2.9937982829432856,2.9199048416828877,2.994295548086029,2.972176954330324,2.996361318667655,3.0179294637834997,3.0053256542731392,2.972756635899508,2.927459991907742,3.017030287131039,3.0999200362670774,2.9441295880007194,2.939352469098257,2.958903861462427,3.014933742854339,3.0458679705802156
47,2.864509889367113,3.026629602431181,2.990412176743283,2.915113599417398,3.096887621753486,3.1987392060866515,3.2067006081417735,3.0336228201528153,2.925120554002713,2.9806543879150578,2.955685341415901,3.0524962688709523,2.9456384787048773,3.0208879180056485,2.996831879028454,2.9937982829432856,2.9199048416828877,2.994295548086029,2.972176954330324,2.996361318667655,3.0179294637834997,3.0053256542731392,2.972756635899508,2.927459991907742,3.017030287131039,3.0999200362670774,2.9441295880007194,2.939352469098257,2.958903861462427,3.014933742854339,3.0458679705802156
48,2.864509889367113,3.026629602431181,2.990412176743283,2.915113599417398,3.096887621753486,3.1987392060866515,3.2067006081417735,3.0336228201528153,2.925120554002713,2.9806543879150578,2.955685341415901,3.0524962688709523,2.9456384787048773,3.0208879180056485,2.996831879028454,2.9937982829432856,2.9199048416828877,2.994295548086029,2.972176954330324,2.996361318667655,3.0179294637834997,3.0053256542731392,2.972756635899508,2.927459991907742,3.017030287131039,3.0999200362670774,2.9441295880007194,2.939352469098257,2.958903861462427,3.014933742854339,3.0458679705802156
49,2.864509889367113,3.026629602431181,2.990412176743283,2.915113599417398,3.096887621753486,3.1987392060866515,3.2067006081417735,3.0336228201528153,2.925120554002713,2.9806543879150578,2.955685341415901,3.0524962688709523,2.9456384787048773,3.0208879180056485,2.996831879028454,2.9937982829432856,2.9199048416828877,2.994295548086029,2.972176954330324,2.996361318667655,3.0179294637834997,3.0053256542731392,2.972756635899508,2.927459991907742,3.017030287131039,3.0999200362670774,2.9441295880007194,2.939352469098257,2.958903861462427,3.014933742854339,3.0458679705802156
50,2.864509889367113,3.026629602431181,2.990412176743283,2.915113599417398,3.096887621753486,3.1987392060866515,3.2067006081417735,3.0336228201528153,2.925120554002713,2.9806543879150578,2.955685341415901,3.0524962688709523,2.9456384787048773,3.0208879180056485,2.996831879028454,2.9937982829432856,2.9199048416828877,2.994295548086029,2.972176954330324,2.996361318667655,3.0179294637834997,3.0053256542731392,2.972756635899508,2.927459991907742,3.017030287131039,3.0999200362670774,2.9441295880007194,2.939352469098257,2.958903861462427,3.014933742854339,3.0458679705802156
51,2.869096219350072,3.021610394154001,2.985481579294572,2.9103880317091244,3.0917148828789145,3.1933873395606915,3.2013369036721535,3.028587184200325,2.9203661699660217,2.9757629619780785,2.9605378821642967,3.057585960178672,2.950463755049385,3.0259053301243517,3.0017909405572714,2.9987498246498365,2.9246579342322123,2.9992483427735017,2.977073237332161,3.001319249115335,3.022939914366278,3.0103057318001394,2.9776544756088077,2.9322346478557177,3.0220386572254947,3.1051090902090155,2.948950762549389,2.944160448773191,2.963765085344544,3.0199366066528945,3.040804370426952
52,2.8741871017320855,3.015896776936213,2.9798784125217046,2.905031434932456,3.0858994668555804,3.187381524700416,3.195314666531219,3.022908256937625,2.914891269683702,2.9799356515458526,2.965911588386228,3.063383980063826,2.955942567163767,3.0317011956576945,3.0075091224680963,3.0043994506387763,2.930036430503895,3.004877639065889,2.982646365074509,3.006982922298261,3.028695986413847,3.015984147806684,2.9832041034189256,2.9376268022671566,3.0277081496223097,3.1110105110738644,2.9543947712691314,2.9495856373592786,2.96926387105795,3.0257189071756856,3.0351524667434915
53,2.8795120204726743,3.009818009458583,2.9739123725229817,2.8993305007996337,3.0797394363224626,3.1810305179363927,3.1889461167146447,3.016890523370018,2.909347996502552,2.984876899808963,2.9716452505195945,3.0695471251741107,2.961807390033652,3.037670425421749,3.0135514343298393,3.010442456581921,2.9357635315099913,3.0108912155548957,2.9886095209086454,3.0130495843668674,3.0347989205753683,3.022069277428403,2.9891401233424224,2.9433828630624985,3.033776267541394,3.117337638281923,2.9602088679391114,2.955375961240271,2.975148675697463,3.0267344167365664,3.0292295634133617
54,2.8850053741510866,3.0038339535350334,2.9679019934217385,2.89348711413724,3.0733388346197255,3.174435462427311,3.182333127930752,3.0106417277585984,2.9060864919147793,2.9902193167629103,2.9776549291217282,3.0743917450085205,2.9679226702767916,3.041307778081517,3.0189011668381283,3.016729429150505,2.9417409438648408,3.017167860814128,2.9948231679942534,3.0192291242932425,3.0400626472952696,3.028282349361546,2.9953380686621744,2.9494075150292907,3.040096928823891,3.123615825614682,2.966294369530685,2.9614383133912012,2.9812931486150758,3.0235476092744085,3.0231330731260844
55,2.8906583287605656,2.9995491890935533,2.962865874223958,2.887999605053987,3.0667677705673144,3.167652822696355,3.175532551671285,3.0042412357847668,2.9069513722415445,2.995855263168938,2.9838836065401373,3.0754375041666893,2.9741573482262327,3.04101676895885,3.0219700712715087,3.0231432835468026,2.9479119552798414,3.023619422556254,3.0011457526582053,3.0247362893839522,3.0416122319793253,3.033780099655065,3.0016057409290493,2.9555955088312116,3.0462798288431836,3.1275625946985386,2.972498031069046,2.9676519673987185,2.9874264689446792,3.0191718952255497,3.016900323166591
56,2.896463327307302,2.998733743234893,2.9607400470950327,2.884118287353313,3.0600992498449053,3.1607290663741745,3.1685903409809835,2.997775561913662,2.910006568613496,3.001730276275833,2.9902833567401093,3.0740075090808046,2.9805018147673605,3.0387426959229993,3.022974453789934,3.029640950459683,2.9542410211200094,3.0301629898714215,3.007357119508339,3.0281428794526826,3.039766342874205,3.036862625241311,3.0075427099534617,2.9617544194357874,3.0512370541110396,3.1271337704590603,2.9784638192322355,2.973742479039035,2.992745446409553,3.0142046254179724,3.0105563192787246
57,2.902442659919239,3.000583814693438,2.9616110514610696,2.882956963610736,3.053415676836952,3.153706834546756,3.1615481879679583,2.991354157840137,2.9141524157080965,3.0078164422691094,2.9968274317038004,3.0715167320029635,2.9869841550725313,3.035698402600239,3.0230429417831743,3.0362059572078346,2.9607055281455477,3.0366965950861453,3.0131898448140153,3.0288809255095686,3.0362105573914326,3.0370321021237205,3.012542642471594,2.9675927897495145,3.0535755173653047,3.124145555175741,2.983536961995693,2.9792119691283507,2.995988589078935,3.0088190001286934,3.0040986562542744
58,2.9085979553532337,3.0039472871438813,2.964342321812448,2.8841272545418937,3.0467903098044067,3.1466214630255496,3.1544412713117347,2.9851022195254187,2.918964946873065,3.0141104741158204,3.00350383061207,3.068710978200962,2.993602618864073,3.0327984304853013,3.0229190403396906,3.042774265632909,2.9672831831293,3.0430606039687973,3.0183948050913205,3.0277392894632724,3.0317033784418843,3.0352128141576626,3.0161956158324097,2.9728477104461817,3.0533201646747172,3.1198352857688585,2.9871126055174204,2.983536905739052,2.996794521280093,3.003072785957582,2.9975266134273313
59,2.914908213800775,3.008228926704364,2.9682120111532284,2.8868425070314188,3.0402808273500415,3.1395002778692866,3.147297624437016,2.9791567261513867,2.9242554285505515,3.020609657560651,3.0103014841577167,3.0657538789820125,3.0003391847335634,3.030575075593114,3.022636408285313,3.049105596530275,2.973936035479429,3.048965007251604,3.0228320135769478,3.0256012565581454,3.026672728451445,3.032251300502246,3.0186021712943045,2.9774526440841442,3.0512804642870313,3.1147135552117735,2.9890884706032548,2.98653634514305,2.9957801392998142,2.9970251854222685,2.9908534353014575
60,2.9213204854038475,3.013080811311032,2.972838632783255,2.890581141427095,3.033936636867839,3.1323662192317636,3.140142111132122,2.973669821926566,2.9299217441137766,3.0272956824859127,3.0171769159304143,3.062234909711917,3.007129463811386,3.0287883818392647,3.021549455221487,3.054526686179136,2.9805882588690285,3.053936151139539,3.026535281668621,3.023346594327073,3.0216374213846517,3.0288301443449233,3.020234665725509,2.9815763442847167,3.0481052775755972,3.1090393147630646,2.9897814576601824,2.9884431347046263,2.9936441668170204,2.990773991416547,2.9841163162164
61,2.927739775087073,3.0181997963703333,2.977993074114103,2.895040851768882,3.027803269803522,3.1252408427800216,3.132998974071235,2.9688090131835105,2.935897502896303,3.034122580411484,3.024015306255368,3.057803625207603,3.013802170379818,3.0268145937728472,3.019104115117754,3.0579813716274917,2.9871100042396206,3.0573571965953468,3.029561332535593,3.021998065253889,3.0174583016259096,3.0257238056020834,3.0216684833832717,2.9854981085656047,3.044229540566742,3.102987233516875,2.9896462233622287,2.9896914522688083,2.9909800737740855,2.984489549616929,2.9773809452570568
62,2.934014717076656,3.023181644922529,2.983504711056649,2.9000348433881253,3.0219188238103283,3.1181445674926183,3.1258909916232662,2.9647291352331413,2.9421316034763274,3.040997232324248,3.03058385343303,3.052633411805054,3.0200580320939103,3.0242515861584094,3.0154824183965965,3.058996752011808,2.9933190866502426,3.0587529846989505,3.031754327233204,3.0221295931191507,3.0149598218403675,3.0237103279474775,3.023369191381841,2.9894596348206464,3.039972315840825,3.0967013449406857,2.9891528205933655,2.990779367342797,2.9884150511683485,2.978470567315943,2.9707425037453286
63,2.9399134214410445,3.027429222528559,2.9892152698637955,2.9054357534096966,3.01631758488457,3.1110987774651218,3.118842687052565,2.9615579548068,2.9485781314178436,3.0477707295631955,3.036542489301081,3.046943409192875,3.025655112495659,3.021556808165025,3.011311590596253,3.0581105923583776,2.999059495055973,3.058219786543277,3.0328569547689503,3.0235668838535736,3.014264915871349,3.0231149456579094,3.0255456899793187,2.9935856489692916,3.035576841589874,3.0903091177419215,2.988745370335986,2.992192449147117,2.986681848921143,2.9731787021252343,2.964330503310299
64,2.9451270133131024,3.0302650315318536,2.9949596315484897,2.9111492832806514,3.01103767100442,3.10412767387991,3.1118815298569573,2.9593763040468453,2.955192102939293,3.054231844445128,3.0414948530500188,3.0408376736500387,3.030521067144181,3.0200577268150828,3.0080001812323625,3.055995174337672,3.0042561089778683,3.056165389084579,3.032682171568085,3.025834266017445,3.0149784224622467,3.023743167042121,3.028144215404558,2.997879351574466,3.031212247309631,3.0839173389436065,2.988780312788734,2.994274715943712,2.986352451034713,2.969128848155024,2.958303381079222
65,2.9493429821217565,3.0312915908675904,3.000571548767281,2.917104287532113,3.006127312526109,3.0972598422921247,3.1050378929436957,2.9582130623558878,2.961928831447812,3.0601191559398027,3.045111426697816,3.034401511889446,3.034663148621581,3.0207222059964938,3.007292175373174,3.053181722444525,3.008938725329469,3.053021947287555,3.0313354363199743,3.028482751075783,3.0166575100113127,3.025225204731101,3.030951522946387,3.002258759367944,3.026978935870981,3.0776036163687435,2.9894534350510016,2.997125904721189,2.9875045747393254,2.9666305397399633,2.9528148443239153
66,2.952350297856425,3.030581918541856,3.0059080170477697,2.923249290127428,3.001654103659324,3.090530851542246,3.09834718439855,2.958060213999034,2.9687481015644774,3.0651806904624372,3.047265411511378,3.027726321777361,3.0380352083256303,3.0230867247589917,3.0089035725131765,3.050080847883068,3.013217750414869,3.0491709751581046,3.029189027159579,3.0311982401705704,3.0189608685744416,3.0272133353947175,3.0336935504632523,3.006607477493917,3.022940700267355,3.071420102254665,2.9907936135320226,3.000658990868102,2.9898747032001065,2.965648931671955,2.947971993479749
67,2.9540848384777174,3.0284478597271405,3.010860509873319,2.9295470988613466,2.997702939937373,3.0839829365571108,3.0918501762360675,2.958874340490439,2.975614655472373,3.069242207202155,3.0480493965487123,3.020943594106335,3.040582252575948,3.0265420321765655,3.012039165325628,3.0470370455039237,3.0172433203845106,3.044971166806228,3.0267481208979996,3.0337972729074374,3.0216187292667156,3.0293864424905337,3.0360764497864743,3.0107993581833075,3.0191422557068,3.065401161989149,2.9927119171342222,3.0046998858023874,2.993137605025054,2.9659342092606225,2.943816772012639
68,2.954608563969342,3.0252100346511757,3.015351036974582,2.9359679544213444,2.994358900057761,3.077661180546867,3.0855894560612995,2.960578973718271,2.9824960225489723,3.0722385343043124,3.0476873887870113,3.014291232564008,3.04230962745739,3.0306148496467706,3.016182450139401,3.044324745242918,3.021160809221635,3.040794591559001,3.0246083306238316,3.0361825998904264,3.0243994520524415,3.0314438798497614,3.037836762306661,3.0147161876074007,3.0156192992883994,3.059568447282683,2.9950547835781633,3.0090285205246676,2.9969894306002214,2.9671818713274387,2.940326601412936
69,2.9540571313407487,3.021127781361206,3.0193250480585903,2.942484578490882,2.991691760108253,3.0716108780712608,3.0796065698479818,2.963080192508648,2.989363292260851,3.0742097636620187,3.0464593129266473,3.0082312992896276,3.0433207728563754,3.034851884681503,3.0209819597932555,3.0421040073362127,3.0250747739467085,3.037019847847117,3.0233529388853504,3.0382978441519706,3.027104164058012,3.033139417686013,3.038810095628595,3.018276132805746,3.0124193729341204,3.0539384225092814,2.997640499449488,3.0133770425024435,3.0011242206805537,2.9690930858358886,2.937426633503419
70,2.952592491965814,3.016402102024003,3.0227451322172847,2.9490689900299634,2.9897454885190076,3.0658751107444435,3.0739408084117366,2.9662801526934377,2.996191883166403,3.0752772710789715,3.0446665578649035,3.003532588921475,3.043827153278402,3.038801779795171,3.0261441869751216,3.040424618409713,3.029042570487847,3.033984530625447,3.023362207559365,3.0401441880078455,3.029604617313095,3.0343580449799115,3.039008251029193,3.021482024335439,3.009631392973112,3.04853814339315,3.000293466487169,3.017434124401168,3.0052038486742934,2.9713816579326293,2.9350081531881695
71,2.9503767755098185,3.011192495935685,3.0255874475259943,2.955690410381348,2.988532445348375,3.0604917542437606,3.0686272399026673,2.9700821760149925,3.00295783728301,3.0755953948423906,3.0426027500876063,3.000908298151493,3.044086064137508,3.0420458371233288,3.031365260292721,3.039230311293738,3.0330659789553387,3.031889620139622,3.0246687120797304,3.0417521611052907,3.0318533065042503,3.035132195121232,3.0386031323010125,3.0244303848589684,3.007389300687075,3.0434141224778113,3.002868854460033,3.020877448803226,3.0088551958704404,2.9737664434432993,2.9329441341875686
72,2.9475602811314965,3.005629928696372,3.027839004028124,2.9623141497705814,2.9880345272489026,3.055491645888881,3.063694665837332,2.974394194199828,3.009635468835657,3.0753182051707055,3.0405416675364054,3.0005051543257304,3.0443675907102965,3.0443496866191455,3.036343505118394,3.038425224844505,3.037110174749351,3.0307878463767626,3.0271025648197525,3.043193978421056,3.033888955579171,3.0356255776249803,3.0378789236829955,3.0272918095126693,3.005860290401883,3.0386358073736064,3.0052785978128456,3.0234480459355604,3.0117235616862024,2.9759780541117307,2.9311056551076957
73,2.94427801778374,2.999826250479972,3.029499025096189,2.968902404668932,2.9882114379998037,3.0508990702795873,3.059165893867829,2.979132608976216,3.016199178865511,3.074593119893991,3.0387367089874617,3.0020110985499366,3.0449471420904257,3.045778827154691,3.0408536271049584,3.0379369467987445,3.0411250500716926,3.030623984737434,3.0304391402491033,3.044567451757528,3.035810588759241,3.0360813636998993,3.0371777251579086,3.0302647793297526,3.005206445716543,3.0342921260732045,3.007507764644235,3.0250237677452807,3.0135669322463547,2.9777868029403725,2.9293776069311184
74,2.9406516434865626,2.9938823873127136,3.030582269462445,2.9754162792995107,2.989010885692119,3.0467336430218905,3.055060540994117,2.98422619671899,3.0226288280425155,3.073574493621831,3.0374303754583014,3.005029464393721,3.046121140673943,3.0467445003809566,3.044877535813703,3.037796030528189,3.045079482074919,3.031306056662962,3.034475222770439,3.0459886781381624,3.0377433324197645,3.036758295774111,3.036840966237178,3.033523672845849,3.0055348762162972,3.0304831635077156,3.00961659669119,3.025638267583743,3.014319989785697,2.9790399949421937,2.927671926594094
75,2.936790437430838,2.987892996068444,3.031119839110069,2.981818116367024,2.9903769811203462,3.043012258606609,3.05139743012575,2.9896169745587073,3.0289121887579586,3.072422109828217,3.0368268435314683,3.0092177959982394,3.048117283169057,3.047825029365037,3.0485766002984893,3.0381210285835905,3.0489682405171625,3.032734913843123,3.039036359040028,3.0475613707383857,3.0397992159699294,3.0378638220221315,3.0371347886206417,3.0371797137496204,3.0068686563641216,3.02730767450317,3.01172732602639,3.0254449175125164,3.0140767882602653,2.979681724232475,2.9259334115284963
76,2.9327950350910346,2.981953701441661,3.031169412455811,2.9880793820898788,2.9922637294142076,3.0397555514715817,3.048200767921304,2.9952661016199826,3.0350539284272102,3.0713163422218153,3.037084597837511,3.0143205884790554,3.051047582656132,3.049622721970883,3.052228676324107,3.0390981425832755,3.0528257959178813,3.034841590967058,3.0440045764229366,3.0494238656349135,3.0420870413526218,3.03954489770976,3.0382202587124816,3.0412830925431846,3.0091632821050975,3.0248551296362978,3.0140099678594687,3.024676174094783,3.013034070444032,2.979751090581058,2.924142043168222
77,2.9287606627202774,2.976169366430469,3.030826989107042,2.994191321748439,2.9946476561477198,3.0369953803558793,3.0455067610195607,3.001157313851649,3.041080032277378,3.0704541104642447,3.038285338499467,3.0201413776459796,3.054860082142387,3.052404952876592,3.0560360812940988,3.040841775212379,3.05668597240278,3.037555618358521,3.049282642061603,3.0516928677980917,3.044691320639787,3.04187572657506,3.0401523535991966,3.0458414939588367,3.0123409565044916,3.023205433652438,3.0166704765515195,3.0236299739648107,3.011453325183062,2.9793679862511233,2.922311844597957
78,2.9247836290397524,2.9706680001846895,3.030242060497656,3.000175952418635,2.997534980994782,3.0347792635786344,3.0433656845858423,3.0072931206596643,3.047032245595424,3.070019466842563,3.0404099386430943,3.026514012902024,3.059363259165448,3.0559942829666795,3.059970696441595,3.043277347513381,3.0605203687232123,3.040751036578976,3.054721499739627,3.0543501164436613,3.047627886574567,3.04484090408147,3.042892439442178,3.0508326025678656,3.0163119750552343,3.0224259010534684,3.019921978643878,3.022675163038186,3.0096579568974606,2.9787247557708527,2.9204929181633976
79,2.9209700163117764,2.965615560673883,3.029626200829076,3.0060883321049507,3.000953852772776,3.0331645739507334,3.0418314662373893,3.0136775816407386,3.052943878065946,3.070102840429654,3.043310308580365,3.033254213419769,3.064182360354891,3.059680170414817,3.0635649437953916,3.04603120189235,3.064141414355725,3.044152243853802,3.0599489638506165,3.057027192293223,3.0507489873953166,3.0482826169941406,3.046289081527214,3.0561866321306823,3.0209718103622323,3.022550890286597,3.02392125398291,3.022232616248614,3.008040261793775,2.978083367478755,2.9187767932979805
80,2.917441503359102,2.9612158452279074,3.0292318999299273,3.011997370195745,3.004921920026389,3.0321916024632793,3.040929335949291,3.0202835102389667,3.058792597725271,3.070584560641543,3.0466713255514284,3.040064536977557,3.0685523654919438,3.061761160863778,3.065710900588722,3.0483188057699455,3.067129223021455,3.0472369344085264,3.064113831895318,3.058743510530579,3.0536223072273043,3.0518032927433185,3.050009352196855,3.061725895817477,3.0261736286774603,3.023536556481102,3.0286920124945382,3.0226568958599795,3.0070121317991134,2.9777491785215293,2.917293849303375
81,2.9143198413889824,2.957653964743597,3.0292542573817474,3.017934922682741,3.009392293128971,3.0318348732689473,3.0406080256048864,3.0270107851430743,3.0644467664639365,3.0710769530331277,3.0499876664289163,3.0464509662566446,3.0713993637883776,3.0610368698266335,3.065639320226755,3.049359519578884,3.0690656149032467,3.0494291267774654,3.06628065884932,3.058444687212093,3.0555717868631747,3.054686750062018,3.0534206168053273,3.067045669912258,3.031671908125389,3.0252031412324314,3.0340809693771202,3.024019650785817,3.006818392362085,2.9779614341301976,2.9161733193210666
82,2.911684627029887,2.9549965367820357,3.0297035463442183,3.023842103676868,3.014216533685585,3.0319709367625665,3.0407169358353032,3.0336500639164905,3.069646829789003,3.0710245206845608,3.052669990726336,3.0519015420488227,3.072358808268967,3.058348946256121,3.0639755882371746,3.049396504346585,3.0700749455190626,3.050748031435563,3.066646610256857,3.0563481118808236,3.056227223241106,3.0562366601314013,3.0556852087856012,3.071453833761497,3.0370639029503215,3.027224374106209,3.0397319747333915,3.026027959253123,3.007366243506307,2.978751633944891,2.915466963148716
83,2.90954049544192,2.953157603976436,3.030391099435247,3.029562634932386,3.019159966234204,3.032411020948203,3.041050865511626,3.0399060424635818,3.0740926035520437,3.0700089775436816,3.054353749585627,3.0562531907613293,3.071990573757987,3.054980246922318,3.062061322315663,3.049668380083572,3.070862230143402,3.0519445336681374,3.0663310291483254,3.0535196765953367,3.055938543393111,3.0564210394716076,3.0563910974982003,3.074339635259741,3.0418646350344027,3.0292164104641444,3.045067761904814,3.028150787967272,3.008293836044012,2.979931510247088,2.9151062208516327
84,2.907825183185898,2.951952747277258,3.0310086863734225,3.034872490351817,3.0239338385651107,3.0329491111306575,3.041400856025245,3.0454587477549993,3.0775453726418087,3.0678974187790646,3.054990920462567,3.0596670340100163,3.0710900788505375,3.052611104169533,3.061567740766582,3.051504731064761,3.072255439501668,3.053933940591902,3.066687636852687,3.0514764579877407,3.055414970537815,3.0556749903204192,3.0556821280179194,3.0755267731158753,3.045672092611734,3.030834556811408,3.04938182898577,3.029765373524155,3.009125454452451,2.9811877613288202,2.9149306194426163
85,2.9064499194890696,2.951189314016869,3.03126295602745,3.0395546812022594,3.028264766034956,3.033412870970895,3.0416007145757535,3.0500530325411095,3.079881621247252,3.064737859324533,3.0546279265348146,3.062255187981963,3.070059460923087,3.0519895648866338,3.062872592703642,3.054907707582676,3.0744886458374117,3.0569410481577517,3.0682657400722952,3.051100893274291,3.0551705124142807,3.0544108715983116,3.0538716945927007,3.075186767565608,3.048309580718083,3.0318696921323944,3.052193947470054,3.030417754582415,3.0094706179949595,2.9822258718145234,2.914763585449797
86,2.905321852501661,2.950707013797373,3.030956594432987,3.0434583489509404,3.031953030453084,3.033686634481049,3.0415455465010863,3.053553672693419,3.0810900332525346,3.060645598985445,3.0532784123696795,3.063920369142072,3.068666289455147,3.0522919159726065,3.0650858213680623,3.0590788176673915,3.077088371035337,3.060454685423655,3.070518031065385,3.0518765192281703,3.0551827993055154,3.0527790013242986,3.0512051693962277,3.0735925830276853,3.0498067057242393,3.0322666563040936,3.0534432394557403,3.0299773297387755,3.0091451145103267,2.9828594040295893,2.9144607913794642
87,2.9043296312273865,2.9503542874934787,3.0299687991257676,3.0464983805825483,3.0348783626809137,3.0337058324165707,3.0411884985658206,3.0559587419480656,3.081266477724849,3.055798907171395,3.051028314316601,3.064565580388133,3.0665068139906384,3.052299416517797,3.066970530755506,3.062872256471073,3.0792504212449368,3.0636105216075666,3.072433755838136,3.0528263884004696,3.055138273638986,3.0507945501895692,3.0478873709238377,3.0710283222463994,3.0503131177632605,3.032073839550781,3.0533184901302346,3.028521838872665,3.0081089135470043,2.9829734861546635,2.9138901810621856
88,2.9033175956885233,2.9499476605221444,3.028207231393477,3.0486310828227534,3.036982964654076,3.0334465864567752,3.04053586976062,3.0573958379654096,3.080619537480384,3.0504869180222354,3.048191983931316,3.06441806919656,3.063676327018235,3.0515775503649083,3.0678600788272186,3.065507330130987,3.0804927669857096,3.0658464186398207,3.0734181628988466,3.0534414976551343,3.054970077283116,3.048652889065884,3.0442108244862345,3.067806543043691,3.050045943116384,3.0313908484722654,3.052060640481563,3.026169295907433,3.0063378034296506,2.9824302569836245,2.912880443623548
89,2.9020906937421556,2.949273619595404,3.025608995943017,3.049849047501221,3.0382649212943873,3.0329204009878663,3.0396407013953506,3.0580916494844694,3.0794488401915165,3.045153325679437,3.04535445871426,3.064078718778555,3.0609234573857553,3.0509311648020976,3.0682288933384845,3.0672823929759554,3.08102081775096,3.067366478684677,3.07380300150224,3.0541187552075164,3.055078148667925,3.0468547842438274,3.04061029955328,3.0642747778074004,3.049250843713614,3.0303321225009747,3.0498778802263855,3.0230042278948823,3.003770133546846,2.9810411482043113,2.911215755976999
90,2.900460353690517,2.9481437832350714,3.0221787803433537,3.0501928335621047,3.0387756855102497,3.0321644196224584,3.038579191445785,3.058293972219337,3.078059020674513,3.0403078485451465,3.0431586810962834,3.0641828260116837,3.0591682432274716,3.0514216609874447,3.0688358536243854,3.0688030137831213,3.0812429698912305,3.0686027902013326,3.07414851112755,3.055419371210136,3.0558795728338373,3.045868398453728,3.037485161642864,3.0607287924114903,3.0481337389904897,3.0289940684809222,3.0469321988776112,3.0190923131583802,3.0003581211698305,2.9786521861750144,2.908708266450689
91,2.898287647727533,2.9464444025042007,3.017999276860774,3.049755416602543,3.0386148319563984,3.0312337511168033,3.0374315595447645,3.058218092055361,3.0766905069602197,3.03633419738308,3.041983538325413,3.0650468857531963,3.058762472840235,3.0532668485745007,3.0699304594917334,3.07027857162542,3.081319517953439,3.069700097903349,3.074606803846437,3.057360048310806,3.057396672659938,3.0457842061988583,3.0349965182445544,3.057337753176447,3.0468285838685967,3.0274471678363453,3.0433589261177785,3.0145115034216614,2.996116415553854,2.975215911711155,2.9052610178178035
92,2.8954895964216525,2.9441321912580802,3.013193052986133,3.0486583257465725,3.037903221685501,3.0301864402672924,3.0362640682489928,3.058017062282111,3.0754854200625745,3.033354242088877,3.041825094571088,3.0666085612623695,3.059411916224063,3.0559584232218,3.0711771741201535,3.071454601364869,3.081112421705564,3.0704604530350785,3.074856573714157,3.059412329814126,3.0592756460695014,3.0463205202995605,3.0330198399041937,3.054112635886172,3.0453766571466545,3.0257181212676008,3.0392472801112254,3.0093259836255335,2.9910873104200655,2.970760150262917,2.9008592005711953
93,2.892021503045761,2.941197696413867,3.0078780412801454,3.0470209213956148,3.036754551290075,3.029070650425984,3.0351215587472247,3.057784576918464,3.074504069597864,3.0312923627750026,3.042476734946783,3.068638598188951,3.0606442789880592,3.0588467899966796,3.0720867969292076,3.071972550763488,3.0804202190319607,3.070605356480502,3.0744483631042154,3.0608396119267907,3.0610016871226122,3.0470126281426166,3.031235400966174,3.0509198494319967,3.043710778113489,3.023759929561009,3.0345960352854577,3.003538962572324,2.9852883725320774,2.965332704520834,2.895537141481415
94,2.887875442371435,2.937666523273207,3.002179094752411,3.0449734880491377,3.0352935249135538,3.027938301952896,3.03404512183412,3.0575937588912425,3.0737745800439433,3.0300088159258634,3.0437039311558087,3.070908521167521,3.0620601424705916,3.0614026478541168,3.072324935968333,3.071633409094714,3.0791340132445972,3.0699640137857758,3.073079845629398,3.0610345249722317,3.0620784302212813,3.047366512936079,3.0292573288094164,3.047547227818691,3.0416849457882,3.0214596359984687,3.0293280939984397,2.9971055620451104,2.9787201858750247,2.958994323463525,2.8893622275983692
95,2.88306709382191,2.933581567958141,2.9962227768300567,3.0426582811435,3.0336655118759435,3.026857906257435,3.033094416789685,3.0575520849702866,3.073365338499209,3.0294624228592966,3.0454308621952437,3.0733956501098447,3.0636406071389697,3.0636912856408065,3.0720783355085772,3.0706526873886064,3.0773842362288666,3.068630634000041,3.0707807919263326,3.059823072349623,3.062179949078323,3.046947473303172,3.026686570732779,3.0437199310577423,3.039061273544246,3.018612269937692,3.0232933446516768,2.9899551324655746,2.9713929001959176,2.9518312601963554,2.8824310583112567
96,2.8776348941274597,2.929003293559036,2.9901450076399785,3.0402335082647878,3.0320401508400705,3.0259165937377013,3.0323516276923494,3.057812868252235,3.0734026414071858,3.0297410752420078,3.047771115249267,3.076317741987449,3.0657818709166227,3.066394832570448,3.072024140744956,3.0695891508681754,3.0754873965366034,3.066864749947335,3.0677296636226434,3.0572330081903005,3.0610438760672385,3.045301205040611,3.023078296222896,3.0390812047035656,3.0354910610746266,3.014907406238045,3.0163560023924774,2.982087226036226,2.963393870115231,2.9439813825916765,2.874868886128911
97,2.871642373888591,2.9240262367115237,2.984126100990715,3.0378983392250323,3.0306370163878444,3.025233976074946,3.0319342793236523,3.0585892208327117,3.074076531511948,3.031038924793652,3.0509641998691692,3.080022384018727,3.0690319514272346,3.070299891773365,3.07295839385578,3.069026749619589,3.0737141094540466,3.0648028832591407,3.0638995844997297,3.05314157785672,3.0582950558876973,3.0419424193644646,3.018055242808338,3.033302842133515,3.0306275022456406,3.0100246245481115,3.0085636862166005,2.9736562185808477,2.9549066599387777,2.935623304378943,2.8668147108267377
98,2.8651764865302796,2.9187940300978594,2.9784247303632556,3.035903251067412,3.0297243894277814,3.024955266109533,3.0319828325253244,3.060116535635972,3.0755950819074878,3.0335482501883404,3.055231352269423,3.084798467435997,3.073720134146588,3.075715292777703,3.0753391183158656,3.069227304834513,3.072045572354151,3.0621853504320082,3.058886718183312,3.047391609224296,3.0536095239392607,3.0366869694375636,3.0116089495265244,3.026331055449892,3.0243734052196922,3.0038392366750473,3.000164072383602,2.9648930723448084,2.946127996808712,2.9269238566249864,2.858395038540603
99,2.8583435860062902,2.913505299797661,2.9733875519895756,3.034528357134539,3.029575988899151,3.025221018191166,3.0326235619664383,3.062571957089716,3.0780997381151223,3.0373232822320904,3.060630292480587,3.0907195439262507,3.0797889653011596,3.0824528407942666,3.079092957202505,3.069936390576041,3.070061041267417,3.0583894137041754,3.052426405511667,3.0403223063174827,3.047245270950061,3.029956773965651,3.0041359782190664,3.0184572262971625,3.0169939683432463,2.996544976332203,2.9914127849880954,2.9559592015636063,2.937179725730789,2.917992044628754,2.8497018635911187
100,2.8512638891385897,2.9084119944339797,2.9694167607403514,3.034036665898142,3.030405624029034,3.026128150687813,3.0339221365109124,3.0659946030047136,3.081582699487924,3.042207333699114,3.0670063499160514,3.0976257692938245,3.086940944790079,3.0901569576852044,3.083659363121431,3.070215696976236,3.066984725221235,3.0529454642043325,3.044847951360701,3.0324313845880497,3.039759666073402,3.022273903813074,2.996004574569768,3.0100010224658282,3.008851764370172,2.9884699889889017,2.9824346271401816,2.946898935215431,2.928091058951301,2.9088682866108773,2.840785901852091
101,2.8440739529135075,2.9038283948866113,2.9669078306856465,3.034628966663458,3.0323184091477904,3.0277000891149157,3.035850738615432,3.070265151195845,3.0858718360439434,3.0478688645853005,3.0740480235313603,3.1052157824445836,3.094779198797266,3.0983237752879473,3.0878620769767346,3.068576256200879,3.062190963351104,3.046040176926886,3.036545919833614,3.023960173651325,3.0315094489279737,3.0139244869969826,2.987390374839622,3.001127461748225,3.000180499120378,2.9798546641793626,2.9732492001257906,2.93768671713616,2.9188372697777427,2.8995491922970382,2.8316709222244247
102,2.836935971729161,2.900126421319844,2.9661392181308885,3.036400618144946,3.035290804025287,3.0298726539022396,3.038282816022354,3.0751444868215323,3.090679894206411,3.0538504356378198,3.0813232773947643,3.113093068124231,3.1027595108847854,3.1060068783728902,3.089814254380628,3.064359405796138,3.0557636116143083,3.0380993750483336,3.0276829780583645,3.014984073729254,3.022659430324491,3.0050393665817543,2.978366046752557,2.9919012707016,2.9910949252799424,2.970825051539233,2.963838152788985,2.9282813827332346,2.909383716652561,2.890023480967854,2.8223808070795267
103,2.830051677536942,2.8976876943616436,2.9671770295223494,3.039326991971737,3.0391932421512085,3.0325071806954176,3.0410236632651593,3.0803408452101255,3.0956848291455232,3.059637101275082,3.0883543734619603,3.120846345495321,3.110239835639904,3.111881758488464,3.0884347047309006,3.058169538776842,3.048120513443034,3.02939538428537,3.018318096447783,3.005542091534971,3.0132999488412167,2.9956931801841837,2.9689732544791267,2.982353441285281,2.981653141921934,2.961443516076932,2.954182229279831,2.918654130031664,2.89971323515333,2.880301233119922,2.812964772499863
104,2.823664042900523,2.896775016525429,2.9698685326123164,3.0432872036804706,3.0438391553020003,3.035426670688127,3.0438596166263454,3.085574598926116,3.100599032827578,3.0647544162118416,3.0947333696259687,3.1281654677271264,3.1167057002521315,3.1150650344812765,3.0842895505902628,3.050649645326776,3.0395909274766892,3.0200952409219757,3.0085231567190585,2.9957039062227127,3.003515747619987,2.985950966043012,2.959250692559589,2.972509319065167,2.9718926875889027,2.9517479924250702,2.9442771079842553,2.908802409918368,2.889842958544865,2.8704326755169616,2.8035059725180265
105,2.8179953076188733,2.897389133401019,2.973928684756893,3.048117273340026,3.049045063995685,3.0384618123552807,3.0465964007273865,3.0905963344402174,3.105156984790287,3.068730117590167,3.100038387238272,3.134747345378489,3.121712390469491,3.115359495342972,3.078203186050761,3.0421808095211285,3.030402175017226,3.0103562101372145,2.9984310062076163,2.9855944089017274,2.993410795824255,2.975883967324653,2.949242665703477,2.962397971218562,2.9618473281423965,2.9417739376726937,2.934141984440488,2.898758352390486,2.8798328800565187,2.8605099702412025,2.7940991991596427
106,2.813187238285021,2.8993467220557676,2.9790755693981077,3.053676608793104,3.054687593854881,3.041495799117148,3.049095754848097,3.095218821333451,3.109129352647568,3.0711366235465,3.1038077364653627,3.1401958424337866,3.124719078604898,3.1128776861590612,3.0707166636294723,3.032999165767718,3.020720808803992,3.000334050155474,2.988210870096933,2.9753651117747504,2.9830934965273523,2.965564137143777,2.9389982281927765,2.95205635110606,2.951557390787633,2.931566770956261,2.9238224131149844,2.8885871012547506,2.86977426656257,2.85063123281237,2.7847889782668327
107,2.80932108035233,2.902433695392455,2.985090922891321,3.0598636510458688,3.060684157334537,3.044424822707433,3.0512061748540846,3.0991768978210534,3.1121666528662533,3.0714546084293612,3.1053905281362497,3.143838692708804,3.1250845809045384,3.1079800717168924,3.062196606129734,3.0232658187396453,3.010661669721145,2.9901422149462764,2.9779876733212296,2.965112516270869,2.972630312655225,2.95504654824572,2.928563673509713,2.9415255481755542,2.9410698952978973,2.9211831071552936,2.9133844585817625,2.87837174801764,2.8597536043056846,2.840839414571639,2.775530315613153
108,2.8064428976938007,2.9064803516662665,2.9918328539544112,3.066617138986819,3.0669762971795826,3.047131247850898,3.0527246388068194,3.1020475725909846,3.113735486226325,3.06926391075842,3.1041868062279834,3.144833709455737,3.1225225057673813,3.101218441384762,3.0529068103640298,3.01309860748278,3.0002990032853933,2.979824312870279,2.9677675387392286,2.9548075563583334,2.962017926343817,2.944361938242394,2.9179761340754524,2.930844289710373,2.930434377970453,2.910686518330777,2.9029022677934426,2.8681859023723804,2.849806582329418,2.8310914515227497,2.7662333824799608
109,2.8045882228317995,2.9114103343234663,2.9992704635342617,3.073966609683479,3.0736207190272227,3.049585961730217,3.0535225072782612,3.1034834973993988,3.1134226332344928,3.0647215630386104,3.10029159529929,3.1428773097132305,3.1174588552507125,3.0931194222191793,3.0430301084478977,3.0025867711108583,2.9896792624437856,2.969352156553909,2.957433920606467,2.944337825306624,2.9512332570344615,2.93353489626872,2.9072651125314706,2.9200472766325127,2.9197012768549824,2.9001415397903134,2.892438491575491,2.858059455631593,2.8398950735017983,2.821299925402147,2.756844275985049
110,2.8038090740240436,2.9172335419416218,3.007449326613628,3.0820126538946737,3.0808007451127355,3.051901667261828,3.0536112788249845,3.1033761580384027,3.1111584323001376,3.0583481691332532,3.0943114679123385,3.1384343136582324,3.110593151833746,3.0840545116537874,3.0326868095454604,2.9918012204340134,2.978851133569986,2.958700204322485,2.946890748444844,2.9336662229965884,2.940303394287625,2.9225954093368447,2.8964558618119853,2.9091713743198495,2.9089275965942125,2.889611229758427,2.882030520447124,2.8479731245677185,2.8299512554811392,2.8114146742742405,2.7473673458917247
111,2.804132069310528,2.92396489060122,3.0163957096345126,3.0908415823032893,3.0887359398322713,3.0543326548160703,3.0531524281141253,3.101884099495275,3.1071973052186452,3.0506516059671043,3.086858153204987,3.1322339464200772,3.102523272753823,3.0743126419561446,3.022012887687839,2.980844515087986,2.9678983001459653,2.9478925809162333,2.936142681235612,2.9228431406121933,2.929269138583728,2.9115647752020175,2.885577526081771,2.8982730694566143,2.8981911040608517,2.8791604720072024,2.8716938540622943,2.8378919819684043,2.819940274287219,2.801444094131516,2.7378478869507434
112,2.8055000420698573,2.931559461988396,3.026059353246167,3.100447449795511,3.097531830198166,3.0571771921343536,3.0523734259873123,3.099288017828889,3.1019086802431426,3.0420166852283455,3.078399565264289,3.1249585089350007,3.0938503772485237,3.064358809766699,3.011350390437973,2.9699883820908166,2.9570184404521287,2.9370086825010637,2.9252296197492997,2.911899036140951,2.9181406436957746,2.900465324006789,2.87468976406828,2.8874532695635553,2.887600217204491,2.868854935557078,2.8614356231892124,2.827802032027993,2.809876544097668,2.7914411731351363,2.72837704737839
113,2.807746989627267,2.939911174134655,3.0363441035682452,3.1107455391830365,3.1071409584919625,3.060626055995338,3.0514096299437674,3.095758578021093,3.0955678885650073,3.0327097948073174,3.069279805087043,3.1172206518849586,3.085373066637858,3.055072467663072,3.0014098424905686,2.9597837027180116,2.946586139190683,2.9261882659747376,2.914197784551545,2.90084814922441,2.9069365056437633,2.8893602763083197,2.8639103417077925,2.876861904795141,2.87727659593527,2.8587475225794146,2.8512650057553013,2.817721642171547,2.7998137566578842,2.781495930979685,2.7190519198833782
114,2.8106174604794107,2.948894377998764,3.047156285161326,3.1216325011903088,3.1174462706159436,3.064679599386894,3.050169946354976,3.091191696207436,3.088247687077976,3.0228603924604274,3.059660033129057,3.1093465937761158,3.0777483245759183,3.047348725749761,2.9929648558932525,2.9508347662477017,2.936992901707565,2.9155577388902127,2.9030963245015595,2.889724188902298,2.8957153027108933,2.8783646244746484,2.8533994351755627,2.8666523508888484,2.867306958046472,2.848860152044474,2.841195021225597,2.807692688257579,2.7898234286508115,2.771683991048671,2.7098810231297827
115,2.813863311436589,2.9583990432041283,3.05841687567912,3.1330112898104256,3.1283116819585857,3.0691079447852316,3.048283431561764,3.0853069538966746,3.0799258866139727,3.0125211504306315,3.0495556907809283,3.101255887355898,3.0710497010324715,3.0414434290537358,2.9863001227942956,2.9433621072086398,2.92833020743781,2.905107990931431,2.8919544225826996,2.878573401953611,2.8845618906425226,2.8676123550763277,2.843302092806698,2.8569175835155507,2.8577108505519964,2.8391839768462517,2.831240284521183,2.7977611018686215,2.779956197519775,2.762006521595808,2.700779266358037
116,2.8172664966414853,2.968330782242182,3.070057194273202,3.144792053619168,3.1395935797424377,3.0735293019761647,3.0453053094419427,3.078028463623453,3.070685345623126,3.0017619952431995,3.038990875231823,3.092738302619092,3.0649535316652132,3.0370618516557197,2.981182442389919,2.9371320303623483,2.9203320550049288,2.894707571311282,2.8807805747468382,2.8674419722930438,2.873568011646898,2.8572228014214884,2.833705343205009,2.8476679850792492,2.848451752707501,2.8296971877116057,2.8214165726855267,2.787958984627879,2.770215471354408,2.752400574405581,2.6916586069293644
117,2.8206489094496057,2.978623172270291,3.082019756215252,3.15689540979875,3.151157581733135,3.077568564818656,3.041016402697879,3.0695652010544916,3.0607043860786627,2.990671068488369,3.028048674317847,3.083743686128841,3.0591761216998257,3.033818045932053,2.9772074846544943,2.931724065633778,2.912601864181447,2.8842336862594085,2.869585235633576,2.8563823499674035,2.8628332872863207,2.847293688104872,2.8246379135855464,2.8388586988077202,2.839475841638501,2.8203875986014557,2.811743632956004,2.7782978621308416,2.7605661914329165,2.74279721989786,2.682483426005043
118,2.823867306903054,2.9892378487554376,3.0942600295973555,3.1692564881177168,3.1628967623217483,3.0809764277014513,3.035490759278884,3.060210710231636,3.0501849200252513,2.979357023606476,3.016873110162221,3.074484353776135,3.053809916456482,3.031582264259964,2.974103067780812,2.9268007993945533,2.90485297504497,2.873649484728432,2.858400901664684,2.8454748379180024,2.8524827766822356,2.8379140888137586,2.8160979196132767,2.830435628628683,2.8307497548789895,2.8112677671774344,2.8022464707458994,2.768772297442867,2.7509650828846404,2.7331629510302413,2.673264421240373
119,2.8267868168643675,3.0001550501763656,3.1067452533342053,3.181825825665044,3.17474095020047,3.0836752386187536,3.028975169400227,3.050264426950377,3.0393753498938754,2.9680051262573564,3.0057323356544012,3.065509600220256,3.049450987060796,3.030580203044607,2.971850703267522,2.922241839401625,2.897010035610866,2.862999716304376,2.847303462084678,2.834852778572099,2.8426832350619335,2.8291796710673838,2.808085701929853,2.8223734396660243,2.822280550957479,2.802376031061678,2.792950848651669,2.759368009031206,2.7413849872779688,2.723502095112791,2.6640365487914996
120,2.8292530628342103,3.01136260349264,3.119450183920291,3.1945639857350736,3.1866437149199225,3.08569373641507,3.021749820954228,3.0400437891189815,3.0286132983300567,2.9569196051951083,2.995073081555881,3.057727923265237,3.046950567612021,3.031173029216858,2.9706067301289902,2.9181234286697073,2.889176333746706,2.8523956989635675,2.8364280467744676,2.824705841092359,2.8336300080169345,2.821189021906083,2.8006183153453237,2.8146853623253456,2.814107987401673,2.7937591261695323,2.7838716398992283,2.7500678839375667,2.731820000581263,2.7138403299544165,2.6548371566888562
121,2.8310965628701052,3.0228531525190783,3.1323543509118617,3.2074362418045754,3.198564691848934,3.0870770783055272,3.014051473692208,3.02987151874649,3.018301897524138,2.946477237920745,2.9854178637633355,3.0519938674950033,3.0467410494856075,3.033479608214646,2.970494252040508,2.914593435715363,2.8815472158769375,2.841997150414319,2.8259528577779145,2.815244643199935,2.825505153578322,2.814026766901198,2.793725202299866,2.8074080742999374,2.806278078841814,2.7854471073019624,2.775003212826888,2.7408547545931805,2.7222770732785713,2.7042054382242293,2.6456863589521427
122,2.832184669505498,3.034631325767317,3.1454449061544887,3.2204160527083907,3.210473081122662,3.08786789599276,3.0060584075264623,3.0200415556123996,3.0088335430225506,2.93701531699743,2.9771347435168543,3.048525996803525,3.048547013470804,3.0372538996152705,2.9714490131424265,2.911742579737004,2.8743229799305667,2.8319745841095934,2.8160543864480854,2.806649242828496,2.8184399611738287,2.8077516674253404,2.7874368503501388,2.8005786586192487,2.7988179754365925,2.7774387960746583,2.7663202953155857,2.7317126815287027,2.712765512314827,2.694614283071059,2.6365838201059235
123,2.8324830085013533,3.046715621609003,3.1587204748813096,3.2334947583546896,3.2223716888212577,3.088158913838277,2.997922236802763,3.0108192438832826,3.000539384964819,2.9287552442165183,2.9703091741448526,3.046915758286486,3.051693484025286,3.042015207087461,2.973216011511455,2.9095527083950374,2.8676557312200748,2.822474459531208,2.8068721631995075,2.799042406681803,2.812507405072571,2.802396366253377,2.781775567971178,2.794218970456189,2.791726427953197,2.769704279272224,2.7577863420018045,2.7226276593988614,2.7032915187535966,2.6850715743439286,2.627520194041574
124,2.83208417544019,3.059125326222434,3.172189446239141,3.2466872253038956,3.2343167180615016,3.088151804642591,2.989809028935978,3.002472401409772,2.9936851069490076,2.9217992968439486,2.964791970512166,3.04645394792825,3.055299122195224,3.0471267760899075,2.9754106436999224,2.9079140672248878,2.861637898418553,2.813606702784007,2.798501082083286,2.792493201019338,2.8077343669664385,2.7979714949254886,2.776749909501536,2.7883296618552365,2.784976470236634,2.762194863031964,2.749361436679215,2.7135878402726727,2.6938577776307655,2.6755754866485653,2.6184877548849625
125,2.8312000629763476,3.071861350889874,3.1858623045468724,3.2600272072319854,3.246412341524887,3.0881835197698315,2.981926528564092,2.995295426484197,2.988478923575182,2.916165362541544,2.960311190235879,3.046313709776622,3.0582521630441093,3.0517858785920184,2.977574923209256,2.9066700427849965,2.8563180252264373,2.805450056819256,2.791000894585302,2.787032154055037,2.8041150077134938,2.7944667148099853,2.772349567555743,2.7828880147221686,2.7785204958497256,2.7548510657964007,2.741006093997041,2.704583073269484,2.684464906608962,2.6661229247488594,2.6094841646336384
126,2.8301419828469165,3.0848994998331816,3.19974372622475,3.2735546855541933,3.258778870459992,3.0887166546865386,2.974534714881144,2.9896015643938165,2.985069328762868,2.9118267546155074,2.9565684877881684,3.0456492061817766,3.059353275828222,3.0550926111828645,2.9792455054267286,2.905669244067755,2.851729006338366,2.7980650294526614,2.784409243338861,2.7826631942245834,2.801616604983183,2.7918463342956703,2.768538055468992,2.777844531861892,2.772292163053646,2.7476059127016264,2.732681593130803,2.6956039298735543,2.675112602446196,2.656711967170713,2.600511888072584
127,2.829300137788582,3.0982019473877602,3.2138296942088935,3.2873023227193405,3.2715118901426155,3.090289084345179,2.9679442613356346,2.9856829916407097,2.983536378315613,2.9087452768866973,2.9533100548361215,3.0437771103699793,3.057873414330774,3.0563387371202593,2.9800581534486734,2.9048186974704837,2.847920153208981,2.791508914396791,2.7787524159462804,2.779369154796474,2.800179591391376,2.7900431341927496,2.7652448804801084,2.77311840790485,2.7662057329771805,2.740385987443612,2.724349437813007,2.686640928462033,2.6658001619042064,2.6473423489027392,2.5915765630100265
128,2.829110834734081,3.1117349815243873,3.228110065234354,3.301286479760958,3.2846534728474555,3.0933831499661504,2.9624861283003208,2.9837406385130394,2.983876558288098,2.906884923845187,2.950366604452278,3.0403716223874717,3.0538735706220868,3.0553044381063836,2.9798486138316687,2.9041269542606347,2.8449803738659765,2.785844518419988,2.7740472318885145,2.777109271355706,2.799713863767388,2.788952101345547,2.76235851922503,2.7685936457542106,2.7601562349700766,2.7331138160557367,2.7159724150549636,2.6776849801420424,2.6565272592305362,2.638015738731406,2.582686082795118
129,2.829993108114122,3.125478696793563,3.24257333046883,3.315507231828855,3.298195377785807,3.0982745350651038,2.9584682741588657,2.9838391161500457,2.9860064433285047,2.9062136827660674,2.9476664367917293,3.0354712461115105,3.0478420089739826,3.052215356301538,2.978678557087486,2.90372369906021,2.8430475875995236,2.781145171670042,2.7703017753021184,2.7758212726165725,2.800104001615205,2.788434643829687,2.759729646933784,2.76412492870043,2.754027902298549,2.725715734691576,2.7075187995226844,2.6687295063980976,2.6472954490507794,2.6287364220834,2.5738503641651524
130,2.832250126142975,3.139426367543127,3.2572095258791167,3.329952862676847,3.3121008100757674,3.1049602720622755,2.9561148356216185,2.9859001944661414,2.989777959180187,2.906693893612718,2.9452251027239322,3.02932919267279,3.0403052982253476,3.0475007401484477,2.976792055763944,2.9038485860442598,2.842293335562948,2.7774893643715295,2.767511646796925,2.77542389810533,2.8012169062844183,2.7883269784673397,2.757181251199114,2.759551667300734,2.747708941319079,2.7181324613556006,2.698967685388026,2.65977333139847,2.6381101326428267,2.619512341746686,2.5650815782118856
131,2.8359923995487346,3.1535781220887986,3.2720099064717725,3.3446048031243816,3.3263261391876324,3.1132348488243036,2.9555165533455647,2.9897385490795605,2.995003506209188,2.908273180285182,2.943127330623315,3.0222863050101174,3.031714791176582,3.041629452896154,2.9745554800883753,2.9048071057794242,2.8428823781590262,2.7749463993074897,2.7656550114927647,2.7758211003165303,2.802910654425132,2.7884515883856213,2.754525830298108,2.754719604001822,2.741109325756736,2.7103286663618844,2.690313366450532,2.650823417125675,2.628982465625581,2.610356069173529,2.556394451355955
132,2.8411443723595124,3.1679333752903274,3.2869637517885733,3.359439752022113,3.3408308242977593,3.1228229662633913,2.956617330720377,2.995113203881698,3.001481049394637,2.910881238681755,2.94150813348665,3.01472437205249,3.0224632839371273,3.035058855419588,2.972401902270213,2.9068912002693095,2.8449189707482443,2.7735571581906684,2.764688597790742,2.7769070710655326,2.805043243402995,2.7886313055341203,2.7515884981985796,2.749505423341277,2.7341757354861804,2.7022982260843325,2.6815675735300903,2.6418968816979866,2.6199308946756767,2.6012854542931763,2.5478062732267404
133,2.847516064825945,3.1824842683008256,3.3020534156251413,3.374428009395556,3.355576065835275,3.133464236854885,2.9592390812041574,3.001769087403782,3.009012292442625,2.9144337389217765,2.940535880342775,3.0070698975397807,3.0129207030925698,3.0282267430424477,2.970764004010219,2.910286944987283,2.8484069027941112,2.7733164860843815,2.7645457138344485,2.7785710764338143,2.8074803962420782,2.7887051456398266,2.7482317893390205,2.7438366161522274,2.7268985062885314,2.6940642474109984,2.672759699710113,2.6330222358136393,2.6109821376833695,2.5923236826951523,2.539336269090297
134,2.8548725511589654,3.1972107448841145,3.3172486619075188,3.3895286819563677,3.37051726198543,3.1449350469029858,2.9631224068453035,3.009459703183932,3.017413008987003,2.918842151116401,2.940398914743145,2.999811783699423,3.0034538642415387,3.021535920974061,2.9699849086159698,2.9150212210826054,2.8532462747368337,2.774162898614242,2.7651357655547333,2.7807007375250725,2.8101011689500837,2.788542988184741,2.7443745234204053,2.737699515461756,2.7193096430044577,2.685675623131044,2.6639359678047683,2.624239917277207,2.6021713260980235,2.5834983578510267,2.531004047818935
135,2.862967592963815,3.2120775404376305,3.3325013076051864,3.404683202220927,3.3855942686835334,3.1570363470725056,2.9679584142116724,3.0179547059578753,3.0265183581582513,2.92402690867382,2.9412948039121662,2.9935048049257933,2.994424027010851,3.0153183990278145,2.9702367462879966,2.920976163503904,2.8592613501616295,2.775976802064312,2.7663434724777938,2.783182237668546,2.8127997011760915,2.788054762090111,2.7399978943355965,2.7311342936908733,2.711475364791805,2.677202780332772,2.655158239779637,2.6156018676405863,2.593540749769054,2.5748390976550586,2.522826975529436
136,2.8715513250561444,3.22703402338261,3.347741895174922,3.4198094657988767,3.4007221623628894,3.1695712626691224,2.9734038535962353,3.0270411505740973,3.0361870935750237,2.929930880471552,2.9434175460149508,2.988734894378927,2.986170108752424,3.009798541857963,2.9714939073165167,2.9279403634957917,2.8662328879946433,2.778582918361959,2.7680258386627505,2.785896660880411,2.8154821813236586,2.7871908412923503,2.735137794076487,2.7242219842424675,2.703487594676817,2.6687339797154914,2.646502163877285,2.6071693173235198,2.585136387235842,2.5663732768763134,2.51481671422756
137,2.880377259817811,3.2420186559726147,3.36288143419638,3.434800499340082,3.4157860412822507,3.1823263507268584,2.9790901898731144,3.0365275663743203,3.04630777746543,2.9365295582549047,2.9469353213333243,2.986032448206725,2.9789939107971812,3.0050850284621187,2.97356667077449,2.935648964278022,2.873913901428945,2.7817502836181256,2.7700055887133637,2.788712730487294,2.8180596058594345,2.785933608061656,2.729868140568964,2.7170695820921833,2.695456319021008,2.6603714201964843,2.6380532671168613,2.599007539244626,2.577001563057321,2.558120134690192,2.506975710068226
138,2.8892322523146765,3.256969505431506,3.3778217645523387,3.449532955440601,3.4306453367208967,3.195068246345793,2.9846480770832295,3.046257998790141,3.0568075756596924,2.9438340285381637,2.9519568224378436,2.985753084027002,2.9731587771979937,3.0012012489284325,2.976159759780266,2.943795645135593,2.8820244259032286,2.785185497839684,2.7720615491451186,2.7914772289699963,2.820438382341324,2.7842834258702913,2.7242813317415138,2.709795996452025,2.687501786173417,2.652225013589163,2.6298992577600995,2.591176725271586,2.5691680251701703,2.5500845084377795,2.4992948762936162
139,2.8979954039077462,3.2718393132188117,3.3924752422807765,3.463888315738479,3.4451515834801727,3.207564295763181,2.989760752301331,3.0561351174569724,3.0676595849646815,2.9518828968433786,2.958499156090853,2.987991217784689,2.968896442043318,2.998135515936114,2.9789264987549045,2.9520253368742355,2.890230403954061,2.7885199853533047,2.773917860047982,2.794003674073372,2.822509649655305,2.7822424105541415,2.718469433438906,2.7025182470215983,2.679744123825417,2.644401846617821,2.62211787751302,2.5837196972425356,2.561646377657093,2.5422524935141553,2.4917537841759394
140,2.9067081711869935,3.286611203445166,3.4067913324860584,3.4777872070266325,3.4591834022920347,3.219635807375252,2.994251832427951,3.066150014155342,3.078885667921667,2.9607259073531496,2.966481887350137,2.9925905570110456,2.966401057948175,2.995879020287414,2.9815086138210045,2.9599252382754813,2.898122562861091,2.7913128406333456,2.7752491045736596,2.7960707491023085,2.8241462306049976,2.7798052217258906,2.7125114943631514,2.6953393345114995,2.6722903336695882,2.6369917952635835,2.6147620886178506,2.5766491346887204,2.554418804103683,2.534591045945991,2.4843236570892984
141,2.915602030251755,3.301306685737718,3.4207785977889884,3.4912232663404783,3.4726846631443493,3.231215261226988,2.9981494183399295,3.076390104587116,3.0905426494020123,2.970398600352598,2.975751713281948,2.9992400264067403,2.965800398155791,2.9944332519895425,2.983556725651856,2.9670228183774077,2.905208116438277,2.793084611090957,2.7757041859192566,2.797427216488593,2.8252002824561435,2.776951572300365,2.706464452410743,2.6883368275358657,2.665219142400435,2.6300517652715776,2.6078465442425705,2.5699385970123565,2.5474375776878535,2.5270528532902587,2.4769727831278043
142,2.924979205963694,3.3159691246577436,3.434490924927732,3.5042557819411693,3.485668309800298,3.2423415974996006,3.001628251064345,3.0869833566512663,3.102682270906266,2.9808921961677335,2.9861228739617505,3.00759246981883,2.96716833684554,2.9938779577026438,2.9848378214800655,2.9728721499500574,2.910969093510883,2.793401615235996,2.7749639755417563,2.797831606982379,2.825528437385344,2.7736524689428754,2.7003600111976547,2.681558250353352,2.6585729771314353,2.6235942059901216,2.6013397985315194,2.5635226236210413,2.5406308893260805,2.519585518836822,2.4696740134109447
143,2.935055171980094,3.330642969838581,3.4480014668522965,3.516982598899921,3.498196513329173,3.2531113840135704,3.0048932180488404,3.098022993661488,3.1153147572730857,2.992140715978373,2.9974069566286743,3.0173142029790787,2.9704484451161846,2.9943176388354837,2.985255836717911,2.977160051240363,2.9149937792379026,2.791998999712412,2.772810550396244,2.7970963761361327,2.8250249919023336,2.769889350948557,2.694211226287123,2.6750218526408847,2.6523564609414345,2.617584236595543,2.595164885458101,2.557304893703462,2.533915210042599,2.5121421783507296,2.462410612573035
144,2.9458893953673693,3.345358434097996,3.4613775630122663,3.529510357442865,3.510355337397607,3.263621360607479,3.0080574410751657,3.1095176692263617,3.1283962426539675,3.0040315643944417,3.0094273148017145,3.0281044223233904,2.9753783459280188,2.995697378216558,2.98473231035902,2.979740115341115,2.9171066747507033,2.7888620378493925,2.7691827744055533,2.795124699318371,2.8236508783999223,2.765678487983784,2.68802865846249,2.668724461357807,2.6465417530481306,2.6119464519492777,2.5892096810500282,2.551173787472716,2.527211600643828,2.504690760714085,2.4551794101696878
145,2.9574182805223272,3.3601203641598527,3.474654851823387,3.5419180709552913,3.522220905985203,3.273907853003945,3.011017327191392,3.1213662292962825,3.1418242020242815,3.0164062014191435,3.021996727216618,3.039672921000661,2.981490480766921,2.997617957347778,2.983055641902074,2.980595803462487,2.9174052784660818,2.784195565699809,2.7641835218221944,2.791935294524448,2.8214582481624504,2.7610955810110775,2.681841601225872,2.662656839599844,2.6410819194188635,2.6065803043898836,2.583346383040368,2.5450238699388645,2.520461710888064,2.4972197535916942,2.447991897141595
146,2.9695166155303423,3.374905340624728,3.4878206814469257,3.5542271384486455,3.5338303711637593,3.2839089317171304,3.0133732844124834,3.1333371064253663,3.1554189446961862,3.029023609817419,3.034849558060188,3.051654382050833,2.9880763752406208,2.999194867630965,2.9798254205991332,2.9797732741509204,2.9161933871983825,2.77832801296091,2.7580345106900364,2.7876623203680233,2.8186042458591003,2.7562963683231305,2.67571907791341,2.656821745080099,2.635928508588134,2.6013802827443446,2.577455662851806,2.538777135870731,2.5136381268436088,2.489739401295428,2.440873314149766
147,2.98203769326106,3.3896744481743513,3.500823827121047,3.5664019187601457,3.5451860808151507,3.293494248141291,3.0145016334849863,3.145054670680915,3.168895757610364,3.041496654103075,3.0475462895289276,3.0634709025976647,2.9940442062111603,2.99909143917652,2.974657499809787,2.977350939661312,2.913884678282031,2.7716316438469955,2.7510128140766494,2.782531595127522,2.815352746049493,2.7515257764538257,2.669779542063755,2.651246400777925,2.631045315524915,2.5962523540159452,2.5714474422504274,2.5323953369777605,2.506745230489502,2.482278755588591,2.4338583728820553
148,2.994867276720811,3.404397931574893,3.5136082333485668,3.578380314415142,3.5562912553307116,3.30256519039508,3.013840835330729,3.1560520210356127,3.181874911236542,3.053273143357595,3.05943687896732,3.0742612974089445,2.9979880775943566,2.996238396578787,2.967532575252474,2.973466600465986,2.91092760870921,2.76448004104064,2.743405349220452,2.776830312486724,2.812063064712712,2.7471052337023494,2.6641819925798256,2.645982635920546,2.626410602230169,2.591121433493713,2.5652711044902965,2.5258790490953347,2.499811974494271,2.4748793574387697,2.4269832086700016
149,3.0079856946985606,3.4190742688007165,3.526148390619991,3.590112653342973,3.567183614352147,3.3111524490028006,3.0111863119447504,3.1659188769856543,3.193964818833593,3.0637478125349187,3.0698076677457147,3.083094173031521,2.998919413561079,2.990647125951773,2.9587896767452158,2.968353305929433,2.9077496147540813,2.75720690204495,2.7354798635900526,2.770881400815683,2.8091588951489106,2.743386727113714,2.659097857443147,2.64109278420064,2.622006411594609,2.585930324492287,2.558913051178936,2.5192565040256696,2.492880431867883,2.467586399107147,2.420275417501463
150,3.021455912991979,3.433728385256222,3.5384608723126303,3.601583246414685,3.5779391882677087,3.319426305291741,3.006685926782243,3.174429947397405,3.204862775185116,3.0724534027627666,3.078148404116776,3.0893848957912393,2.996833736698632,2.9829538379542813,2.948852013082333,2.962336073763332,2.9047045578783175,2.75004736520027,2.727461310296908,2.7650211206154287,2.807066853117049,2.740678660691099,2.6546745281870234,2.636626637749432,2.6178019879396066,2.580635105499952,2.5523859649788623,2.512569082146222,2.4859943259519808,2.46043945309874,2.4137467265292063
151,3.035336496450324,3.4483861556716207,3.5505828470353173,3.612800738353701,3.5886443514155815,3.327625411015397,3.0006609904838046,3.1815583544391863,3.21440018734597,3.0791853076266538,3.0843114803385565,3.093099511321018,2.992335833426774,2.9738032122769,2.9381195346588576,2.955815261829359,2.9020232393169025,2.743096351113313,2.7195230936402885,2.7595753544392383,2.806122411740395,2.739168755542379,2.6510035862097188,2.6325997909491146,2.6137452937855112,2.5752078585104186,2.545723329888019,2.505865316713248,2.4791960347305104,2.4534706341706936,2.407396302557296
152,3.0496363638805155,3.463068343456617,3.5625581752053463,3.62378998463317,3.5993806757001288,3.335981686989755,2.9934350971806336,3.1873956359023117,3.222523589914917,3.083972938382182,3.0884459277831455,3.0945838338322407,2.986110682378491,2.9637317936200485,2.9269949700861826,2.949224237017361,2.899784568478666,2.7363082333704716,2.7117799953437416,2.754822845239198,2.8065108222359085,2.7389101753609024,2.648111092312354,2.628982956422497,2.6097622531199534,2.569630140040724,2.538963564398612,2.499187618723454,2.472517222597502,2.4466972029404226,2.40121144185453
153,3.064323998908102,3.477779411353163,3.574415814142881,3.6345699338602566,3.610204899866498,3.344661708716634,2.9852735800688857,3.1920703253175984,3.229252824841274,3.086996294953221,3.0908721440148303,3.094357711874229,2.9787886015221376,2.953261688969664,2.915949241694727,2.94299633355865,2.8979280899232505,2.7295541391325555,2.7043055118081583,2.7509723763546052,2.808267363435767,2.739851043431591,2.645964385629322,2.6257076766674503,2.6057679969164877,2.5638946257340915,2.5321467000102578,2.4925710340088854,2.4659802668985633,2.4401240854673336,2.3951761037246357
154,3.0793594176952723,3.492505219148667,3.5861607314967605,3.6451409937336896,3.621142172291389,3.353748133302714,2.976375491708404,3.195702412344289,3.2346477547296457,3.088508409762675,3.0919810600647812,3.0929937383814434,2.9709708509249095,2.9429924116402635,2.9055517618052584,2.9375079380139217,2.8962894288789682,2.722689702446019,2.697150071343995,2.748150380977443,2.8113189257447093,2.7418761069771564,2.644485524882195,2.6226792278268496,2.6016797799858464,2.5580062400804833,2.525312881969954,2.486044381551519,2.4596008551836297,2.433748047002815,2.389277272134797
155,3.0947080623160925,3.507217524969287,3.597778173558862,3.6554873716034986,3.6321943915055206,3.3632579842641004,2.966891254809942,3.198394108415344,3.238789553885246,3.088782559320958,3.0921716274370725,3.0910623323763007,2.9632693780135524,2.933632476189908,2.896418731080016,2.93300699057551,2.894639819191639,2.715602266501476,2.690350211749688,2.746398535755009,2.815530318302804,2.744838135129095,2.6435640623606496,2.61978956853088,2.5974269866451154,2.5519810541881123,2.518501018417791,2.479631832358222,2.4533897971519125,2.4275617297339833,2.383507218908428
156,3.1103398928116217,3.521880287953188,3.6092432228212306,3.66558634639048,3.643353425861506,3.3731739394920925,2.956945916131912,3.2002410617228527,3.2417732432552127,3.0880834765564042,3.0918169064743486,3.08910108276518,2.9563030199254996,2.9259169366633495,2.8890700643182416,2.9295673419856234,2.892726600690467,2.708230175605733,2.6839279594015584,2.745681982767196,2.8207384734191416,2.748576164576108,2.643067324118166,2.6169286157769465,2.59295703750279,2.5458434103841503,2.511747499873778,2.4733540400284446,2.4473539360651264,2.421556657875161,2.377862778222472
157,3.126226621694607,3.5364544581436914,3.6205290616339747,3.6754163744606014,3.6546106390877715,3.3834706568098882,2.9466572991791535,3.201349449069443,3.243706496181005,3.086655740358651,3.0912471941607516,3.0875839249304686,2.950634712261364,2.9204209138493384,2.883785597166352,2.9270998119244855,2.8903151238143776,2.7005600076099086,2.6778856137995315,2.7459067249003564,2.826772493755894,2.7529243055926056,2.642848863275985,2.613993487283457,2.588237296997802,2.5396224712299817,2.5050852156948826,2.4672286984620246,2.4414966154819635,2.4157250160837807,2.3723433760908312
158,3.1423404232443297,3.550899692825148,3.6316105639124525,3.6849597085184103,3.665959311062907,3.394128550507498,2.9361453243472857,3.2018481708846185,3.2447095795180014,3.084721641660713,3.0907429112336597,3.0868895426589664,2.9466818383133786,2.9174067543580295,2.880576387619272,2.9254086161055683,2.8872276066643723,2.6926135153951494,2.672203026422959,2.7469414011979456,2.8334632148076855,2.7577153551859395,2.6427560158541965,2.6108952549161573,2.5832539926476263,2.533349243158293,2.49854308959101,2.461270775853672,2.4358181655303164,2.4100604563057457,2.3669492209073995
159,3.1586526134026913,3.5651722837997415,3.642461567042124,3.694197648737335,3.677389994693828,3.405133385658558,2.92553114091345,3.20188816585913,3.2449118135918997,3.08248214106596,3.0905338724332245,3.087282341942073,2.944662066829891,2.916828662941618,2.879267676493992,2.9242631151141163,2.8833729092554745,2.6844347389979895,2.666842283463391,2.748639184712081,2.8406468151390087,2.762782601437833,2.642637727343037,2.607563074479813,2.578009878700833,2.5270546987449687,2.492146321930264,2.455492758067398,2.4303167386525795,2.4045583711430876,2.3616804972364043
160,3.1751305423190748,3.5792192909871328,3.653045064293529,3.703096880536478,3.688879700109288,3.4164638578084405,2.9149253846286185,3.2016277521920338,3.2444448551004044,3.0801201022295364,3.0908059940147177,3.088916594401128,2.9446057148098292,2.918450122891013,2.879606946875746,2.92346920748055,2.8787619178407735,2.6760811938103553,2.6617606902885265,2.750856588628807,2.848165313694381,2.767963153158341,2.6423534592621505,2.6039461650721494,2.5725223799172454,2.5207689137661724,2.485917551668642,2.4499049183268675,2.4249897471482065,2.3992158688122798,2.3565378338594067
161,3.1917349436639197,3.5929759090920825,3.6633096738789774,3.711603263056611,3.7003869241029905,3.42808843906852,2.904422121081349,3.2012219197197718,3.243434714111491,3.0777963951908194,3.0916971181427515,3.091842851450942,2.94640337927295,2.921961669671183,2.881334591399745,2.922907839481315,2.8734935037757587,2.6676183953747747,2.6569222351337043,2.7534629429656006,2.8558662324473483,2.773100484017899,2.641778840219702,2.600013913849149,2.566820418729925,2.514520650817287,2.4798775856900113,2.4445153459246476,2.4198348461556067,2.3940315040807727,2.3515225324257307
162,3.2084185415328728,3.6063651392309852,3.673190989695995,3.7196430279595503,3.711851940956155,3.439968806317209,2.894096153639783,3.2008121868048187,3.2419905992598057,3.0756372879413063,3.093283485715272,3.0960174645625678,2.9498609768416784,2.9270508359431027,2.88421304732538,2.9225430372877743,2.867732014352665,2.6591180809445714,2.652305166353539,2.756346562706049,2.8636036946405086,2.7780461334943976,2.64081000628506,2.5957547800868523,2.560941019762561,2.5083374883210925,2.4740455840026354,2.4393300993803946,2.414850382894891,2.3890050837434416,2.346636442901258
163,3.2251253460975544,3.6192979871281166,3.6826132460695153,3.727125119291604,3.723197680691688,3.452063441634035,2.8840001567857545,3.2005171878666996,3.2401950682971723,3.073721724874462,3.0955693540111557,3.1013186279371463,2.95474323374328,2.933429457630468,2.8880318513375816,2.9224124676423537,2.8616897029640778,2.6506582372331273,2.6479066449679847,2.7594194956885936,2.8712410809018865,2.7826625272067047,2.639367606647454,2.59117449414238,2.554926818318433,2.5022462179532075,2.468439143528145,2.4343534757881944,2.410035669150917,2.38413751061605,2.3418817842288115
164,3.2417909873802504,3.6316747803423395,3.6914915627032254,3.733944866218616,3.734331373175136,3.4643315010565967,2.8741629721094277,3.200427043674493,3.2380981656757584,3.0720728088868525,3.098483485880789,3.1075631333800855,2.960799096216862,2.940836804983527,2.8925999111451994,2.9226043516643228,2.855614288603814,2.642323240699535,2.643743693236586,2.7626198924156373,2.8786548020947453,2.786826905785478,2.6373995150543283,2.5862936999198602,2.548824302063199,2.496273213563067,2.463074284289943,2.429588296125826,2.4053910776727556,2.3794305711900137,2.3372608421931442
165,3.258344523215589,3.6433881758832567,3.6997353759904312,3.739989886345454,3.7451475425883616,3.4767369065700784,2.8645902109057673,3.200603347067786,3.235716964660784,3.070656051281761,3.101882349524944,3.1145186526464994,2.9677720503659217,2.94903198623443,2.8977315756514037,2.923224861206773,2.849777058365481,2.6342027431422497,2.639850104515956,2.765910899015633,2.8857381249293907,2.790435714757268,2.6348813678617424,2.581145170111327,2.542682464864087,2.490444576901548,2.4579653101900956,2.4250361334424344,2.400917938196558,2.3748866042339696,2.332775527748559
166,3.274711965632849,3.6543281231980504,3.70725331592684,3.7451485481052336,3.7555326397460216,3.489252075385739,2.8552677233138537,3.2010853357770435,3.2330409593930742,3.0693852956210357,3.1055581690236718,3.1219098186201086,2.975401088960595,2.957782835084297,2.9032304112245937,2.9243614817124426,2.8444552951494417,2.6263881470814567,2.6362695582783537,2.769275423533598,2.89240350178206,2.7934084551460616,2.631814655578666,2.5757707464915724,2.536551589626688,2.4847859617170243,2.453124541083728,2.4206974446084404,2.396618232265969,2.3705080349349905,2.328426858924969
167,3.290821416420794,3.664388632283344,3.7139592741662724,3.7493202580998606,3.7653712590630968,3.501860583457124,2.846167788904257,3.201901642282448,3.230042807321855,3.0681359777826755,3.109251049730025,3.1294204870565805,2.9834179370649037,2.966855251581416,2.908873488861594,2.926049308685055,2.8399049896612834,2.6189660094493106,2.633045730474235,2.7727070741486934,2.89858195633313,2.795689824420138,2.6282227759704075,2.570218156459191,2.530481968346063,2.479322064456597,2.4485619488812294,2.4165715925944258,2.3924941207164108,2.3662968076663287,2.3242144818196135
168,3.306609229953817,3.6734756692607546,3.7197789503361953,3.7524258331870017,3.7745535125819623,3.5145581994088504,2.837256971443802,3.203085434562393,3.226692651727166,3.0667644062864654,3.1126669984764863,3.1366983169145897,2.9915457993238364,2.976006192671314,2.91439947049498,2.9282473407014473,2.8363265465731375,2.612008775804891,2.6302109181786166,2.7761987414792944,2.9042189720802027,2.7972491702725066,2.6241458584899124,2.5645378682584683,2.5245224725728095,2.474075850507856,2.4442847672796453,2.4126567641281147,2.38854737353764,2.3622537880435015,2.320136352332783
169,3.322026094581355,3.68151492233377,3.7246556880761315,3.754415477198634,3.7829825572460964,3.5273518757874887,2.8285036951792737,3.2046892055120515,3.2229731571113085,3.0651309737582153,3.115505180684449,3.1433701019816644,2.999504442393751,2.9849837235898944,2.919505937575688,2.930829371508675,2.8338343790481657,2.6055646841291984,2.627775589252654,2.779731152533862,2.909267836290268,2.798077151024996,2.6196351751595097,2.5587802322846556,2.5187190020072627,2.4690676867287706,2.4402971567340104,2.4089498207099025,2.384778791947889,2.3583782451431725,2.3161886654214046
170,3.3370417527530507,3.688457974153537,3.728554557567702,3.755272550589003,3.790581022538946,3.540256758132421,2.81988372949134,3.206794625415778,3.2188915285485917,3.063123220510981,3.11749422394157,3.149073944818865,3.0070248727199735,2.9935370942727997,2.9238630343318093,2.933589655214405,2.832443649089255,2.5996497633663593,2.625721576077436,2.783264100821491,2.913682558522803,2.7981804290314827,2.614747818917279,2.5529931481809913,2.5131129759013784,2.4643145780863933,2.4366000091349935,2.4054461281694697,2.3811877266464543,2.3546675187955506,2.3123660560549117
171,3.3516472887961726,3.6942856524645435,3.73146401404781,3.755012578267095,3.7972950578977787,3.5532917505412587,2.8113826691677217,3.2095139238784363,3.2144856716980765,3.0606736477866505,3.1184300691603797,3.1535052064351725,3.0138728949842397,3.0014371323667737,2.927148181090116,2.9362616206211127,2.832079471017545,2.594244744612072,2.624000817504654,2.7867325991107603,2.917412940477763,2.7975758185427324,2.609542112718624,2.5472204274702137,2.5077400935150163,2.459829669466213,2.433190939328217,2.4021394104823868,2.377771775828135,2.3511169348825334,2.308662019914585
172,3.3658544897074867,3.6990079807674214,3.733394962522341,3.753678275636757,3.8030951606362127,3.566474500816843,2.802995502540603,3.212981653435431,3.2098237953973143,3.057768500308386,3.118202784094992,3.1564610858879467,3.019875430121645,3.0085023008402954,2.9290963340216445,2.9385488862129625,2.8326026287665376,2.589298131785132,2.6225398889772005,2.790049005477183,2.9204037838560017,2.796285305682832,2.6040739922617187,2.5415008823693674,2.5026295343145346,2.455622080281794,2.430064442913759,2.3990216636580204,2.374526690044017,2.3477199655777805,2.3050694382558974
173,3.379692576388574,3.702661011270166,3.734377614586276,3.751332277184771,3.807973822056556,3.579816773641069,2.794724043077651,3.217338529438712,3.204998824782545,3.0544470002621917,3.1168032134317403,3.157864815731588,3.024940380060742,3.014621575377952,2.9295463945132862,2.9401668166642474,2.8338411386095843,2.584734539901702,2.6212489700424757,2.793110718931214,2.922598728127249,2.7943327955229833,2.5983944407378763,2.5358680074584026,2.4978036295619743,2.4516970267373677,2.4272121373440045,2.3960831440906856,2.371446443177408,2.344468566953831,2.301581066849276
174,3.3932032572108093,3.7053015234748825,3.734456955035886,3.7480494126443844,3.8119408929187406,3.5933209901449357,2.78657321499545,3.222711407270736,3.200119930220778,3.050793567179267,3.1143104257364262,3.1577610267567353,3.0290631950465623,3.019765823675719,2.9284616087640725,2.9408868393721557,2.835619670595827,2.580465944200113,2.6200330803672727,2.7958117630894828,2.92394746446762,2.7917426784510777,2.5925479483778213,2.5303500194108977,2.493277900555817,2.448056108667352,2.4246229814228046,2.3933124252782143,2.3685233851377885,2.341353592977051,2.29818987359246
175,3.4064352980380983,3.7070008415271847,3.7336877841119502,3.7439099072242605,3.815017987941234,3.6069782979145883,2.778547041509996,3.2291946228456108,3.1953031989107314,3.0469265642009513,3.110868709280391,3.1562894858994412,3.032319506895176,3.0239848029181164,2.925917072553588,2.9405697582486305,2.8377831917135024,2.576403210703477,2.618803371613141,2.7980557328584608,2.9244139152208533,2.7885397636574165,2.5865719083235605,2.524970028710899,2.4890613069591185,2.4446976245727967,2.4222834015141315,2.3906965100235773,2.3657483962156904,2.3383651944380803,2.29488917170183
176,3.419439619997294,3.7078388646163813,3.732130163387466,3.738994181642083,3.817233133644978,3.6207680955932493,2.7706449288594195,3.2368374272347573,3.1906626294594904,3.042986173558252,3.1066632660677476,3.1536514146182384,3.034848264616202,3.027392848036812,2.922066294792473,2.9391767923549903,2.8402135703675615,2.5724658610506874,2.617486646972613,2.799767378505887,2.9239829133126234,2.7847499932674786,2.580496824684909,2.519746209691031,2.4851565922122356,2.441616819237333,2.420177321673112,2.388220991739356,2.36311100633885,2.3354931487124775,2.2916725664226223
177,3.4322655385509684,3.7078990188825083,3.7298457874620103,3.733379349126445,3.8186164612405697,3.6346586859582977,2.7628586729014892,3.2456401771305625,3.1863019548668703,3.039122542672336,3.1018995160968985,3.150079031246976,3.0368309357163805,3.0301488820720186,2.917104324973749,2.936758064775981,2.8428387436482723,2.568588932515983,2.616031908285893,2.800900716626268,2.922663889213565,2.780401528539274,2.5743471901495347,2.514691958881195,2.481560705330461,2.4388060322088347,2.418286162843872,2.385870270332074,2.360599497938798,2.3327271084468615,2.288533787603239
178,3.4449583385204443,3.7072644636446492,3.726895506525344,3.727137201378551,3.8191973059818056,3.648608657192864,2.7551705343261355,3.2555589467424735,3.182307570421155,3.0354844354662447,3.096786796632956,3.14581205798483,3.038470606429832,3.0324354687676176,2.9112381791437745,2.933427889467003,2.845634716180669,2.5647266058872376,2.6144134718728163,2.8014427922212097,2.9204913615330788,2.7755260074868877,2.5681428521453222,2.509816104642142,2.4782653361968427,2.4362547689078413,2.41658890685625,2.3836278259761903,2.358201039367631,2.3300567798689733,2.2854665005273307
179,3.45755808403624,3.7060156018545007,3.723337978549117,3.7203333736610515,3.819002753821227,3.6625686797920025,2.7475526823114906,3.2665157937369966,3.1787430236895915,3.0322086440411917,3.0915254349389705,3.1410805293358877,3.039972857119941,3.0344396504138764,2.9046669875424045,2.9293377882214706,2.848621564520671,2.56085292071079,2.612630957550651,2.801413552235964,2.9175230293799608,2.770159858673786,2.5619006529670583,2.5051232592352157,2.4752576072600503,2.433949749695067,2.415062310321591,2.381476548151925,2.3559018962273552,2.3274720498290122,2.2824641756520028
180,3.470099379633141,3.7042287703111785,3.7192292828341658,3.7130273919645957,3.8180574567449823,3.6764834849401797,2.7399681524510178,3.27841097704562,3.17564569901662,3.0294108962920294,3.0862962620944514,3.1360921356187688,3.041529350190973,3.036336913223382,2.897570067322789,2.9246538226336116,2.851855157767175,2.5569602299345355,2.6107069411564106,2.800863081483172,2.9138365590061954,2.76434548734231,2.5556360950316024,2.500614361522141,2.47252091470003,2.431875000620951,2.413681308126587,2.3793991037992726,2.3536877364294044,2.3249630750328354,2.279520061185805
181,3.482611716622472,3.701975872591051,3.7146232470453753,3.7052733461628318,3.816384407936843,3.690293833822703,2.7323732086831245,3.2911341172679442,3.1730262343070796,3.027179366340506,3.081252500763125,3.1310230649390838,3.0433050300117386,3.038279081858573,2.8901004981541476,2.919540084729113,2.855416221590962,2.55305611517351,2.6086831714416894,2.7998675063099396,2.9095259277021213,2.7581320695130613,2.549364787156623,2.4962873892615725,2.4700358581300605,2.4300120415807283,2.4124195934955797,2.377378319961652,2.3515440066279205,2.322520340761097,2.2766272602337967
182,3.4951200703092913,3.699324662272539,3.70957221223577,3.697120969402892,3.8140063213446647,3.703938307990542,2.724720725724552,3.3045727654853687,3.1708707978183908,3.025571737413555,3.07651462417608,3.126012293433985,3.04542988784267,3.0403867180588144,2.882382518741391,2.914147595906402,2.8593979703136845,2.549159369354405,2.6066160395477143,2.798524430478436,2.904697769977032,2.7515757072862135,2.54310348847591,2.4921381627895247,2.4677811722867933,2.4283402078155434,2.4112503238006577,2.3753975569630756,2.349456333663179,2.320134695632781,2.273778883829014
183,3.5076455272162295,3.6963393780794833,3.7041279669248466,3.6886169363629135,3.810947299002498,3.717354784410874,2.7169640109182143,3.318618154004219,3.1691457800845835,3.0246160628510683,3.072168736052367,3.1211596294170825,3.047995778171651,3.04274618198794,2.874511757840817,2.908607103328258,2.8638932651924986,2.545295468911605,2.6045716368708853,2.796948193668836,2.8994678104217275,2.7447388120695715,2.536870660540601,2.4881611416669034,2.4657345842923064,2.426837112061407,2.4101468827596793,2.3734410532149695,2.3474109030888917,2.317797373726204,2.2709682413892893
184,3.520205808229958,3.6930814974105237,3.6983426680951244,3.679806233986334,3.807234507192927,3.7304814835519147,2.7090604689124724,3.3331686154295412,3.1678040559333973,3.0243147723685357,3.06826842136205,3.1165274616940133,3.051057909718871,3.045410891192145,2.8665576227918104,2.9030245609462693,2.8689823525771074,2.5414918610678723,2.602620552693012,2.7952648626209755,2.8939572990226243,2.737688783013351,2.5306865403720304,2.4843501298169164,2.4638735621517247,2.4254792439359,2.409083646651273,2.371494236182433,2.3453947825903714,2.3155000171506885,2.268189032503574
185,3.5328156452754276,3.6896104460184764,3.692269637062674,3.6707334969945866,3.802899675320399,3.743257558985146,2.7009746041126155,3.3481313161535216,3.166791780983863,3.024650539480442,3.0648392271189695,3.112145457497566,3.054639756184832,3.0484057151651935,2.8585671900029497,2.8974785059430173,2.874722505646587,2.5377733574697485,2.6008324983817914,2.7936066737895637,2.888289286204115,2.730496157050875,2.524572815068513,2.4806988397518093,2.462175954818263,2.424242686391358,2.408036715050179,2.3695439999580685,2.343396178481016,2.313234712302454,2.2654355163967543
186,3.5454870460344354,3.6859841801884152,3.685963977925414,3.6614442342876443,3.797980327782093,3.7556233211245282,2.692680050521294,3.3634228485668487,3.1660547509808756,3.0255926059929292,3.0618844610265405,3.1080169598622405,3.0587397270462184,3.051733175172756,2.8505699270032006,2.8920189617548635,2.881140930237245,2.5341579578209172,2.599270927686435,2.792105697284871,2.8825845925706863,2.723232432668902,2.5185520193790882,2.4772013072635692,2.4606205428774475,2.4231039111640813,2.406984575539533,2.3675789521299153,2.3414046312000862,2.310994051181579,2.2627026482099515
187,3.5582295028039344,3.682259613975593,3.679483005029029,3.6519858937451244,3.792520715199266,3.767520287990859,2.6841605383010227,3.378969056539461,3.1655435762996933,3.0271024198476324,3.0593909763371614,3.104125748793934,3.0633380700044626,3.055380194189405,2.8425826128955993,2.88666779647041,2.8882317276257305,2.530653462045445,2.597987984047858,2.7908867338671595,2.876957419354401,2.7159677447145247,2.5126467839570514,2.4738521737781136,2.459187518533973,2.422040599656836,2.405908674563519,2.365589628540568,2.3394111626400855,2.3087712221179326,2.2599861788433433
188,3.571050183840566,3.6784928963863335,3.6728864927890883,3.6424087373201655,3.7865724459825483,3.7788912989333925,2.675409886385758,3.3947043266604435,3.165217200064335,3.0291378722626283,3.0573339306429475,3.1004420978932736,3.0684029105272983,3.059324424453507,2.834613924775956,2.8814205905357535,2.895956683877807,2.527255207537601,2.5970202340369815,2.790059837850465,2.8715106964886825,2.7087685317826993,2.5068790431662706,2.4706468572871336,2.457858898972778,2.4210324240080427,2.4047938645484255,2.3635686652682253,2.337408383536198,2.3065601237302786,2.2572827180994244
189,3.5839541158724515,3.6747395461400716,3.666236758669255,3.632766509252178,3.7801948392452553,3.7896809176932793,2.6664312312015377,3.4105705087017326,3.165044593821877,3.031655863097463,3.055679994122321,3.096927513931369,3.0738948602548337,3.0635395354119526,2.8266683317616295,2.876250095560546,2.9042487893819597,2.5239451959568937,2.596385670563021,2.789713270767332,2.8663314727664315,2.7016953238246506,2.5012692875369464,2.4675816307285277,2.4566188622976477,2.420061719807996,2.40362869773473,2.361510910552887,2.335390561885327,2.3043554874374435,2.254589762015022
190,3.596944343033015,3.6710544445524347,3.6595985781430924,3.623116885915232,3.77345503240737,3.7998362874689167,2.6572357513935447,3.4265156004001227,3.1650047379573145,3.0346132689380445,3.0543889433137696,3.0935379985199223,3.0797700631584553,3.0679991596730565,2.8187491225854013,2.871111288883066,2.9130171324321967,2.520692747217448,2.5960823479911195,2.7899079252140497,2.861486832279542,2.69480078124214,2.4958359202914067,2.464653620851376,2.4554539849801618,2.4191139884705146,2.4024055422806243,2.359413457181952,2.3333536468215574,2.302152989037391,2.2519056858847124
191,3.610022030639152,3.667491673792188,3.65303891414604,3.6135216977413656,3.766427883422713,3.809308498240649,2.647841136386461,3.442492315902283,3.165085189248047,3.037966605779869,3.053413899367955,3.0902260048164947,3.0859818313243683,3.07267942944826,2.810860539848127,2.865947854434033,2.9221521810469686,2.517456657441452,2.5960887800261494,2.7906741332385163,2.857020883475167,2.688128118047454,2.4905947507015203,2.4618607344292727,2.454353357487715,2.418178183174525,2.401120506313837,2.35727557878956,2.331295239347415,2.299949329973998,2.2492297055439647
192,3.623186483585991,3.664104180749864,3.646626428761477,3.604046906289976,3.759195698977924,3.8180544101615745,2.638270003208324,3.458456647178264,3.1652796720041407,3.0416707968952896,3.0527006669504924,3.0869414626202074,3.092481188998092,3.0775602126795905,2.8030091047608066,2.8606996880544475,2.9315311646110103,2.5141886712936072,2.5963659844542653,2.792011302381038,2.852953272832062,2.681710029175119,2.485558637442728,2.459201518738226,2.453308562073823,2.4172467561213664,2.3997731715466224,2.35509856305345,2.329214504057031,2.297742273956063,2.2465618110736068
193,3.636435059139788,3.6609432485621034,3.6404307376796816,3.594762307759841,3.75184779468069,3.8260387652724033,2.6285484079613775,3.474366515395596,3.165585191914033,3.045677497544869,3.0521867133002907,3.083632319341698,3.099216712971116,3.0826252796341764,2.79520427384095,2.855310757451472,2.9410238623513294,2.5108379094816358,2.5968608778081026,2.793890203629344,2.849279442325799,2.675568207046072,2.4807372818810602,2.456674967572237,2.4523135106003844,2.4163154717922968,2.398366155871509,2.3528854474032936,2.32711202250755,2.2955306324292755,2.2439026787397327
194,3.6497629701664893,3.6580577705844353,3.6345213714480353,3.5857409197376073,3.744479850938465,3.833236330575196,2.618704540699625,3.490180595972155,3.165999174047942,3.0499334173965216,3.051800333078059,3.0802450230954195,3.106134056540144,3.0878617007255085,2.7874585793603996,2.8497364205746276,2.950499320778867,2.507355729040675,2.5975106383737727,2.7962572532838825,2.845972565693443,2.6697134809189325,2.476137165208825,2.4542802910172914,2.451364156822309,2.4153830158381138,2.3969045404054055,2.350640675339143,2.324989596548616,2.293314200551356,2.2412535680837826
195,3.6631629939825054,3.655493337821854,3.6289664114542557,3.5770579824563087,3.7371929652431146,3.8396337603877795,2.608767640597592,3.505857387533567,3.1665170928375943,3.0543790551400525,3.0514605154834786,3.076725289258084,3.1131754951389468,3.09325879966489,2.7797873935828235,2.8439492433189875,2.959833770508652,2.503700377749076,2.5982476407605355,2.799039966613751,2.8429868710519344,2.664146557733647,2.471761626156614,2.4520166755497255,2.450458114515925,2.414450448676993,2.3953952083291297,2.3483697017129357,2.322850016403977,2.2910936522984233,2.2386162116353288
196,3.676625111657362,3.653291163102839,3.6238307820783495,3.5687894940989913,3.730092253984207,3.845230867711285,2.5987671311394647,3.5213545828848543,3.1671309844569984,3.0589482223022118,3.051077999753576,3.0730193997416437,3.120279769829394,3.098806959702981,2.7722084250573995,2.8379425459074357,2.9689193783258627,2.4998407795591104,2.5990045619647355,2.8021528665851427,2.8402619388593155,2.658859292625074,2.467611079353608,2.4498830654593693,2.4495942245337,2.4135205622641096,2.393846148440536,2.3460785798951713,2.3206968117070748,2.288870407187047,2.2359927037007834
197,3.6901361166821145,3.6514868989443654,3.6191742374468854,3.5610102375155313,3.7232848561257166,3.850041064270113,2.5887319581298476,3.536628793759621,3.167829106425128,3.0635686497085035,3.0505579092009905,3.0690761758384806,3.127382450932047,3.104496519475179,2.764741003329807,2.8317312935205123,2.9776727232539812,2.495758903958905,2.5997192439105485,2.805503348910996,2.8377275358788725,2.6538363786742227,2.463683369408917,2.447877996081465,2.448772114511632,2.4125971987964445,2.3922657740318973,2.3437735621948868,2.3185340037400093,2.2866464808520264,2.233385392669001
198,3.7036792444139466,3.6501094316097165,3.6150491309814203,3.5537912993330893,3.716877212910896,3.854090830866192,2.578690099522162,3.5516356649379124,3.1685968612665807,3.068163875666945,3.0498041748429667,3.0648496129179934,3.1344169690713546,3.1103169239730057,2.7574051878783914,2.8253504056949956,2.986041414239863,2.4914504526337375,2.6003388934772502,2.8089972270801025,2.8353085869898735,2.649057319364352,2.4599742489265495,2.445999502905279,2.447991790423159,2.411684584844619,2.3906623005682897,2.341460740764548,2.316365874289115,2.2844243301218663,2.2307967798229362
199,3.717233875793662,3.6491797479874624,3.611498106795754,3.5471971596050533,3.710971589532737,3.8574182129774126,2.5686682110529255,3.5663303874287053,3.16941893651604,3.07265648888484,3.048725673482287,3.0603020030191255,3.141316379015625,3.116256222493215,2.7502207392017013,2.8188509385885188,2.9940073659818234,2.4869239442522617,2.600823248616753,2.8125438004696286,2.832929946978239,2.6444985319777077,2.4564779551012705,2.4442451177728652,2.4472532883586533,2.410786724599645,2.3890432154657164,2.339145749417681,2.3141967620557202,2.282206700660516,2.228229426474486
200,3.7307753660422596,3.6487099807589924,3.6085519047462546,3.541282541333057,3.705661972821482,3.8600704772689323,2.5586913745295528,3.5806685849970408,3.1702824414147583,3.0769726089294807,3.047243603516719,3.05540721558945,3.1480158148589314,3.122300932009021,2.7432060069556106,2.812294785271365,3.0015859250840187,2.4821985687331805,2.6011464608963855,2.8160603024085664,2.8305206823004063,2.640135423804539,2.453187842073272,2.442611945568702,2.4465563998801083,2.4099068836152946,2.387414861740728,2.336833538627035,2.3120308925913404,2.2799964826017303,2.22568587043184
201,3.7442750439645947,3.64870273883339,3.60622750976468,3.536089328454916,3.701029695616194,3.862101188958605,2.5487829231093304,3.5946075056437916,3.1711806634761412,3.0810472360244776,3.045299190116153,3.050153696446042,3.154455460997419,3.1284362174096154,2.736376813624508,2.805748573186949,3.0088209958475183,2.4773013303552167,2.601297626172,2.8194755440237365,2.8280176113745865,2.6359442879540014,2.4500970110410165,2.4410967968937696,2.4459004686655925,2.4090471821081447,2.385782146051825,2.334528228056869,2.309872243283344,2.2777965777920093,2.2231685525025995
202,3.757700420771321,3.6491508199927685,3.604526880986301,3.53164394435458,3.6971393367168415,3.8635670575730203,2.5389643274021405,3.6081074056836124,3.1721169488692658,3.0848298356365804,3.0428605219672247,3.0445467206575687,3.1605837185176484,3.1346462889739537,2.729745431950649,2.7992774092671766,3.0157771614505093,2.4722639951892242,2.601280086763434,2.8227325384157576,2.825367901220317,2.631903885233329,2.4471988733011196,2.439696339541261,2.445284243799235,2.4082083061766952,2.384148371850963,2.3322330343747084,2.3077244416928524,2.2756097816198477,2.220679753885218
203,3.771015639308921,3.650037381003845,3.603436458883532,3.527955591854673,3.694035540168345,3.864524933770806,2.529255134116459,3.621132979509842,3.173108156243328,3.088289327614822,3.039927355028116,3.0386095179877515,3.1663601219284816,3.1409148852340145,2.72331976381461,2.7929390953791406,3.0225302751303915,2.467120253672718,2.6011097722113825,2.825789913642784,2.8225305954690114,2.6279966118298614,2.4444875861318907,2.438407226793709,2.4447057687083102,2.4073893364918892,2.3825151904761253,2.329950267039957,2.305590693702753,2.273438682535268,2.218221545587625
204,3.7841821866985113,3.651336607628948,3.602927567967348,3.525015665656906,3.6917413224540527,3.8650293166550425,2.5196729529955904,3.633654673083847,3.1741871638249255,3.0914176273509844,3.0365331328581453,3.0323830649295633,3.1717575079850873,3.14722570353972,2.7171028226588962,2.786779410620105,3.0291580752353853,2.461903367329607,2.6008129111975187,2.8286220095140253,2.8194770524226325,2.624209195797764,2.441958316084656,2.4372261644410935,2.444162284619095,2.406587687106096,2.380882656965942,2.3276813811128987,2.303473737299475,2.271285582393571,2.2157957511179025
205,3.7971598834289577,3.6530148843207915,3.602957722960343,3.5227984746007395,3.690258193877906,3.8651306535792007,2.5102334876170347,3.6456497289754517,3.1754040179612604,3.094231077236816,3.032744107233672,3.0259245466560096,3.1767629980713483,3.1535626680088176,2.7110925990062475,2.7808289812522897,3.035732160141025,2.4566444351096415,2.6004234400303017,2.8312176813172703,2.816190382043005,2.6205329119259466,2.4396073048398166,2.436149889540366,2.4436501323744104,2.4057991421053475,2.3792493731048467,2.3254270737676066,2.301375817964975,2.269152440080755,2.2134039234048575
206,3.809908145685218,3.6550324167389996,3.6034727361212218,3.521263206669759,3.6895680908606847,3.864874596537893,2.5009506029849513,3.65710284426645,3.1768254685958013,3.0967694519578375,3.02865600004814,3.0193046602204356,3.181377527189814,3.159909981950255,2.7052823514910083,2.775102085449034,3.04231226320634,2.45137130937287,2.599980379892303,2.833577968985953,2.8126640624948838,2.616963347136194,2.437431735454015,2.4351750494558253,2.4431646449451287,2.4050179749459386,2.377612697862741,2.3231874101711774,2.2992986821087467,2.2670408394438923,2.2110473361918577
207,3.8223874929597734,3.657345218208681,3.6044094396370525,3.5203568948321693,3.689636810624381,3.864302241069805,2.4918364198185445,3.668006372737157,3.1785328126512304,3.099092604564207,3.0243889055647903,3.012604015653939,3.1856138913015837,3.166251984240346,2.6996613195506782,2.76959747244274,3.04894328844171,2.4461081153842654,2.5995253832054144,2.83571289811958,2.8088999721713344,2.6134997820784234,2.4354294184564695,2.434297986553615,2.4427000329936357,2.404237134315435,2.37596900495618,2.3209619646829385,2.2972435853892086,2.264951980700217,2.208726989151261
208,3.8345612405818144,3.659907340101838,3.6056987920311534,3.5200180350151467,3.6904184433924883,3.8634512388009865,2.4829014235630944,3.6783600598243864,3.1806181448615796,3.101275140273356,3.0200810778669367,3.005908907867639,3.189493527091498,3.172572896026927,2.694215804988526,2.7643009723886767,3.055655087226747,2.4408752753973975,2.599100575895898,2.837637737471288,2.8049060878145715,2.610144277763629,2.4335983357215842,2.433514449556429,2.4422492751605485,2.4034484807050287,2.374313968225086,2.318749964702664,2.2952113130020217,2.262886692686697,2.2064436249369637
209,3.8463972806828175,3.662673207895082,3.607269128307965,3.5201804753083565,3.691860234730232,3.862357565048457,2.474154576144598,3.688170353145959,3.1831792975416016,3.1033997207173574,3.015882040829639,2.999306725875445,3.1930424289974915,3.1788565877283204,2.6889305246987343,2.759189411524824,3.0624645512744344,2.435689903858596,2.598746753287242,2.839369042763047,2.800694082358099,2.6069005705098744,2.4319360941460806,2.432819265211328,2.4418040313899323,2.402643058796904,2.37264285705691,2.316550426586441,2.2932022090327537,2.260845461936037,2.204197755569496
210,3.8578698229442145,3.665599919255545,3.609049329346817,3.520777221168179,3.693907355266479,3.8610576540231665,2.4656034203251047,3.697449375524809,3.186313935239399,3.10554972555414,3.0119452932867694,2.9928812775712643,3.1962867163698316,3.1850865067291645,2.6837901026525808,2.7542351844148185,3.0693793188189153,2.4305664220388272,2.59850192460713,2.840920781398551,2.7962770228447447,2.603772886555138,2.4304393501645754,2.43220601230193,2.4413546003420223,2.4018113914407895,2.370950825448127,2.3143622754072184,2.2912162118397856,2.258828473815154,2.201989695075331
211,3.8689609479397307,3.668649367580041,3.6109717167389106,3.5217438611502843,3.696507158841457,3.8595905926900276,2.4572541696437966,3.7062136764590763,3.190113433177848,3.1078020530244377,3.008420875575436,2.986708346178873,3.1992483813905452,3.1912458825489396,2.6787805517515366,2.7494107936186767,3.0764022544816543,2.425517238946129,2.5984001484752715,2.8423007771349256,2.7916673334244253,2.600764790778001,2.4291032693920487,2.4316667432298336,2.440889940422168,2.4009437809308376,2.3692331791685635,2.3121844425929057,2.289252892254995,2.256835660819309,2.1998195952126403
212,3.879661828765906,3.6717900731972515,3.6129745188383287,3.5230213921912426,3.6996126312558437,3.8580000870013396,2.4491117805081926,3.7144828891972015,3.194657257189082,3.1102208221695298,3.0054482041539794,2.9808518315492387,3.2019416850189435,3.1973182755406326,2.6738905993520166,2.7446927414540605,3.0835358574684264,2.420553361588012,2.5984705672565194,2.8435076594496667,2.78687515890418,2.5978781817110743,2.4279210826454873,2.431191796007728,2.4403977686678093,2.400030602571041,2.367485606129573,2.3100159374529943,2.2873114912770323,2.2548667534281748,2.197687481355998
213,3.889973503042335,3.6749986330823505,3.6150037993026443,3.5245583009948884,3.703184846553881,3.8563359697268966,2.441180006196239,3.722278413905237,3.2000085184431324,3.112852621939155,3.0031497544736543,2.975360822843282,3.2043705434058207,3.2032884680475435,2.6691127343831473,2.74006432464067,3.0907858613377703,2.4156848305878733,2.5987365410440537,2.8445284665365684,2.78190724111969,2.5951125358934233,2.4268837902896956,2.4307697318827195,2.439864743855579,2.399062574754429,2.3657043561417423,2.3078558903426325,2.2853909540260884,2.252921329529353,2.1955932860984033
214,3.8999071215252537,3.678260734156546,3.617014787636014,3.526311831777985,3.7071943475998137,3.8546550910960344,2.433461434717289,3.729622225179063,3.2062111745056994,3.115723726250251,3.001626231950212,2.970267868954746,3.2065270880626695,3.209143624579834,2.6644438946638056,2.735517104135787,3.098163496563122,2.4109209226446393,2.599214806635466,2.845337043374111,2.7767663984988267,2.592464487320671,2.425980052370413,2.4303874222368878,2.439276731432224,2.3980309899448606,2.3638863585684886,2.305703566899419,2.2834899571870415,2.250998859196259,2.193536878781311
215,3.9094836496711087,3.6815717085496864,3.618972597155085,3.5282484349993735,3.7116214513369123,3.8530215051278716,2.4259575133728295,3.7365358690140145,3.2132890301937875,3.1188393952562725,3.0009537241421436,2.9655885633198977,3.2083914204706483,3.214874580357365,2.659885761800357,2.7310510544232782,3.105686170316445,2.406270111909374,2.59991463740569,2.845893396725493,2.771451671378248,2.5899278026875416,2.4251962846821193,2.4300302951365103,2.438619140240053,2.396927893062361,2.362029270493104,2.3035583546572656,2.2816069281349485,2.2490987425586972,2.191518089913749
216,3.9187330414476973,3.684936634904761,3.6208523541930013,3.530343442617762,3.7164555475877292,3.851505923359908,2.4186685625223747,3.7430396763466742,3.221246352964922,3.1221850867895387,3.001182992153747,2.9613223788143257,3.2099324444110446,3.2204770649216745,2.655444677818238,2.726673595397819,3.113376630923562,2.4017398288070453,2.6008370407127552,2.8461442047599617,2.7659591563159314,2.58749378291087,2.424516963947328,2.4296827397852163,2.437877316489044,2.395746198653661,2.360131454026074,2.3014197255632025,2.279740055502141,2.247220339660071,2.1895367302270863
217,3.9276929313233206,3.688370002942826,3.6226387893020635,3.532580050105591,3.7216935141072724,3.850184448006463,2.411593779848106,3.74915218276517,3.230069659751799,3.1257291814978174,3.0023406529925754,2.9574545275956625,3.211109564822837,3.225952637320936,2.651131233644879,2.722397844308541,3.1212609633427286,2.3973360885277786,2.601974080361622,2.8460247049764256,2.7602835004477613,2.585152090152164,2.423925131799606,2.4293286587483514,2.4370369805610723,2.394479746140124,2.3581918889070326,2.299287180492425,2.2778872930774647,2.2453629925517835,2.1875926048319134
218,3.936406898491659,3.6918949579161167,3.624325356504406,3.534947705138182,3.727337411652841,3.8491366209104694,2.4047312348427483,3.7548897109402266,3.2397301147285993,3.1294267141978898,3.004431673147957,2.953958520435484,3.2118749957668453,3.23130910782803,2.6469595999127717,2.7182404837591574,3.1293659429084224,2.3930630766607317,2.6033084378601226,2.8454621625830905,2.7544199663870916,2.5828919714272853,2.423403079272281,2.4289521546821504,2.4360846975053083,2.393123302944006,2.356210034837069,2.2971601845743823,2.2760463614529565,2.243526041322395,2.1856855234693935
219,3.9449223524302632,3.6955421311445833,3.6259129542579096,3.5374400133062016,3.733391654593031,3.8484428421346166,2.398077851974002,3.7602660470899085,3.250185999922178,3.1332235879997734,3.007442434893267,2.9507990757809184,3.21217641715233,3.2365602508682345,2.642946675264466,2.714219630764585,3.137716315454193,2.3889227749325133,2.604813324664086,2.8443810075274323,2.748366919360097,2.580703827348506,2.4229331909912557,2.4285383401083602,2.4350083813180694,2.391672537114302,2.3541856659025213,2.2950381045992523,2.274214754380188,2.241708837057709,2.183815308028686
220,3.9532880807989788,3.6993480494488296,3.627408325302567,3.5400522774624106,3.7398598760351702,3.8481812331847576,2.3916293807272484,3.7652921277221427,3.2613848370375886,3.1370607861102595,3.011343667965444,2.94793507051236,3.211959748246822,3.241724673128668,2.6391111198558788,2.710353024502811,3.1463324678462508,2.384914689005884,2.606452837371274,2.842709488777026,2.742128544199158,2.5785810571553984,2.4224989290108194,2.4280742627874385,2.4337978433207557,2.3901239918650776,2.3521187057001294,2.29292016134372,2.2723897588341706,2.239910755550461,2.1819817982104404
221,3.961551501529153,3.703353110699354,3.628822216528981,3.542778795581984,3.7467417216080974,3.8484240545465624,2.3853803522729167,3.7699756531203694,3.2732648937026254,3.1408781553884983,3.0160927160132416,2.9453223108910613,3.2111718546132906,3.246823784721902,2.6354723275094667,2.7066567421277075,3.1552287363741858,2.38103570967113,2.6081828240520517,2.840387339226438,2.7357175827502545,2.576522095594426,2.4220859358379654,2.4275499407868515,2.432445401431477,2.388475101129062,2.350009094814029,2.2908054096193977,2.2705684986352197,2.238131215607985,2.1801848554257734
222,3.9697556808019825,3.7075991265170867,3.630167386878676,3.545610055412192,3.754029809111292,3.8492338398927872,2.3793240265238484,3.774320566507194,3.2857559569402834,3.1446174074743776,3.0216348623965175,2.9429160096811895,3.209763064356493,3.2518789236694245,2.6320493742812463,2.7031445163715553,3.1644123314063934,2.377280107197919,2.6099523142636976,2.8373735625360834,2.7291578978597157,2.57453253798088,2.421683229247055,2.426959494739609,2.4309465646073534,2.3867242844400054,2.3478567206909617,2.2886927565611357,2.268748010493411,2.2363697048633284,2.1784243638747003
223,3.9779362223452734,3.712126476860015,3.6314565627885873,3.5485299835668758,3.7617070767180674,3.850659475753354,2.373452340119651,3.7783263890799823,3.2987793781873522,3.148224081019353,3.0279037106019584,2.940672961198514,3.207689429312749,3.2569077974348604,2.6288599680399427,2.6998275780310643,3.1738826039782957,2.373639634253095,2.6117055563893805,2.8336532091895585,2.722486711675388,2.572627220424276,2.4212844431010616,2.4263023452680113,2.4293007911291222,2.384871148550138,2.3456614327354894,2.286581023875497,2.2669253580354662,2.234625814144809,2.1767002265855946
224,3.9861181973701516,3.7169709984994026,3.632700457593928,3.551513431142676,3.7697447072284,3.8527325221591227,2.3677558748209107,3.7819874827192255,3.312247485280867,3.1516483525766046,3.0348208549790185,2.938553490248082,3.2049147183747473,3.2619205230122867,2.625919416614078,2.69671479965381,3.1836302083598715,2.3701037013749757,2.6133846861965173,2.829242070116563,2.7157564114557204,2.5708320769996167,2.4208890365055202,2.4255844097718273,2.4275122901727486,2.3829168016512248,2.3434231527551357,2.2844690529329696,2.2650977837316053,2.2328992790917033,2.1750123535610766
225,3.994313353545251,3.7221608299946327,3.6339059928408255,3.5545241056849095,3.778100763469819,3.85546411471174,2.3622238750411664,3.7852924147558653,3.326062530069996,3.1548447767526664,3.042295258653139,2.9365232948401743,3.2014121655818206,3.266915660960901,2.623239634641809,2.693812803050036,3.1936356755808024,2.3666595924863842,2.6149329904671874,2.824188624610522,2.7090358285847866,2.569185531141842,2.4205033504555247,2.4248191885150394,2.425590797527609,2.3808642565590343,2.3411420743820615,2.2823558439736518,2.263262891321568,2.2311900254519323,2.173360639651227
226,4.0025178940955275,3.727713532564111,3.6350748801323096,3.557513184982282,3.7867196088710022,3.858842787345644,2.3568443493748465,3.7882236967456477,3.340115418231047,3.1577712540363594,3.050222869001231,2.9345552913694783,3.197166008004099,3.2718767385004006,2.6208282274616455,2.6911256575534788,3.203867039741829,2.3632927049865824,2.6162986025547337,2.81857317374476,2.7024108348483615,2.5677390965828444,2.420141344621505,2.4240285840206726,2.423552217484672,2.3787188678522426,2.3388189279480205,2.280240714300506,2.2614188437661378,2.2294982131342955,2.1717449318623827
227,4.010711133890943,3.733633860036849,3.636202731403442,3.5604188626123,3.7955321302062153,3.8628334957889217,2.3516042900591767,3.7907582258355474,3.354284576486677,3.160387722754259,3.058487059279107,2.932631506568822,3.1921728418293167,3.27676983547924,2.6186877332029077,2.6886538964840057,3.2142764642526123,2.3599868258160748,2.6174382753007612,2.812504570442289,2.6959839377819868,2.5665567788617594,2.419824809793449,2.4232432622536795,2.421418995451888,2.3764887234038143,2.336455273686153,2.2781234572333804,2.259564555949136,2.2278242741890444,2.1701649895251753
228,4.0188553064483195,3.7399125235006063,3.637278845481307,3.5631670622473357,3.804456736056702,3.8673780114413923,2.346490032175009,3.792868725941877,3.3684354484923684,3.1626551833660654,3.0669604809961353,2.93074495526883,3.1864427938630913,3.2815428418527848,2.6168151648195703,2.686392838363703,3.2247962593621753,2.356724481076815,2.6183206635038125,2.8061150609138688,2.6898723065118633,2.5657128176397546,2.419582837817972,2.4225023496163027,2.4192200780320317,2.3741848998416186,2.334053778855252,2.2760044844349427,2.257699859085931,2.2261689414392425,2.168620445276092
229,4.0268967148015005,3.746526173276987,3.6382867557080156,3.5656734968804398,3.813401073631107,3.8723967251303777,2.341487750773035,3.7945263476989353,3.382421245013096,3.164535648450734,3.075508820773572,2.9289013397516683,3.180000473595687,3.2861269686940138,2.6152020636473656,2.68433061052795,3.2353352225749408,2.353487415290377,2.618928424874825,2.7995534614519513,2.684203433550838,2.56528737479894,2.4194503621439383,2.421852282584891,2.4169903388904155,2.3718215017935202,2.3316184368871076,2.273884939119728,2.255825616555101,2.224533266986473,2.1671107784884676
230,4.034768291667541,3.7534386190933895,3.639205509932044,3.5678471177869855,3.8222643741834523,3.877791774942587,2.3365840609956545,3.7957043328855713,3.3960855947850765,3.1659934196142783,3.083996672203477,2.927120322754904,3.1728856248786075,3.2904409303333146,2.6138353032714665,2.6824466868407053,3.245776758816939,2.350257251346694,2.6192585192827433,2.792976447405268,2.679107652378722,2.5653600508129664,2.4194656769240708,2.4213447010295686,2.4147694014699046,2.369415435201666,2.3291546973432844,2.2717667737653,2.2539437777686198,2.22291863184112,2.1656353133710544
231,4.042393477456313,3.7606031044617985,3.6400115327167755,3.569594804896746,3.830940314565791,3.88345135007701,2.3317666557239733,3.7963823627414515,3.4092675363976355,3.1669977720753906,3.0922952030869952,2.925436112413257,3.1651533717561433,3.294397887015812,2.61269882937927,2.6807119550425593,3.255980641191786,2.3470163456413147,2.6193203862932575,2.786537531147851,2.674707263820026,2.5660016515941937,2.419667003543716,2.4210334035011893,2.4125998648896214,2.366985907347668,2.3266694908589494,2.269652790641027,2.2520573658439798,2.2213267483579293,2.164193249879694
232,4.0496911395815225,3.767965297762008,3.640680820690206,3.570826915154967,3.8393202583238715,3.889254990575661,2.3270248965912814,3.7965509802637087,3.421808784787643,3.1675267264891303,3.1002905900292297,2.9238971378502105,3.156873938435804,3.297914696824951,2.611776347545125,2.6790911164774536,3.265790287158046,2.343748788492651,2.61913216526359,2.7803737574556644,2.671103195214584,2.567265323108743,2.420088386717374,2.420970561808815,2.410525031866777,2.3645536918919694,2.3241711496245516,2.2675466452741637,2.2501704032921905,2.2197596553393204,2.1627837270465124
233,4.0565810635438,3.775466596867595,3.6411911793799865,3.5714630870152355,3.8472967152598487,3.8950796464120563,2.322350275245472,3.796215403371296,3.4335625022002474,3.167571219815396,3.1078916042185276,2.922564662496919,3.148131725781539,3.30092234728384,2.611054700334599,2.6775475597027802,3.275046611962671,2.3404414307244834,2.618715661995147,2.7745913126065114,2.6683615610181057,2.5691786927873137,2.4207554151142947,2.4212025928523033,2.4085863350173953,2.3621402368235995,2.3216692379300086,2.2654528123787587,2.248287785145292,2.218219701993176,2.161405907811997
234,4.062989396892937,3.783047369218194,3.6415242354453174,3.5714375768465283,3.8547668423726096,3.900806141844525,2.317736683422367,3.7953981687682017,3.4444021903639284,3.167138786108019,3.115034640431207,2.9215102506876898,3.139023641669593,3.3033758437801497,2.6105273914228992,2.6760499427403968,3.283607533660151,2.3370847744593504,2.6180911857110507,2.769252592018704,2.6665033143820605,2.5717386034250476,2.4216813861838493,2.4217662393417214,2.406820736073088,2.3597667169286103,2.319174315787603,2.263376512522851,2.246415110119142,2.2167095130403203,2.160059065998956
235,4.068853386800216,3.790649838150535,3.641667035130475,3.570703440469072,3.8616358083606315,3.906325533192013,2.31318046561749,3.7941403132756446,3.4542291249537396,3.166255913121923,3.121685045690924,2.9208120628895045,3.129656594416937,3.305261612600143,2.6101975295538873,2.6745789494068566,3.29136946180963,2.3336735739472907,2.617273526977115,2.7643678625435997,2.6654995703909288,2.57490927977884,2.422864496568298,2.4226854384390806,2.4052584034292046,2.3574531341379794,2.3166976602433254,2.2613235977949455,2.2445584790026523,2.21523192556001,2.158742653337491
236,4.074124857397899,3.7982204396860313,3.6416131347285408,3.5692350778002537,3.8678198581717376,3.911544733437767,2.3086802652567218,3.792501091372495,3.4629771020068327,3.1649685336780697,3.1278345867651907,2.9205500197809746,3.120144048657362,3.306600786277408,2.610079457685904,2.6731324124631284,3.2982851263596666,2.3302070515919135,2.6162701477487382,2.7598938990648207,2.6652733140561,2.5786237109850005,2.4242864374446196,2.4239694211931555,2.4039209403925823,2.3552175493079566,2.314250964299575,2.2593003967271423,2.242724268172477,2.213789890641537,2.1574563287151847
237,4.078772101533614,3.805711578503374,3.6413631731880267,3.567028970311067,3.8732489384794557,3.9163908005384367,2.3042367040389338,3.7905564326964694,3.4706139809515224,3.1633405221941606,3.1334958251285836,2.9207999757213905,3.1106015177750725,3.3074474653652457,2.610198508179373,2.671727334253227,3.3043725424474246,2.326688719876934,2.6150821469700185,2.755740248321614,2.6657062756820187,2.5827872907025506,2.4259124991829903,2.4256122289370508,2.402820347018186,2.3530754953042647,2.311846024963901,2.257313522061148,2.2409188868756615,2.2123863398004344,2.1561999413713635
238,4.082780140614126,3.813082789148582,3.6409249773788632,3.564102758599682,3.877868774221301,3.920813482110305,2.299851949867615,3.7883964172609885,3.477140245967607,3.1614504494881253,3.1386946894921577,2.9216272071392635,3.1011408791267367,3.307881898868725,2.610588630186598,2.670398088638251,3.309712811923518,2.3231258749071633,2.613707888024428,2.751782076281091,2.6666489201098345,2.587282698848722,2.4276930674320254,2.4275935609776362,2.401958782019551,2.3510395857964506,2.3094944235949257,2.255369648202287,2.239148529495175,2.2110240253241664,2.154973470986423
239,4.0861495546912945,3.820301354464365,3.640313286530192,3.5604930395866377,3.8816423182006656,3.924785917516398,2.2955292323238456,3.786122018080385,3.482585293858146,3.159387106551511,3.1434626010218922,2.923079748569866,3.091863536192042,3.3079992597145877,2.611288007561632,2.6691909209976266,3.314437988392185,2.3195288659850735,2.6121485189163325,2.747877528857172,2.6679318970577253,2.591975502398288,2.4295662956766133,2.42988068241944,2.4013290826965257,2.3491193077770416,2.3072071971265093,2.253475267329011,2.2374189363954766,2.209705351715896,2.1537769369923803
240,4.088894250978757,3.8273424537913527,3.6395492000355096,3.5562523675963513,3.8845505306342525,3.9283037009472657,2.2912723593678863,3.7838412924636486,3.487002314045712,3.1572444150715206,3.1478292806575863,2.9251823323396717,3.0828527821044727,3.307895285756725,2.6123331788440867,2.6681555452054,3.3187124065670908,2.3159102454184644,2.610414164841651,2.743887038417437,2.6693781796413325,2.5967205571780747,2.4314617433522265,2.4324310599280343,2.40091592209912,2.3473209732251075,2.3049945000712277,2.2516364339962163,2.23573517692974,2.2084322190027077,2.1526102947860184
241,4.0910386103729,3.834188919985483,3.638659458801533,3.551445932352776,3.886592482742566,3.9313827002543436,2.287085278213093,3.781665147525426,3.4904625318000635,3.1551163159725513,3.1518170384270094,2.927931787885828,3.0741662087647557,3.307650610053269,2.613752533686478,2.667335122386562,3.3227112421626854,2.312283879103331,2.608529448011024,2.7396916721074165,2.670815619033476,2.6013695826337764,2.433304783702522,2.4351954237587887,2.4006974368791476,2.345647804253158,2.3028652642901424,2.2498585084776352,2.2341014650100854,2.2072058964913728,2.1514733373127677
242,4.092614442952566,3.8408306873686957,3.637675667420848,3.5461482995733724,3.8877848120746847,3.9340560632073673,2.28297170946351,3.779702789994756,3.4930493721471545,3.153092098471107,3.155437015661922,2.931294636707009,3.065829482297464,3.307316121561182,2.6155603012963793,2.666756213141211,3.32659945004262,2.308664070670198,2.6065372066114776,2.7352075374671054,2.672089413972216,2.6057800476422073,2.4350215277811267,2.438121010995764,2.4006471377021996,2.344100129911421,2.3008268737248176,2.2481459099854773,2.2325210124187853,2.2060269385308238,2.1503656173396175
243,4.09365811824954,3.8472640173913506,3.6366335506124807,3.540440476435072,3.8881605772627297,3.936370750114531,2.2789348686667794,3.7780570012789365,3.4948528865913064,3.1512524444246015,3.1586875557665164,2.9352072991960454,3.057833015029643,3.306901981256078,2.6177521575865836,2.6664203716062316,3.3305134901536375,2.3050647322376414,2.6044997293661734,2.7303939139605786,2.673073308028994,2.609824824791828,2.436543864600649,2.4411547764234296,2.400735907092556,2.342675674702713,2.298884880048412,2.2465018924708073,2.2309959199979312,2.204895144727178,2.149286400006841
244,4.094208135995577,3.853490593002401,3.6355723086345035,3.5344074323546177,3.887767560432804,3.938383776031329,2.274977275770582,3.776819448885406,3.495964641574098,3.149666276684323,3.1615546289422802,2.93957896100566,3.0501328206874794,3.3063727125161804,2.620303319213943,2.6662988121626565,3.3345476271113426,2.301498625769968,2.6024972983931067,2.7252542888785323,2.6736778251616244,2.613401294932803,2.4378140523226883,2.4442463520898667,2.4009338936767555,2.341369915190914,2.297042787851274,2.2449283571138934,2.2295271040697164,2.2038095592507867,2.148234648689059
245,4.094303286978678,3.8595165708115986,3.6345340922510534,3.5281360838282048,3.8866660530415467,3.9401582044143484,2.271100642967171,3.7760663347164183,3.496473218234751,3.148388379072061,3.164014043872363,2.9442969009499045,3.0426561523843416,3.305650016949637,2.623169555625794,2.6663310586271205,3.338745912057229,2.297976697745442,2.60062418275864,2.7198312075416444,2.673854065838937,2.616438191403515,2.43878822773123,2.447350519102007,2.4012121297558924,2.340176473217929,2.2953019324305637,2.2434257157406883,2.228114255845117,2.2027684999612442,2.147209041507316
246,4.093981439104853,3.8653516675671846,3.633563564864504,3.5217136574743533,3.8849261551600662,3.9417588719166297,2.2673058265266937,3.7758547538470713,3.496460489326568,3.147457731557428,3.1660350499543988,2.9492340049783117,3.0353115794173764,3.304623781360726,2.6262911013731056,2.6664278704357427,3.3431001484676637,2.294507532540279,2.598982431927242,2.7141969288581285,2.673592524087341,2.6188987745340215,2.4394383163934745,2.450428964253521,2.4015437355491587,2.339087507530332,2.293661461558166,2.241992817862071,2.2267558346820753,2.2017696087387213,2.146208012136598
247,4.093278885818238,3.871008333499688,3.632707470024292,3.51522629435572,3.8826246427292634,3.943247876673917,2.2635928283060878,3.7762201496670986,3.4959988610606416,3.1468965553101778,3.167584852237068,2.9542581528251715,3.028002196397559,3.303170280767789,2.6295990952259105,2.6664782195197696,3.3475533999453315,2.291096954211251,2.59767399903256,2.7084419947354084,2.6729175540015255,2.620779822362814,2.4397521152189494,2.45345115665867,2.4019046295943443,2.3380940662116894,2.2921184199039653,2.2406269514031294,2.2254491002482877,2.20080991828104,2.1452298070639997
248,4.092230122693873,3.876501032328405,3.6320140901473885,3.508757759934185,3.879841524338352,3.944680021111371,2.2599608360248844,3.7771751700244955,3.4951496378102878,3.1467101263830246,3.168633501674692,2.959242968580676,3.0206398868758577,3.3011749128553625,2.6330238787031295,2.6663596651340953,3.3520081664038717,2.2877478101995634,2.5967920009880157,2.702663354907013,2.6718789397721814,2.6221069656740106,2.4397316812734875,2.456394295865715,2.4022737359703172,2.3371863734926337,2.2906679260302827,2.239323924145605,2.2241901917806213,2.1998859351314115,2.144272551623212
249,4.090867877497818,3.8818456113068516,3.631532476233511,3.502388170056901,3.876656506975082,3.9460986035621213,2.2564082957148637,3.7787100569131504,3.49396256587612,3.146887433237923,3.169158575055262,2.964078992886384,3.0131581925818174,3.2985552312967066,2.636504165778404,2.6659509790971905,3.356338257324344,2.284459970341052,2.5964122734962833,2.69695320261797,2.670542269526015,2.6229276231515843,2.439390466548504,2.459242428069015,2.402632754829238,2.3363540445086364,2.2893034286472496,2.2380782291528707,2.2229742626500464,2.1989937413602356,2.1433343181420197
250,4.089223209401516,3.8870587122084,3.631311350824598,3.496192708512303,3.873145681313539,3.9475321007396094,2.2529330127422393,3.780794483891614,3.492476467540082,3.147402700551912,3.16914904475885,2.9686838193516736,3.0055215604693135,3.295279384911311,2.639995756777779,2.6651452452260296,3.360403381243109,2.281230565463702,2.5965865971267528,2.6913894462025487,2.668979615923627,2.6233030185569994,2.4387498037544235,2.4619849642474096,2.402965629374848,2.335586244090501,2.2880170288489268,2.2368832917671657,2.221795674140561,2.1981291168556396,2.1424131907845494
251,4.08732551200799,3.89215715509395,3.6313976324903874,3.4902403625691623,3.8693787718611885,3.948992281521919,2.249532278168854,3.7833805573617814,3.4907207443361576,3.1482177038334744,3.168607801892925,2.9730094709742265,2.9977295616216355,3.291376085657447,2.6434782783758055,2.663861150672489,3.3640652614971938,2.2780544683805375,2.5973388100391643,2.6860286791005707,2.6672616494454893,2.6233005889105385,2.437835361517007,2.464614929774669,2.403257886129067,2.3348718227791996,2.286799854584597,2.2357317874693874,2.2206482442524713,2.1972876809823876,2.141507322939901
252,4.085202297848816,3.8971572291379504,3.6318345903188316,3.484592717133692,3.86541724090941,3.950474109754637,2.246203015000353,3.786406574465149,3.4887174535280687,3.149284701912788,3.1675524649444533,2.9770455372633964,2.989815788749297,3.2869346492551195,2.646958587124633,2.662050263904506,3.36720363308504,2.274924988081632,2.5986644353020223,2.6809023812475186,2.66545192800827,2.6229877337413416,2.4366740874473045,2.467127308692083,2.403496036283423,2.334199469212346,2.2856424706784533,2.2346160102628496,2.21952553789222,2.1964650481675334,2.1406149843594187
253,4.08287870254482,3.902073851000792,3.6326597019706766,3.4793028289624237,3.861313391149734,3.9519574835204443,2.2429419353402595,3.7898011005326815,3.48648365366201,3.1505497519493257,3.1660143638249374,2.9808173287637727,2.981842069268518,3.2820960777731503,2.6504700211072003,2.659698981012141,3.3697300690969385,2.2718347129836443,2.6005336756495985,2.676016742115637,2.663603757091555,2.6224274684300553,2.4352919944902207,2.469517811724544,2.4036672010048816,2.3335579116093865,2.284535303356013,2.2335282632885836,2.2184211772640476,2.1956569886996653,2.139734596726916
254,4.080376718104771,3.9069195958452974,3.633902353152339,3.474414177080121,3.8571104236919345,3.9534105278445657,2.2397456965296776,3.7934869777170954,3.4840337543464286,3.151956152118067,3.1640358830876467,2.9843792512854694,2.973889104200355,3.277037327270115,2.654067468389133,2.656825203278738,3.3715976620561623,2.2687764109077646,2.602897014354351,2.671355970400766,2.661759666580595,2.6216761848913226,2.433712956277109,2.4717823009216073,2.403759066478127,2.3329361850966084,2.2834690550548546,2.2324612398088206,2.217329147754837,2.1948595846323524,2.1388647578137414
255,4.077714240853044,3.911703658152181,3.6355815766103774,3.4699596874364476,3.852843238619524,3.954793907854434,2.236611043655091,3.7973849733873433,3.4813816662142956,3.1534477689352296,3.161666618860625,2.9878044510467943,2.9660447712815046,3.271950875905625,2.65781902222749,2.653471036843817,3.3728053421846846,2.2657438791689355,2.605692391848886,2.6668883867563844,2.6599531814070643,2.62078338630581,2.4319584827618153,2.4739169588635144,2.403760194383033,2.332323960693684,2.2824350850308104,2.231408364136423,2.216244074995629,2.194069370702624,2.1380042554899337
256,4.0749040927987,3.9164308464384865,3.6377040785071832,3.4659608753723403,3.8485396666359737,3.9560655141374284,2.2335349280433485,3.801416894022034,3.478542611439596,3.154972035276901,3.1589590076864296,2.991172390701629,2.9583914351930845,3.267021560070289,2.661795659667029,2.6496934163698667,3.373396791496059,2.2627326403624304,2.60885293121032,2.6625741232669617,2.658212198086866,2.6197929483497795,2.43004826783037,2.4759191182371683,2.4036606243042096,2.3317119106683455,2.2814257338906696,2.23036406719495,2.215161451487364,2.193283450470497,2.1371520733075235
257,4.071953232903011,3.9211007468166312,3.6402628252718445,3.4624272252366626,3.8442218154061814,3.957184897034699,2.2305145960078434,3.8055081074185786,3.475534513432212,3.156482446349716,3.155964190297054,2.994556370260562,2.950993872867716,3.2624032406111088,2.6660608108980823,2.6455545340130673,3.3734549691643014,2.2597403972315364,2.6123142722915818,2.658372970430053,2.65656299033364,2.618745203573746,2.4280011635769148,2.4777885013813457,2.403452624939364,2.331092068093585,2.280434574675984,2.2293239783751178,2.2140777948653505,2.192499577877648,2.1363073890713564
258,4.068862397296577,3.9257071973112363,3.6432364463611515,3.459355993269692,3.8399072910106593,3.9581169653285078,2.227547647658123,3.809589516653717,3.472378930892812,3.157940436406233,3.1527288485277607,2.9980130715819486,2.943889696876875,3.25819892631917,2.670661751552183,2.6411135648034434,3.373093783169484,2.256767190731544,2.6160206335620355,2.6542508859214973,2.655033744864352,2.617679014786873,2.4258361749076736,2.4795285030305427,2.4031314024682944,2.330458129847524,2.279456578556694,2.2282850231960545,2.2129907245980456,2.191716194805699,2.135469567073638
259,4.065626376012645,3.9302381946619867,3.6465896364441948,3.4567326329213084,3.8356101754580916,3.958834670674827,2.2246320701429454,3.8135990960322226,3.4691015340516245,3.159316587527514,3.149293574732545,3.001575886230382,2.9370840787635837,3.254448337504188,2.675624336699904,2.636420661565125,3.3724483808714423,2.253815245107669,2.6199287956117585,2.650183953746269,2.653656641278353,2.61663305774875,2.423573106471453,2.4811471253894206,2.4026955747583236,2.3298056547228256,2.278488189001541,2.227245424663637,2.2118989505943016,2.190932417471518,2.134638144043117
260,4.062235041878587,3.9346763100686752,3.650274621307858,3.4545319773376337,3.8313417582066274,3.959320613279347,2.2217662517352794,3.8174831154222053,3.4657321404075336,3.1605911884121713,3.1456930092413824,3.005253057459095,2.9305498957800147,3.251125653758823,2.6809517733344226,2.6315136546852838,3.371665136702521,2.250888526893203,2.624009411502863,2.6461591363965224,2.652467842863885,2.6156457848421892,2.4212326267801996,2.482657261832281,2.4021472735186284,2.329132121901937,2.2775273040628647,2.2262046146785663,2.2108021761329173,2.1901479695710755,2.1338128088043695
261,4.058675109971949,3.9389996270852965,3.6542336106592526,3.4527201847526863,3.827111096261446,3.9595676702972282,2.2189489821857076,3.8211971378628062,3.4623043352812015,3.1617542004408525,3.141957577381321,3.0090306863843326,2.9242332812248573,3.2481477491402737,2.6866271983364043,2.6264173773837087,3.3708919930776586,2.2479920845368895,2.6282454622785725,2.6421718756880104,2.6515052864435398,2.614753933158809,2.4188357031831123,2.484076202623755,2.4014918286407365,2.328436836908062,2.27657317192159,2.2251630694133993,2.209700927485449,2.1893630673390794,2.132993376217269
262,4.0549324570965855,3.9431831433102027,3.65840202853277,3.4512573014643446,3.8229255004148963,3.9595788343501215,2.2161794415616765,3.8247067896193805,3.4588547011060755,3.1628046825322595,3.1381162821902255,3.0128796994512737,2.918063367182333,3.2453908506847213,2.6926191308979974,2.6211451049472245,3.3702695426622524,2.2451312658410387,2.632628228864106,2.6382212887983654,2.650804721468805,2.6139898651130404,2.416402548178435,2.4854244461709016,2.4007370911900017,2.3277206973243865,2.275626210330168,2.224122088290666,2.2085963313046024,2.1885782691054363,2.13217975683547
263,4.05099470913845,3.947200507081801,3.662712209552563,3.450100172182692,3.818791025607566,3.9593664616173023,2.2134571761317474,3.8279882072087994,3.45542167283657,3.1637496809990537,3.134199767455084,3.0167651707792267,2.9119641653513346,3.242712164324387,2.698888543678264,2.615701321644341,3.3699231466396276,2.242310927560689,2.63715168634521,2.634304215803777,2.650394910780915,2.6133783707361644,2.413951349988251,2.4867240755464537,2.3998925333135523,2.3269858536786163,2.274687766656313,2.2230835397062645,2.207489866245862,2.187794307210442,2.1313719244195513
264,4.046853742081039,3.951025899724048,3.6670971879804486,3.4492053611752427,3.8147130057270795,3.958951103857809,2.210782057753543,3.831028005059129,3.4520440294682513,3.164602530239627,3.130242806964014,3.0206560144831207,2.9058662255833374,3.239972593730726,2.705396267795103,2.6100849562485022,3.369956373113666,2.239534753218664,2.641806581973399,2.6304096191521094,2.6502931564492114,2.61293373366055,2.4114971089116324,2.487997051747463,2.3989683023255832,2.326235316468421,2.273759841943559,2.2220495980353685,2.2063831161657257,2.1870119215661354,2.1305698835881524
265,4.042507765580772,3.9546358498224867,3.6714942083159228,3.448531756923069,3.810696617363667,3.9583600513597554,2.2081542243068912,3.833822621334585,3.448759071379461,3.165380560429707,3.1262855627175234,3.024533091945161,2.899715978184036,3.2370569047780933,2.712109579763092,2.604292316720193,3.3704460142072747,2.2368047724929205,2.6465755583762056,2.6265148009801687,2.6505022883921026,2.6126578166125594,2.409050850185731,2.4892637411752827,2.3979743783210514,2.325472556722859,2.272844804775045,2.2210224945373254,2.2052775490171057,2.1862317115820664,2.1297736394682967
266,4.0379627287817605,3.958010836022969,3.6758476398446107,3.448042619599955,3.8067473141746397,3.9576254945291156,2.2055740001461626,3.836376991679102,3.445600804121437,3.166102722180073,3.122373694058737,3.0283946227650222,2.8934813651368074,3.2338878774747863,2.719006866074575,2.5983190735329376,3.3714389941163554,2.234121110411054,2.6514302680451616,2.6225843587885613,2.6510097476768193,2.6125396064121658,2.4066193805391376,2.490541916260243,2.396919939128397,2.3247011381180345,2.271945108161274,2.2200043004733767,2.204174348075396,2.1854540279438552,2.1289831733180686
267,4.033232608308218,3.9611364368652375,3.68011065644165,3.4477067843615288,3.8028711712424372,3.9567824247192775,2.2030417880788193,3.838702626169202,3.442598352964281,3.1667868378907857,3.118556977094159,3.032257476927554,2.8871523574288447,3.2304301120939174,2.726079037859104,2.592161204282405,3.3729521067489556,2.2314820720785917,2.6563301878055796,2.6185712979914584,2.6517883685201844,2.6125563271126078,2.404205854512087,2.4918468749751477,2.395813360338388,2.3239245802432227,2.271063075714917,2.2189967880506547,2.20307433667417,2.1846789470809025,2.1281984356865924
268,4.028338732824411,3.964003799769294,3.684245471476305,3.4474988152398143,3.79907530408153,3.955867576531742,2.200557960117993,3.840815848953353,3.4397742237592306,3.1674457323786824,3.1148851437559797,3.0361524859006286,2.8807370483514783,3.2266864185406483,2.733328419248722,2.5858156354241526,3.3749768404837246,2.228884740490768,2.6612260212798855,2.6144217113356505,2.652799607356185,2.6126758206269485,2.401810542560886,2.493191771831933,2.3946623185964073,2.323146271009348,2.2702007694016944,2.2180013394801383,2.201977960443431,2.183906287510933,2.127419348922037
269,4.023308948787331,3.9666094731718866,3.6882234544037003,3.4473985201437625,3.7953676553987403,3.9549173392839605,2.198122758437512,3.8427345666565356,3.4371417713508494,3.1680835642278486,3.1114032094780883,3.040117299559594,2.874257042881237,3.22269356009107,2.7407667849276693,2.5792799136228384,3.377480364672124,2.22632544615367,2.6660664506123566,2.610083861073887,2.654000713069652,2.6128612815478247,2.3994320758399432,2.4945880396277644,2.3934736891593578,2.322369249475912,2.2693598618774438,2.217018864416672,2.2008852445572513,2.1831355727138937,2.126645781576962
270,4.018176297461983,3.96895532669068,3.692024996551955,3.4473909749090472,3.791757695122938,3.953966197096298,2.1957362224088284,3.8444755534467387,3.4347047079350026,3.168693411956757,3.1081470235454773,3.0441876685337323,2.867739828274874,3.2185092978684353,2.7484107515531813,2.572550979664501,3.380407080008874,2.2238001674683323,2.6708027894582242,2.6055144450696024,2.6553506346039697,2.613076141348208,2.3970691314841437,2.49604689143351,2.3922540549435594,2.321596248642245,2.2685416041473916,2.2160498536154636,2.1997958564049553,2.182366093418818,2.1258775541682624
271,4.012976416466908,3.971047330053957,3.6956363416997142,3.447464169132144,3.788254937698335,3.9530446833972865,2.1933980878970405,3.846053470384647,3.4324579878089816,3.169256676184639,3.1051402748937713,3.0483895139800685,2.8612113094616785,3.21419555954489,2.756275057606649,2.5656242764243986,3.383688777583763,2.221305359511568,2.675396491269042,2.6006836365290447,2.6568139706399383,2.613286665048009,2.3947211556563137,2.497580232515537,2.391010222898868,2.3208299038270734,2.267746891856554,2.215094425988757,2.198709268993139,2.1815970773682705,2.1251144871855123
272,4.007746099466104,3.9728947727994353,3.6990481049327997,3.4476080142094143,3.784868753868012,3.9521793597097106,2.191107790891627,3.847479183126539,3.4303875448128576,3.1697423771325335,3.1023913934746714,3.052730493302981,2.8546900790508314,3.209808136838639,2.7643690659335247,2.5584944675825025,3.3872499173494717,2.218838430108971,2.6798260188935688,2.595579709888897,2.6583664082926433,2.613465661498328,2.3923892385602237,2.4992013159116286,2.3897493040864966,2.3200727429472674,2.266976310113532,2.2141523961659857,2.19762483529937,2.180827732993725,2.1243563938783407
273,4.002521786316361,3.974509374750748,3.7022546197353083,3.447814078819603,3.781608430776023,3.951391335535946,2.1888644661911005,3.8487585837339577,3.428471709571441,3.1701079027355012,3.099891265331662,3.057194693767203,2.848183730701914,3.2053891451829806,2.7726945498905873,2.5511562250530724,3.391012281633066,2.2163978894800835,2.684090627719516,2.590210292912909,2.6599983352356866,2.613595054844824,2.3900764373579637,2.5009247658254394,2.3884785002037385,2.319327042408421,2.2662301644013594,2.2132234189787385,2.196541879132028,2.180057308615667,2.123603093793773
274,3.9973380745501874,3.9759041965521575,3.7052514121825224,3.448074267322899,3.778481795436417,3.950695850625473,2.186666997441118,3.849894294639319,3.4266851622353034,3.1703046854252506,3.097617519058666,3.0617452851699722,2.8416893413790305,3.2009623100675104,2.781243867268203,2.5436048798988247,3.3949017277846547,2.21398341955279,2.6882104711143455,2.584598970323957,2.661713587502906,2.6136647717230046,2.387787230957271,2.5027661493146165,2.3872049734937546,2.318594891888633,2.2655085585601147,2.2123070182848403,2.1954597940818115,2.1792851863695404,2.1228544425717226
275,3.9922279428195795,3.977093564493565,3.7080356806304757,3.448381856892739,3.775496137019963,3.950104097726619,2.184514121600106,3.850886606628616,3.4250002723205535,3.170280508892246,3.0955359402701226,3.0663263814336927,2.8351953646627113,3.1965358811756914,2.790002848504635,2.5358393455599453,3.398854192022661,2.211595747983491,2.6922233810391303,2.578780135820509,2.663526503255565,2.613670340519104,2.385526366339122,2.5047405148827586,2.3859352052970837,2.3178780239579186,2.2648114300093924,2.211402679996476,2.1943780725721806,2.17851087968297,2.1221103273015025
276,3.9872221032186457,3.9780923362169407,3.7106061806169426,3.4487315931702103,3.772657431668044,3.949621810231962,2.182404492805143,3.851734981385884,3.42339161537983,3.1699867924112954,3.0936066570996665,3.070871977150956,2.828687235946206,3.192110452716169,2.7989538947244377,2.5278627794802486,3.4028160414439537,2.2092361369248015,2.6961789626590793,2.5727940832572234,2.6654592443124208,2.613611089006165,2.383297919748934,2.5068607118357646,2.3846741130810347,2.3171774831836798,2.264138503707903,2.2105098912745644,2.193296307860272,2.177734009343622,2.1213706687895417
277,3.982349729847103,3.978915966209173,3.7129634221606085,3.449120786885979,3.769970941689898,3.9492516677205804,2.1803368146786632,3.8524414883308005,3.4218392510942577,3.1693855719337263,3.0917914438303478,3.0753164302159766,2.822152668839255,3.1876858539530066,2.808079324744878,2.519683302322828,3.4067455779951326,2.206905952868604,2.700129362066621,2.566679664299492,2.667534935285655,2.6134852978137673,2.3811039020049023,2.509135907332396,2.38342463560802,2.3164935752722147,2.2634892781115092,2.2096280929404575,2.1922141591010122,2.176954285342746,2.1206354212995446
278,3.977638766738746,3.9795806394534643,3.7151106505150606,3.4495498881197033,3.7674413276876666,3.948994045264519,2.178309897106521,3.8530116115217314,3.420330667355292,3.1684522081511357,3.090057142542789,3.079602121094595,2.81558586382919,3.183269604207367,2.817366127521134,2.511315237305559,3.4106166165733507,2.204606381269703,2.704122428306712,2.560469929781463,2.6697732000374845,2.613287063148397,2.3789431708077062,2.51156987529465,2.382187051368308,2.315825647655999,2.262863011135344,2.2087567475244785,2.1911313637161967,2.176171481063641,2.119904568800076
279,3.9731157110029214,3.9801027658120844,3.7170538589659534,3.4500230153438243,3.7650729119308983,3.9488473759324263,2.1763227124278317,3.8534560595483316,3.4188636246629094,3.1671817492245484,3.0883819320872647,3.083688228004393,2.808990416201554,3.178881313329755,2.8268074921768407,2.5027773784631253,3.414412394973142,2.2023379570544597,2.7081948112105474,2.554189702306178,2.6721880501006954,2.6130054108172023,2.3768114135684257,2.5141606009604587,2.3809588156916037,2.315171953424484,2.2622586343577322,2.207895278382801,2.190047666978389,2.17538537437819,2.119178110206355
280,3.9688058796528294,3.98049906327736,3.7188018582472555,3.4505477216136144,3.762869910715727,3.948809557803884,2.1743744125128424,3.8537913126515315,3.4174458149234295,3.1655891128464306,3.086757062993887,3.0875543556120566,2.802379680752389,3.17455311426319,2.8364032815737734,2.4940921074707103,3.4181256330542475,2.20010051863044,2.712368560516761,2.5478542506100514,2.674785407874542,2.6126227659343426,2.374701107204232,2.516900410812342,2.37973484575453,2.3145297964764766,2.2616747809321875,2.2070430663177234,2.188962837469808,2.1745957691540334,2.118456064321852
281,3.964732297118524,3.980786038320762,3.7203656031192804,3.4511343090566804,3.7608362817861227,3.9488774690329804,2.172464275566646,3.8540377759062165,3.416093832759719,3.1637058678669447,3.0851855152488845,3.0911991902039806,2.7957741150478332,3.1703250957549676,2.8461586809560373,2.485284146886127,3.4217565899522,2.197893301441784,2.716651519003591,2.5414711735875395,2.677564971126053,2.6121170229580186,2.372602552679229,2.519777157017714,2.3785081695804555,2.313895773269626,2.2611098778756533,2.2061995195499224,2.187876700018484,2.1738025062455093,2.1177384660117844
282,3.9609150716668684,3.9809793544452017,3.721757492716773,3.451794941288121,3.7589756267184793,3.9490465001824138,2.1705916597956767,3.8542185488235896,3.4148311610812163,3.1615791069381016,3.08368156104858,3.094637599007307,2.789198423511834,3.166239217803824,2.856080284191303,2.4763783015462875,3.425305919972523,2.1957149485934173,2.7210393177711403,2.535043287002416,2.680523345729597,2.611464353296687,2.3705052321380524,2.522776115526502,2.377270801715201,2.3132660365405417,2.2605621880045668,2.205364045306812,2.1867891317711217,2.1730054823262446,2.117025365841431
283,3.957370075623366,3.981093197593566,3.7229897532833567,3.4525416473707393,3.7572903625326064,3.9493098762054277,2.1687559135856285,3.8543562979111146,3.4136841454540194,3.1592633196072253,3.08226569185561,3.0978931067181747,2.7826768836743003,3.162329941242997,2.8661723036353863,2.467398807576887,3.428775838452336,2.193563913423277,2.725520702278923,2.528571891877945,2.683657497106092,2.6106421403826907,2.3683991813432845,2.5258824001073417,2.3760149953242715,2.31263685474508,2.2600300024404776,2.2045361388652287,2.18570014533852,2.172204727962381,2.1163168447997225
284,3.954108014473497,3.9811398219466456,3.7240735109398826,3.453385356130119,3.7557814827925196,3.9496578098595845,2.1669563016689883,3.854470408877466,3.412678905930357,3.156814774009392,3.080960439377855,3.1009898684396955,2.776228929787641,3.1586156693839005,2.876432478506458,2.458368493376948,3.4321685060065708,2.1914386805613537,2.7300823831664567,2.522059742602983,2.686968614441273,2.609632170254865,2.3662762775966146,2.5290830835855056,2.37473420033277,2.3120049948846,2.259511806597902,2.2037154504759027,2.1846099430899284,2.171400458027435,2.1156130195136003
285,3.9511337060227665,3.9811289998831523,3.7250178189067427,3.4543344652918297,3.754447833506358,3.9500762604499746,2.165191948971189,3.854574723711748,3.411837583289853,3.1542866405496115,3.0797870535586216,3.103946888863082,2.769867149392569,3.15509466033728,2.886849264347292,2.44930824584039,3.435483539665015,2.189337925111812,2.734713652574426,2.515513265060338,2.690465513352036,2.6084232064607167,2.364131266940354,2.5323692481725235,2.37342388216411,2.3113680579884295,2.259006371545956,2.2029017937073894,2.1835189270130195,2.170593095977648,2.1149140468297
286,3.9484460501941183,3.981068159997667,3.7258291867281743,3.4553942057798857,3.7532859112795656,3.9505470925717785,2.1634618081634756,3.8546757704915353,3.411175453088552,3.1517227678246815,3.078761684884617,3.1067736549705933,2.7635959730221016,3.1517433516748503,2.897401271960377,2.44023758687658,3.438722325287527,2.1872607118537886,2.73940892880216,2.5089426166131545,2.6941648968442,2.607011182352431,2.361961924688986,2.5357368573562686,2.3720819657065544,2.310724775411025,2.258512895677434,2.2020951981180916,2.1824277371911878,2.16978331213363,2.1142201306961628
287,3.946038607652232,3.9809627087336854,3.7265121957504705,3.4565671339566917,3.7522901959594304,3.951048110245097,2.161764672233862,3.85477250155794,3.4106997486523647,3.1491556997785577,3.0778945118313854,3.109469945054795,2.757413057837552,3.1485204062915604,2.908058539477365,2.431174912400877,3.4418875864868506,2.185206436143637,2.744167146753046,2.5023606027057195,2.698090145790047,2.605398221933633,2.3597687780850043,2.5391867793817795,2.3707087721490487,2.3100750394909366,2.258031044747872,2.2012959066770845,2.181337223180159,2.168971996259491,2.113531516415413
288,3.9439008319544473,3.9808164775334536,3.727070224879994,3.457853500134758,3.751453427596863,3.9515543740973356,2.1600992171240065,3.8548573090787546,3.410408909784353,3.146606123192353,3.0771905609363532,3.1120298562456976,2.751312748974848,3.1453759743277327,2.9187860930818235,2.4221380404044677,3.444984552646547,2.183174696361542,2.7489889723857175,2.495780623032424,2.7022683822021047,2.6035904629204003,2.3575543409889352,2.5427239234276358,2.36930659607862,2.3094197813822026,2.257560873285617,2.2005042992252686,2.1802483678958957,2.168160201383814,2.112848479926517
289,3.942019501735416,3.9806326056892827,3.72750678978646,3.4592525586937644,3.750767508179751,3.9520400625439542,2.1584640663298167,3.854917828380289,3.410293584799849,3.1440834856948836,3.0766509659529584,3.1144464278020667,2.7452891027898536,3.1422600079998526,2.9295478924131166,2.413144575937207,3.4480224111373814,2.1811651507597216,2.7538723059067065,2.489214109589048,2.706725797676911,2.6015946423343848,2.3553220077881867,2.546355685724608,2.367879112332252,2.308760815228132,2.2571027943763013,2.199720867587515,2.1791622395843713,2.167349094266885,2.1121713191369267
290,3.940380424721151,3.980414323979965,3.7278269060244336,3.460763903619976,3.75022452639469,3.952480526275646,2.156857863294925,3.8549393371261607,3.4103382324632756,3.1415886536162203,3.076275410515443,3.1167176742978917,2.7393394786584695,3.1391321936737917,2.9403112922103953,2.4042120060272465,3.4510136684916066,2.1791773226852214,2.7588071240735617,2.482668380321063,2.7114835035329388,2.5994152424851302,2.3530750558701277,2.5500902108928902,2.3664306134656545,2.308100517826935,2.256657437944667,2.1989461333599896,2.178079902530399,2.166539871386638,2.1115003364576443
291,3.938969606731994,3.980165437724567,3.7280379196995783,3.4623883421707724,3.7498176728987,3.952854525979852,2.155279336309809,3.854907198872419,3.4105228968137125,3.139116929731011,3.076063784783497,3.1188505885358815,2.733466413837332,3.135967870980769,2.9510498561535496,2.3953574999862743,3.453972860991629,2.1772104979615285,2.763772669395115,2.476145951092393,2.7165551853481498,2.5970529118016774,2.350816001772797,2.553934918828835,2.364965340585989,2.307441518180882,2.2562254978383667,2.198180558575428,2.1770023411916375,2.165733693314944,2.110835824173362
292,3.937773977747413,3.9798906934223,3.72814993793987,3.4641287151391804,3.749542245277184,3.953146019801572,2.153727348098415,3.854808929393255,3.410825454505286,3.136660350239506,3.076016787884283,3.12086189110459,2.727677605754349,3.132759258687696,2.9617444653285583,2.3865975810775906,3.4569158278140377,2.1752637249221296,2.7687359179251603,2.469644492493257,2.721945632275969,2.594503584388235,2.348546234930444,2.557895535024046,2.363487053924141,2.306786477254921,2.2558076464734236,2.197424520690191,2.175930429924978,2.164931650703116,2.110178056196757
293,3.9367816902774972,3.9795957135072597,3.728175508521116,3.4659900031780655,3.7493962903756883,3.953345785333507,2.1522009248687115,3.8546357771763087,3.4112233055118883,3.1342095033710673,3.076135512073349,3.1227761424215332,2.7219845474159614,3.1295130165868463,2.972382305136121,2.377947654153131,3.459857749662576,2.17333587878403,2.7736530833938504,2.4631581595066114,2.7276516173550673,2.5917592052462175,2.3462661021799605,2.56197583471593,2.361998853809216,2.3061379311526777,2.2554044471644303,2.1966782718226376,2.1748649069067874,2.1641347397966855,2.1095272819044366
294,3.9359816703960986,3.979286541260568,3.7281286853350277,3.467978653995043,3.749380302761219,3.9534515181831034,2.150699254767222,3.8543833399304845,3.4116944829218734,3.131755044263116,3.0764205019789586,3.124621655433517,2.716400250338965,3.1262450420005523,2.982954236151335,2.3694215318603513,3.462811063817231,2.1714257793977816,2.7784735169629684,2.4566797283834307,2.7336645944503135,2.5888095995634606,2.3439753091645184,2.5661780582739446,2.3605032609374184,2.3054982486148323,2.255016313053413,2.1959419297345746,2.173806375328018,2.1633438653785872,2.108883725048229
295,3.93536309030286,3.9789692235507226,3.7280240318196984,3.4701019337694414,3.7494970231531273,3.9534674323866756,2.1492216704220057,3.854051531716416,3.4122185095890147,3.129287565759965,3.0768696722673905,3.1264244493127245,2.710936396981199,3.122973457125739,2.993451311566127,2.361031098767202,3.4657839963342147,2.169532356792429,2.7831447830128293,2.4502026114498814,2.739973716322882,2.5856445526601886,2.3416734093287372,2.5705036995862156,2.3590024734937267,2.3048696687866648,2.2546435169309786,2.195215502031159,2.1727553293444735,2.1625598587955195,2.1082475873619146
296,3.9349144525410265,3.9786491229701753,3.72787526452265,3.472367047316747,3.7497507092497337,3.9534033093994476,2.147767616517214,3.8536439224048427,3.412776619465096,3.126797146470878,3.077476071561653,3.128202483804032,2.7056007944977933,3.1197118931047982,3.003861337653501,2.3527862063844367,3.468780714849452,2.167654809388728,2.787618459177825,2.443722690663248,2.7465692447392005,2.582255987291226,2.3393602968829446,2.574954374940366,2.357498646453903,2.304254380486986,2.2542862176289065,2.1944989117079086,2.1717121934979953,2.161783512864398,2.107619053678005
297,3.934622787721882,3.9783302631697084,3.727694029134728,3.4747802714928024,3.7501461826582805,3.953272563882269,2.1463366160741093,3.85316698690932,3.4133521899884594,3.124273656943277,3.078226575591155,3.1299615524809012,2.7003958795057685,3.116465253006048,3.0141666856048515,2.344694728865133,3.4718012520103376,2.165792702894448,2.791855209241475,2.43723945255672,2.7534455029296803,2.578639759354037,2.337036593864756,2.5795325503731887,2.3559940434788245,2.3036545380997477,2.253944473240515,2.1937920190701434,2.1706773440662226,2.1610156028132503,2.106998296221648
298,3.9344733030471453,3.9780150845337046,3.7274892159624886,3.477346456711891,3.7506879758658433,3.9530906318795482,2.144928245977795,3.852629784303636,3.413931407959468,3.121707381753971,3.079101279237228,3.131693603712709,2.6953183859663956,3.1132283584311073,3.0243437462378164,2.336762743460608,3.4748418605651263,2.163945994360582,2.7958277005349697,2.430756140003634,2.7606021638475444,2.5747961631226883,2.334703676639212,2.5842417326748075,2.35449107945383,2.303072260366533,2.2536182481082276,2.193094647764027,2.169651129858798,2.160256896426304,2.106385476888087
299,3.9344493272545265,3.977704270484219,3.7272666849226828,3.4800686809711525,3.7513792482982873,3.952873508558559,2.1435421222409548,3.852043583237279,3.4145038291685363,3.119090206908471,3.0800742955046063,3.1333787435545544,2.6903607032050996,3.1099887911338913,3.0343648677955457,2.3289948811654577,3.477896389267076,2.1621149479559674,2.799520135312008,2.4242789583178626,2.7680437535929796,2.5707293051078786,2.3323634013517913,2.589086187567067,2.3529922428233983,2.3025096175067996,2.2533074162998625,2.1924065992016364,2.168633884963417,2.159508158337101,2.1057807495146172
300,3.9345327227887985,3.977396885653878,3.727029853062956,3.4829484035170637,3.7522208878010397,3.952636164659353,2.1421778883655573,3.8514215796465967,3.4150628141714545,3.116417621304672,3.081116429215304,3.1349908049283073,2.6855137335736656,3.1067335541695367,3.0442023392035313,2.321394682112847,3.4809562766032696,2.160299973966075,2.802924937294288,2.417815722236769,2.775777824576116,2.566445766725311,2.3300176001021145,2.594070118386284,2.3514998943909147,2.3019685525451576,2.253011726417477,2.191727635438154,2.1676259073522193,2.158770130092706,2.1051842594328467
301,3.934704650370577,3.9770908578061865,3.7267805615935727,3.485985907680532,3.7532108276915324,3.952391475442467,2.1408352021878954,3.850778469340175,3.415605534579564,3.113689823903213,3.0821974807091816,3.1365036698949815,2.6807698026394617,3.10345584664934,3.0538330614318707,2.313964965479127,3.484011929126135,2.158501490838433,2.806038061456882,2.411374339218264,2.7838122299821393,2.561952951231179,2.327667513550318,2.599196522839558,2.3500160197216884,2.3014508237148377,2.252730788784708,2.191057484817087,2.166627451899226,2.158043518107881,2.104596144534175
302,3.9349462127686556,3.976783338806507,3.7265197396151835,3.489180669930337,3.7543437327522424,3.9521495381073874,2.1395137290085104,3.850130133579811,3.416132891959369,3.110912453673074,3.0832880195054493,3.137896233211812,2.676124657843469,3.100159827955797,3.0632422520738904,2.306708033962191,3.4870537065509692,2.156719819198619,2.8088549430706906,2.4049617591209613,2.7921528588280276,2.5572579109120506,2.3253134237783404,2.6044663386244133,2.34854205068655,2.3009579806832723,2.252464085725004,2.190395850102509,2.1656387331087674,2.1573289889089886,2.1040165369969386
303,3.9352389926580704,3.9764710160570127,3.7262478912969597,3.49253160187386,3.7556109107398084,3.9519173202867655,2.1382131385045744,3.8494935425190535,3.4166495888761017,3.1080974946162705,3.084361030367421,3.1391553004114208,2.671578262759231,3.0968622304054145,3.0724250920597633,2.2996256840210463,3.490071388636359,2.1549551119042296,2.8113680791898217,2.3985835469146117,2.80080246757395,2.5523668845956253,2.322954536544424,2.6098780488588593,2.347078797073488,2.3004913342838123,2.252210975465114,2.1897424178231457,2.1646599285501735,2.156627165697047,2.1034455639653777
304,3.935565366100314,3.976150412580345,3.7259653513580906,3.496037084455416,3.757000296373695,3.9516985609900974,2.1369330917820744,3.848885929366766,3.4171633722175523,3.105262388588909,3.0853922703455803,3.1402759782312066,2.6671344730305915,3.093590864639353,3.0813866189335464,2.292719195228029,3.4930548147790352,2.153207355505191,2.8135663446074766,2.392243848146972,2.8097602080517916,2.547285316851577,2.3205890421231508,2.6154277034464872,2.3456265489059978,2.3000520247563667,2.251970756233232,2.189096909486616,2.1636912093559233,2.155938646958536,2.102883351598121
305,3.935908717659264,3.9758181082145403,3.725672356521364,3.499694927270567,3.7584965733620863,3.9514937585499177,2.13567322440123,3.848323729362955,3.4176836024921977,3.1024278442233726,3.08635955230483,3.141259548778095,2.6627997500795226,3.0903802997082463,3.0901393903613106,2.285989236232782,3.495994152890066,2.1514764212260973,2.8154366295781204,2.385945798869572,2.8190221832496714,2.542018457856849,2.318214384516508,2.6211094017100436,2.34418532910787,2.2996411728056145,2.2517427651295026,2.1884591338203174,2.1627327797195472,2.1552640357139192,2.1023300307055677
306,3.936253622260343,3.975470900757245,3.7253689894831727,3.5035023958297566,3.760081621897528,3.951300379286163,2.1344331329813726,3.847821694391167,3.4182200821522093,3.0996156875472547,3.0872417302431843,3.1421098023370257,2.6585811475974244,3.0872652929147755,3.098699185067603,2.279435706618777,3.4988791599264193,2.149762139353052,2.81696692121744,2.3796921298114597,2.8285826981815188,2.5365723354834593,2.315827691099305,2.626916118118744,2.3427551798643598,2.2992600207319307,2.251526468783862,2.187829033939574,2.161784913598686,2.154603969446181,2.1017857421424004
307,3.936585903253654,3.975105959900158,3.725054982936249,3.507456130474395,3.7617350804914738,3.9511134176814835,2.1332123675470083,3.847392218231256,3.4187819313496774,3.0968464893616896,3.08801744960006,3.142828988293229,2.654484241863224,3.0842741557474516,3.1070806263876825,2.273057670333445,3.5016993860513796,2.148064382321001,2.8181497546545264,2.373485683720576,2.8384354718671934,2.5309545566350566,2.313426155149452,2.632840483280308,2.341336408065003,2.29891005512562,2.2513215518273553,2.1872067356127505,2.160847987968295,2.1539591469221393,2.101250639878591
308,3.9368928476773806,3.974721064768082,3.72472973732744,3.5115522454558143,3.7634350384097788,3.950926268104262,2.1320104334197354,3.847044950565233,3.41937670862301,3.0941376163657055,3.0886641481506265,3.1434145266754983,2.6505115257828082,3.0814235104119505,3.1152934373556356,2.2668533538682665,3.504444427128683,2.146383112874236,2.818984704571239,2.367329674730144,2.848574364023124,2.525174737947135,2.3110073045641997,2.6388753184923455,2.339929743715334,2.2985930916232804,2.2511279771012993,2.186592578568433,2.1599225039987897,2.153330345923176,2.1007248934172114
309,3.9371636756593507,3.9743150077904725,3.7243928461779,3.515786720929885,3.7651588072918383,3.950731610092479,2.13082680018239,3.8467867783357788,3.4200099342939407,3.091502279658961,3.089158121227954,3.1438584137404364,2.646661900637841,3.0787159850283645,3.1233404477594693,2.2608202037010243,3.507103453445893,2.144718376615515,2.819478572148582,2.3612275707905486,2.858993132677114,2.5192444156725196,2.308569098997622,2.645013720264263,2.3385363555848073,2.298311291789495,2.250946000550485,2.1859871177349657,2.1590090852535857,2.152718422114636,2.100208686641086
310,3.937390154504409,3.973888094250432,3.724044818044846,3.520155833549973,3.7668836001447885,3.9505223649241614,2.129660917386995,3.846622251167247,3.4206849064664664,3.0889493581607677,3.0894754198108316,3.1441492145548504,2.642931333862883,3.076141512924866,3.131218058367131,2.2549550546980734,3.5096652250261524,2.1430702601853673,2.8196434863977435,2.3551826873309856,2.869684233141937,2.513176431075689,2.306109814244794,2.651248584558143,2.337157707449666,2.2980670996517087,2.2507761372571617,2.185391097096111,2.158108452608616,2.152124290483607,2.0997022138961157
311,3.93756721841942,3.973442577489101,3.7236878114996337,3.524656546052028,3.768587114810615,3.9502926393534206,2.1285122363754865,3.8465544484346457,3.4214030820606207,3.086484270400083,3.0895934047044467,3.1442755475603903,2.639314106771609,3.0736808082116083,3.138918319717704,2.2492543347188834,3.512118251669036,2.141438829722683,2.8194936468857272,2.3491976954853033,2.8806371303263028,2.506984101986741,2.3036278171296387,2.6575717651699193,2.335795312804128,2.2978631213102116,2.250619088693748,2.184805403553546,2.157221385938753,2.1515488962414047,2.0992056747360186
312,3.937693383257832,3.972982928071187,3.723326245810124,3.5292867306671734,3.7702478808849564,3.950038337693707,2.1273802297036966,3.8465858709036986,3.4221647068230867,3.084110348878002,3.0894925479593756,3.144230146328586,2.635804267715601,3.071309839267011,3.146431951729502,2.243714264700185,3.514451242023103,2.139824073849229,2.8190416846919604,2.3432742135757962,2.891836594870849,2.5006804356340133,2.301121325142576,2.6639731262907267,2.3344504742793606,2.2977019934351737,2.250475662602313,2.1842310150538444,2.1563486842921558,2.150993183892659,2.098719268086606
313,3.9377708452730262,3.9725158718903226,3.7229670253948495,3.5340449819478112,3.771845174224099,3.9497570402301,2.1262644005289895,3.8467189470857495,3.4229692177904867,3.081829831750839,3.089157586541842,3.144012917992654,2.632396907651669,3.0690042790771543,3.1537515350226433,2.238331038272345,3.5166540767305463,2.138225878834001,2.818296278798836,2.3374126835887243,2.9032617375559617,2.494277686356624,2.2985882700163467,2.670439865685497,2.333124108976651,2.297586274375036,2.2503466965690224,2.1836689504761395,2.1554911282929066,2.1504580693923336,2.0982431866204188
314,3.9378051883013168,3.9720501178471213,3.722619287209237,3.538929996857392,3.773358533629348,3.949447133352651,2.1251642811760445,3.8469560477876845,3.423815324347881,3.0796443152064406,3.0885778140284144,3.1436320869663597,2.629088858959922,3.066742674755982,3.160873825922127,2.233100943426559,3.5187191225779277,2.1366440449704607,2.817261915649555,2.3316125794785663,2.9148861358125293,2.4877873854544297,2.296026326996046,2.676956284369787,2.3318166929787196,2.297518384606947,2.2502330019411345,2.183120230921016,2.154649453542855,2.1499444205676808,2.097777612475219
315,3.9378047238112375,3.9715957908868065,3.7222936323661577,3.54393965542049,3.774767109577021,3.949106575496193,2.1240794245946284,3.847299145848371,3.4247009876825185,3.0775547231982396,3.0877466256457127,3.143103244371928,2.625878602729173,3.064507429921134,3.1678004668037887,2.228020419717128,3.520642688202073,2.1350783376259383,2.815940728365163,2.325872864152919,2.9266789559552278,2.4812207374009336,2.293433102343829,2.683504080175384,2.330528333530162,2.297500606068423,2.2501353376001734,2.182585855954575,2.1538243364271614,2.1494530487525014,2.097322714121659
316,3.937779597776598,3.971163632662881,3.7220009251757835,3.5490698405804353,3.7760489104417188,3.9487314638245077,2.1230093924765874,3.8477493150514,3.4256232809812888,3.07556076063713,3.086660344019627,3.142446590185137,2.6227655253373117,3.0622839100477264,3.1745372080323517,2.2230860697409343,3.5224264399331133,2.1335285651871083,2.8143361206584494,2.320192581229682,2.9386069038145335,2.4745892512996424,2.290806445931602,2.690063118158881,2.3292589477226056,2.297535126860427,2.250054405145086,2.1820667864763936,2.153016387540059,2.1489847085671263,2.096878644631077
317,3.937740882863425,3.9707641470916513,3.7217510373119786,3.5543133100981734,3.7771801804900247,3.948314796511842,2.121953745860469,3.848306246546369,3.4265782893991,3.0736603526882678,3.0853169480360108,3.1416836335436713,2.6197489253472193,3.0600586939857415,3.181092207870398,2.218294637718611,3.5240782091321234,2.131994649902106,2.812456706217841,2.3145713796891316,2.950636418031194,2.467905353434505,2.288144796565651,2.6966124068199595,2.328008466699012,2.2976241022969015,2.2499908524714143,2.1815639292687714,2.1522261465742067,2.148540098142217,2.096445539750709
318,3.937699867631204,3.9704069337500907,3.7215518484031347,3.5596588948509944,3.7781352180433387,3.947845943819679,2.1209120446711904,3.848968084982186,3.427561294689828,3.071849448109777,3.083715212942673,3.1408345653650342,2.616827131347773,3.057817817152917,3.1874740144328353,2.213642973712875,3.5256117690628272,2.130476666239146,2.8103192237476713,2.309009837446838,2.962735490321667,2.461182757302512,2.2854474648445806,2.7031309632021645,2.326776982666629,2.2977696844835367,2.249945260978407,2.1810781172781155,2.151454072865124,2.148119853648146,2.096023514758957
319,3.9376676924657645,3.9701002926776217,3.72140867343133,3.5650911276377637,3.778886713636933,3.9473110534918336,2.1198838590355207,3.849731821170204,3.4285673029477177,3.0701223161336726,3.0818545029545086,3.1399170596780754,2.6139969928567126,3.0555458412359933,3.193689960754245,2.2091280017237023,3.5270454509155114,2.1289748406176017,2.8079495649080135,2.3035095118828126,2.9748745887719763,2.454436480250365,2.2827148019822765,2.7095983755291773,2.325564803266851,2.297974002472525,2.2499181101403387,2.1806100800882375,2.150700527509355,2.1477245361581367,2.095612660280394
320,3.9376553409396804,3.9698511257374403,3.721324232550134,3.570590408301677,3.7794066449759245,3.9466944190359596,2.118868791153044,3.850594232642625,3.4295919251336784,3.0684725109377453,3.079735420380115,3.138946926024573,2.6112539229107163,3.0532263308693013,3.1997455316588677,2.2047467009900426,3.5283997244340313,2.127489510135126,2.805381501894957,2.2980727347398955,2.9870264199956176,2.4476824899983534,2.2799482212508146,2.7159948978768753,2.3243723843064195,2.298239087598887,2.249909717078507,2.1801604010795437,2.1499657457807535,2.1473546088478437,2.0952130369497386
321,3.9376739116162383,3.969665108456713,3.7212990702598994,3.576133657347218,3.77966764041495,3.9459806456367277,2.1178665029224018,3.851553125906923,3.4306323852018523,3.066894176885782,3.077361067518639,3.1379401739421406,2.6085924100131357,3.050843530965607,3.2056447092688627,2.200496104991847,3.5296944037771,2.126021055706344,2.802653633969674,2.2927022500233343,2.9991646608653735,2.4409370897568774,2.2771500829793156,2.722301071574705,2.3232001606656114,2.298566754494154,2.249920160147666,2.1797294699542844,2.1492498064963454,2.1470104085742596,2.0948246693953623
322,3.9377350225976846,3.969547019583133,3.7213321949423994,3.581695232975503,3.7796445347587393,3.9451570370111546,2.116876740733786,3.8526084549284008,3.4316882477354955,3.065383088662908,3.074738355209548,3.1369154466425657,2.60600676063203,3.048384604912467,3.2113908716225037,2.1963733096911056,3.5309460556832173,2.1245698359061342,2.7998057166459853,2.28740083595619,3.0112622068182535,2.434216258847792,2.274323519999946,2.7284971620993606,2.3220483578568167,2.2989584743363,2.249949207290015,2.17931744069538,2.1485526042081293,2.1466921188765813,2.094447540588163
323,3.9378511515121346,3.969501099933048,3.7214217210386837,3.5872478809524795,3.7793158221538525,3.94421553195522,2.115899348913187,3.853762866290266,3.432761574628731,3.06393691261698,3.0718787988941685,3.13589569867208,2.603491800601856,3.045841687238319,3.2169876261214085,2.1923754794631067,3.53216608294754,2.123136142146808,2.7968756223331606,2.2821710359642915,3.0232896332913564,2.4275351562839536,2.271472287819129,2.7345627404767625,2.3209168599314562,2.2994152821235057,2.2499962643059197,2.178924201180777,2.1478738305883804,2.146399750873436,2.0940815879370374
324,3.93803568208127,3.969531296342286,3.721565325542106,3.5927635380514564,3.778664746355944,3.943153681748833,2.1149342683653756,3.855021331607048,3.433856448653517,3.062554450082695,3.0687984025276416,3.1349081420180753,2.6010432558755756,3.043212944389747,3.222438940423185,2.188499841737862,3.533359863146836,2.121720181812773,2.7938978110519415,2.2770150700743628,3.0352145267075077,2.4209079132694424,2.268600688662075,2.7404766792391433,2.319805189067876,2.2999377587190426,2.250060362039018,2.178549363794988,2.1472129731326817,2.146133137199015,2.0937267016445578
325,3.938302442922615,3.9696412405618275,3.721760290363537,3.5982137718904896,3.7776797913193443,3.941974441985123,2.113981523252574,3.856390026920651,3.434978089520261,3.0612342495273914,3.065516583801058,3.1339820819432043,2.5986576611999173,3.040502242604905,3.2277482627989436,2.1847436690881783,3.5345269579112877,2.1203220862194314,2.7909037272187978,2.2719349485714035,3.047002162265882,2.4143477343338478,2.2657135853493835,2.746217767280366,2.3187126242760914,2.3005260907474447,2.2501401851293554,2.178192276212741,2.146569330399524,2.145891937576482,2.093382723340338
326,3.938664845342834,3.969833887720873,3.7220030260215085,3.603569778618456,3.7763546536958783,3.9406852650048516,2.1130412012030617,3.857874888249764,3.436131777841873,3.059973082754101,3.0620545502894077,3.1331452447045285,2.5963318509307034,3.0377178593557828,3.232917145587982,2.181104266312098,3.5356626173059276,2.1189419404981926,2.787923606488869,2.2669326807613026,3.05861716747624,2.4078671450890043,2.2628164673390545,2.7517658402701795,2.3176384119059312,2.301180175205267,2.2502341316412298,2.1778520456664525,2.1459420369401356,2.1456756538508635,2.0930494451215287
327,3.9391352437533795,3.9701111011969874,3.722288463032976,3.6088024714972073,3.774688414262493,3.939297492729098,2.1121134274186044,3.859479923863156,3.4373211690890058,3.0587637552951508,3.0584332825673277,3.132419632390505,2.594062214333528,3.0348708468633196,3.23794402769472,2.1775789671976686,3.536760605621481,2.1175798361055183,2.784988293685974,2.2620103752379315,3.0700250316042705,2.4014781914117447,2.259915509784668,2.757102981549787,2.316581971975227,2.301899754763167,2.2503404010949613,2.177527577826542,2.1453300963720845,2.145483659073274,2.0927266152137887
328,3.939724875392562,3.9704736223421597,3.7226099479100556,3.613883130822114,3.7726860595997502,3.93782601987093,2.11119833434856,3.8612053532830433,3.4385459862948258,3.057592528235456,3.0546716803511105,3.1318186152541623,2.59184429725332,3.0319739916752853,3.242823458015041,2.174165118582007,3.537815673184795,2.116235918292163,2.782129818180594,2.257170176977556,3.081192933102698,2.3951925270725734,2.2570175586451695,2.762214363493097,2.3155430438265947,2.3026845468113373,2.250457081316844,2.1772176220651596,2.1447324170924893,2.145315231958807,2.092413949576319
329,3.9404437126656533,3.9709212908000118,3.722959750527754,3.61878420689147,3.7703585369145296,3.9362884567901375,2.110296041723994,3.8630463468237664,3.4398009057806513,3.056438744034927,3.0507864236096087,3.131346850900051,2.5896732458186857,3.029042416755722,3.24754646664598,2.1708600631788832,3.5388238943260197,2.1149103724732803,2.7793802204310403,2.2524141650485046,3.092090196030717,2.389021338526706,2.2541299703493465,2.7670885879707923,2.314521737171166,2.303534284193334,2.2505821758246283,2.176920795961779,2.144147834672282,2.145169571393593,2.0921111363592613
330,3.94129992446162,3.9714532417560013,3.7233298271634507,3.6234800236285216,3.7677222661099754,3.9347041141146653,2.1094066562872804,3.8649931119019927,3.44107672306881,3.0552774598566312,3.0467935263591683,3.131002179103186,2.587544567604559,3.0260949660550454,3.2521019662027646,2.167661132448862,3.5397811178537895,2.11360335363275,2.7767692433968345,2.2477442828197,3.10268851991841,2.3829751029834165,2.2512603459062537,2.771717583792681,2.3135184490379306,2.3044486471353904,2.250713565093966,2.176635583210192,2.1435751178451947,2.145045789794254,2.091817831903419
331,3.942299269307306,3.972067978091736,3.7237123672810912,3.6279474370362985,3.76479872595623,3.9330936259424027,2.108530283709207,3.8670321735195654,3.4423628685200613,3.0540834304447753,3.042710257469771,3.130777710006612,2.585454550477322,3.0231549003699563,3.256478397347493,2.164565648106944,3.540681141457706,2.112314918996923,2.7743220286915395,2.2431622816596777,3.1129619470008816,2.377063292476484,2.24841626359781,2.7760962032296206,2.3125336576472404,2.3054271146642464,2.250848942596723,2.1763603237278217,2.1430129687673034,2.144942903212341,2.0915336558855944
332,3.943444728922863,3.972763324755369,3.724099984894479,3.632166468037277,3.7616144440837305,3.9314791645899607,2.1076670356982468,3.869147733664467,3.443649525197655,3.052834234890417,3.038556178240636,3.1306629822870615,2.5834001732923157,3.0202494495696337,3.260665121307763,2.1615709320567986,3.5415151089305126,2.111045003317066,2.7720573320884876,2.2386696390166203,3.122886703916874,2.3712941924990383,2.2456050907796823,2.7802218481079786,2.311567720961682,2.3064688165543537,2.250985781526034,2.176093218671693,2.1424600327821652,2.144859835367834,2.0912581912695463
333,3.9447365253879343,3.973536484347369,3.7244859219952353,3.636120931179546,3.7582009793103914,3.9298843484137627,2.106817022490785,3.8713222313214937,3.4449284330683465,3.0515116825804114,3.0343532238055384,3.130644676746268,2.581378895949996,3.0174086819824426,3.264653041881955,2.1586743009596923,3.5422716472253315,2.109793427565566,2.7699863755551712,2.234267473517364,3.132441087009705,2.3656748757094226,2.2428338692085235,2.784094237609434,2.310620782703128,2.307572472302914,2.251121353692219,2.175832359635016,2.1419149225811904,2.144795440103877,2.090990991654621
334,3.946172113464601,3.97438416700461,3.724864393605915,3.6397987991992693,3.7545940994384623,3.9283329923575674,2.1059803375849167,3.8735363356870893,3.4461931274298903,3.0501028583597356,3.0301258961928474,3.130707702039369,2.5793887199812873,3.0146645389629976,3.268434654558274,2.155873046123303,3.5429369175169447,2.1085599092993195,2.768112864432095,2.2299565609492227,3.141605955535701,2.3602112524541194,2.2401091974647693,2.7877152067160047,2.309692759149016,2.3087363996108783,2.25125275918107,2.1755757637647997,2.141376244549709,2.144748523418846,2.090731588793568
335,3.947745777756389,3.975302467070154,3.725230576582363,3.6431919229990366,3.7508320825427566,3.9268469218460074,2.1051570440885397,3.875768925525981,3.447439411113335,3.0486014234035097,3.0259013298742645,3.130835610774465,2.577428100784048,3.012049632103885,3.2720037280206946,2.153164425623813,3.543495438185082,2.107344075432891,2.76643475866337,2.225737477294846,3.150366374019833,2.354908209744859,2.2374371318486768,2.7910886981563867,2.3087833655008536,2.3099585463732764,2.251376957944869,2.175321408335652,2.1408426235619222,2.1447178590603633,2.090479496291596
336,3.949448110195732,3.9762864847435244,3.7255799259117244,3.646295265983248,3.7469539195922006,3.9254440188020894,2.1043471663844735,3.877997414906255,3.4486659987264248,3.047008343108929,3.0217084137222474,3.1310094491595484,2.575495277896245,3.009594811684826,3.2753543533542406,2.1505456703602848,3.5439324349664703,2.1061454984706094,2.764947412053517,2.221610772757416,3.1587138686552603,2.3497698267337146,2.234823165269434,2.794221000356951,2.3078921501085254,2.3112365260040058,2.251490822760599,2.1750672733390513,2.1403127305085796,2.14470220858536,2.0902342129352807
337,3.9512658690954803,3.9773300563809713,3.725907408878938,3.6491062722328893,3.7429982279868916,3.9241373435988267,2.1035506863469413,3.880198404420468,3.449874916990624,3.0453316442513056,3.017576306194523,3.1312060824444785,2.5735873657818544,3.0073262238750784,3.278479815309696,2.1480139916219354,3.544236556452674,2.104963743991987,2.763646353356109,2.2175770500583964,3.1666478937366778,2.3447995318959776,2.232272248090958,2.7971209337315974,2.3070185111651886,2.3125676549031895,2.2515912098835584,2.174811387091686,2.1397853111946055,2.1447003479674547,2.0899952283988483
338,3.953182405841997,3.9784258201634835,3.726207316884002,3.6516246977254525,3.7390028535097772,3.922935160780806,2.1027675416489657,3.8823483264100638,3.4510712417241414,3.0435854832888287,3.013533280464227,3.131398049226633,2.571700016887412,3.0052638304184507,3.2813724545208935,2.145566594096347,3.544401747855682,2.1037984008898856,2.7625281678508906,2.213636896322425,3.174175538285401,2.3400000898578353,2.229788767604867,2.799799608708499,2.3061616840577397,2.3139490011168635,2.2516750349574535,2.1745518647282305,2.1392592092492384,2.144711091846222,2.089762030705644
339,3.9551785990805026,3.9795657337414,3.726473937022761,3.6538530598413663,3.735004823684581,3.921841599839507,2.1019976289925326,3.88442408578132,3.452262361534034,3.041789272928426,3.0096067485576956,3.1315561654539716,2.5698281196346,3.003422356941536,3.284025061347083,2.1432006960341625,3.544427791653205,2.102649078983037,2.76158922663226,2.209790719487943,3.181309411571042,2.3353733671136414,2.2273764134971508,2.8022693814113873,2.3053206498691123,2.3153773983556514,2.2517393165492763,2.1742869303142354,2.1387333738888312,2.144733302507127,2.089534111259623
340,3.957233952593024,3.980741883041463,3.7267027702505606,3.6557973709783758,3.731040410886857,3.920857567543611,2.101240812081137,3.886403811514611,3.4534572745869676,3.0399671332171816,3.005824049237413,3.1316535133900016,2.5679670464183406,3.001813617826528,3.286432998632886,2.1409135468769094,3.5443195919513606,2.1015153868975656,2.7608236247155356,2.2060385946457726,3.1880647993255034,2.3309200143819306,2.2250379868984145,2.8045423429026872,2.3044939916814133,2.316849408856165,2.2517811755697794,2.1740149251369005,2.1382068550511493,2.1447658829357388,2.0893109664358698
341,3.9593274359206525,3.981947093779952,3.7268913209403154,3.657467435322391,3.7271450427822175,3.919981501843825,2.100496929007207,3.8882675128043704,3.4546658645930695,3.0381469479720495,3.0022125931448342,3.1316680573277935,2.5661134686362606,3.000447987160236,3.2885955347036617,2.1387024384349638,3.5440865132793102,2.100396922795117,2.7602222092710758,2.202380198538855,3.19445755115383,2.326639312274384,2.22277530978474,2.806629319159231,2.303679834548483,2.318361316987694,2.2517978460177117,2.1737343197178443,2.1376788004780187,2.1448077717495497,2.0890920993652715
342,3.9614380098556086,3.9831750805334494,3.7270389952777587,3.6588765002650843,3.7233530219002007,3.919209971875129,2.0997657967819383,3.8899974787669285,3.45589800546151,3.036358528036316,2.9987988038529996,3.131582789100043,2.564265307751318,2.999333866083843,3.2905155042048166,2.136564705837684,3.543742314674807,2.0992932893938345,2.7597732427574755,2.1988148325877077,3.2005031461947606,2.322529253164067,2.220589292654693,2.808539799768699,2.302875938016341,2.319909228115553,2.2517867416240334,2.1734437393006596,2.137148463250527,2.1448579539821546,2.0888770242133283
343,3.963544895148113,3.9844202351662243,3.7271464277575403,3.6600404318283224,3.719697029736955,3.918537872774637,2.0990472108871527,3.891578318004519,3.457162434216523,3.0346311305799376,2.9956063203470067,3.1313842979661866,2.5624212110562374,2.9984761078870257,3.2921978452881357,2.134497720654466,3.543305176757078,2.098204121073716,2.759464121945479,2.195341494979728,3.2062167004550277,2.318586782806754,2.2184801038982473,2.8102825631575805,2.3020799108947223,2.3214892753225733,2.2517455677984284,2.173141997623201,2.136615215732403,2.1449154824534635,2.0886652723686816
344,3.965627702251763,3.9856773052289203,3.7272146882330377,3.6609766869922162,3.716207400094378,3.9179580954754867,2.0983409409345426,3.892996646836649,3.4584654422971983,3.032990957748716,2.9926542333105006,3.1310612717567925,2.560580111713454,2.9978747518325104,3.2936479851855314,2.132498882375787,3.5427971703829684,2.09712910581692,2.7592831925808703,2.191958959978565,3.2116134646013097,2.3148080966062494,2.2164473602619887,2.8118665687958377,2.3012894784608795,2.3230978777804747,2.2516724411804643,2.1728281294998926,2.136078562353752,2.1449794980173498,2.088456398472456
345,3.9676665969432117,3.986941163439851,3.727244705779712,3.6617033954443308,3.712911380669386,3.917461170567602,2.0976467286361156,3.894240817400161,3.459809876941738,3.031459299215253,2.9899559657399397,3.130604002093569,2.5587411170816257,2.9975246404404574,3.2948706991799095,2.1305656117987954,3.542242729364285,2.096067991229593,2.7592208505554203,2.18866583396695,3.2167092085909332,2.3111888864013332,2.214490275277058,2.8133016298229725,2.300502704357235,2.3247319572358234,2.251565972919188,2.1725014115718184,2.1355381441644496,2.1450492411252964,2.0882499845376987
346,3.9696425367733874,3.9882067343118743,3.7272370221698043,3.6622387232621367,3.7098326199575506,3.917035391965207,2.0969642923337544,3.895301146825568,3.46119494780542,3.0300517985068307,2.9875190105822362,3.1300050261675505,2.5569036835182204,2.9974159740132924,3.2958699369701376,2.128695351789628,3.5416664836697573,2.0950205758882277,2.759269633347731,2.1854605763416206,3.2215200059042948,2.3077244624354902,2.212607734540054,2.814598537620566,2.299718086034192,2.32638904147874,2.251425292441893,2.17216136501012,2.134993731944907,2.1451240518127346,2.088045641705779
347,3.9715375605786454,3.9894690465457434,3.727191787320334,3.662600537738934,3.7069909848987868,3.916667573942908,2.096293337777349,3.896170653769784,3.4626167853031613,3.028778803166647,2.9853454429316133,3.1292605828594917,2.5550679728852312,2.997535574470388,3.2966496243949672,2.1268855771074358,3.541090952941267,2.0939866911741505,2.759423352870753,2.1823414886501493,3.2260613268946416,2.3044097546884124,2.2107983091936863,2.815768658004803,2.2989345181448346,2.3280672524742414,2.251250019120218,2.171807739923953,2.1344452103706506,2.145203360489328,2.087843009940062
348,3.973335126347264,3.9907233204755634,3.7271088506534795,3.662806243997929,3.704402636923633,3.916344196053528,2.095633571477782,3.8968459878035695,3.464069447569698,3.0276462586463397,2.9834328305857376,3.1283723072568703,2.553235248419124,2.997868403035657,3.2972148935730736,2.125133809196868,3.5405345514207216,2.0929661810520597,2.759675774135358,2.1793066923145012,3.230346820175786,2.3012392649360276,2.209060242985304,2.816823237028869,2.298151178675728,2.3297652230215373,2.251040203204674,2.171440487472527,2.133892558130814,2.1452866750094617,2.0876417564892193
349,3.9750203803671944,3.99196500692127,3.7269877917362004,3.6628726072511064,3.702080120133865,3.9160523725061305,2.0949847112956403,3.897328181894304,3.465545995381537,3.0266566162682684,2.9817750659039035,3.127348307745455,2.55140810848332,2.998398762286075,3.2975730682729827,2.123437629318718,3.5400103404765115,2.0919588893466305,2.760019706443333,2.1763541269410505,3.2343874476600636,2.298207058262347,2.2073914518797153,2.8177727614761086,2.2973674115584277,2.3314820008710324,2.250796261242225,2.1710597300809447,2.133335828969722,2.1453735690433455,2.087441574432255
350,3.9765802580230813,3.9931897334445385,3.7268277560621916,3.662815414391001,3.700032289013935,3.915780266105126,2.0943464909310774,3.8976229358263192,3.4670392417887395,3.025809369494682,2.9803627439803915,3.1262028942312554,2.5495903969180524,2.999110694274941,3.2977338199490323,2.1217946855498546,3.5395257205357673,2.090964659819444,2.7604471474169667,2.1734815883288516,3.238191543677988,2.2953068544733854,2.2057895650160955,2.8186266734376026,2.296582664789684,2.3332169880236724,2.250518925765959,2.170665738679858,2.132775138789021,2.1454636763317687,2.087242182359804
351,3.978003465662422,3.994393168206365,3.7266270987407237,3.662648958898784,3.698264100665736,3.915517015308029,2.093718658808064,3.897740370994914,3.4685420553897934,3.02510106592549,2.979182970609258,3.1249549585887135,2.547786806443139,2.999987539373997,3.2977084019138463,2.1202026958371936,3.5390830901165247,2.0899833472248397,2.760950525116286,2.170686800873311,3.2417659189565122,2.2925322198009406,2.204252009066849,2.8193934849570814,2.295796489409732,2.3349699154422976,2.250209205941033,2.1702589149542666,2.132210657724734,2.145556690622161,2.0870433250468756
352,3.979280436472291,3.9955708978667115,3.726383047617069,3.6623855520331707,3.6967764620028127,3.9152525030428227,2.0931009743767524,3.897694454036377,3.470047369932285,3.0245251485250124,2.9782190087683342,3.123625800987998,2.546002387154119,3.0010112214792164,3.29750857752997,2.1186594511589063,3.538681163178475,2.0890148304735603,2.761524285654013,2.16796749247235,3.2451173738057006,2.2898767769496278,2.202776101324202,2.820081034330392,2.2950085525954615,2.3367408204079547,2.249868347147414,2.16983977350451,2.1316426030477316,2.145652366571228,2.086844774150692
353,3.980403331643805,3.996718444807515,3.726091632072804,3.6620353295764496,3.6955663478141365,3.9149773604207887,2.092493205207377,3.897502341457591,3.4715481070321874,3.02407205116911,2.97745029933659,3.1222373295459382,2.5442421971149223,3.0021618802972707,3.2971459112395567,2.117162820548838,3.5383164535101077,2.0880590190107906,2.762165846339273,2.1653214396014064,3.2482537698799057,2.287334338759,2.2013591100232115,2.820696560332603,2.2942186141375642,2.338529990994073,2.2494977795155857,2.169408921646469,2.131071231200583,2.145750518299751,2.0866463283054286
354,3.9813661800491014,3.9978314989470394,3.7257480148615842,3.6616064775732697,3.6946273272685453,3.9146833866638215,2.0918951265769294,3.897183801422425,3.473037210079462,3.0237297141900195,2.9768530700793754,3.120811166502718,2.5425112102999687,3.0034181030029945,3.296631648598988,2.115710756934023,3.5379844233977322,2.087115848632836,2.7628754094088053,2.162746472655672,3.2511842415545793,2.284898936113895,2.1999982684942583,2.821246448880247,2.2934264459732425,2.3403378551710454,2.2490990455011355,2.168967034008956,2.130496827637937,2.1458510140431923,2.0864478123932826
355,3.9821651414915413,3.998906311296265,3.725347164859778,3.661105783372724,3.693950402850996,3.9143641809487915,2.091306522307294,3.896760681125147,3.474507800803082,3.023484493498751,2.976401483511414,3.119368681682671,2.540814460719221,3.004757745947211,3.295977139135136,2.1143013021550052,3.5376801039241257,2.0861852685045537,2.76365474042651,2.1602404511370694,3.253918626049579,2.2825647678534056,2.1986907573637806,2.821735759043615,2.2926317177666817,2.3421648317533967,2.2486737139663706,2.168514823228967,2.1299196946537955,2.1459537669769078,2.0862490761731496
356,3.9827987276258345,3.999940087565669,3.724884603233755,3.6605392601861233,3.6935248794349986,3.9140156395317165,2.0907271844644093,3.8962562588333562,3.47595328892702,3.0233222365363295,2.9760690219202446,3.117931405873099,2.5391572663785063,3.006159029740387,3.295194491874597,2.1129325898580356,3.5373984114174664,2.08526722535369,2.7645054875155566,2.157801231179847,3.256466580313094,2.2803261291425874,2.197433683897681,2.8221678120288987,2.29183390257525,2.34401119647602,2.248223305911308,2.1680530144536725,2.129340140865307,2.146058725805771,2.0860499929621845
357,3.98326784494858,4.000931222437481,3.724356914306064,3.659912557114891,3.69333898862046,3.91363600925132,2.0901569101350392,3.895694322388094,3.477367287322612,3.023229182202832,2.975829657937764,3.1165211031267823,2.5375453385977047,3.0076013888122013,3.2942969052241136,2.11160284468842,3.537134418861158,2.0843616515086776,2.7654278371202583,2.155426650741097,3.2588370938241793,2.2781773886339804,2.19622409207614,2.822544149454096,2.291032253545237,2.345877011904003,2.247749249790567,2.1675823295033068,2.1287584755569164,2.146165869200122,2.0858504588731024
358,3.9835756179536097,4.001879293791967,3.7237618626660485,3.6592309886521113,3.6933801292696025,3.9132253177067655,2.089595494623373,3.895097943826703,3.478743274346888,3.0231924635666143,2.9756585268509417,3.1151591252514748,2.5359846750217434,3.0090657657576507,3.2932983500511694,2.1103103774023113,3.536883698257959,2.083468460118332,2.766419996984685,2.1531145424621614,3.261038794365632,2.276113051025577,2.1950590197942637,2.8228650022088413,2.2902258731452863,2.3477621477719146,2.2472528742804236,2.167103482721525,2.1281750088155893,2.1462752059752273,2.08565039268587
359,3.983727036276555,4.002784861121562,3.723098188278124,3.6584992682853597,3.6936348185244707,3.912784366714696,2.089042722784304,3.894488127663111,3.4800741212353428,3.023200274680542,2.975532134981931,3.113865146542168,2.534481256930718,3.0105343805080067,3.2922127331409667,2.109053577158779,3.5366427082459255,2.082587546223014,2.767478410820586,2.150862764782782,3.263080853039568,2.274127879531304,2.1939355886566716,2.823130134193095,2.2894138467725615,2.3496663739057633,2.24673543142683,2.1666171858535423,2.127590055882814,2.1463867798800957,2.0854497362297604
360,3.983728558188983,4.003649207743043,3.722365312697522,3.6577212081285975,3.694088609080146,3.912313771924016,2.0884983620242057,3.8938826642357465,3.4813517585343323,3.02324197776421,2.975428388673006,3.1126558011536702,2.5330406871007165,3.011990280503446,3.2910529745597468,2.1078309034131,3.536409056311129,2.0817187896252687,2.7685981890563527,2.148669231916192,3.2649739067950576,2.2722170122797185,2.1928510897554316,2.8233396985750474,2.2885953751472785,2.3515894657859135,2.2461981267513855,2.166124154788646,2.1270039417515645,2.1465006749147046,2.085248454730558
361,3.983587811609589,4.004474159136334,3.7215631989938194,3.656899642571596,3.694726220852876,3.9118134992307168,2.08796215983677,3.893295484371632,3.482567208183,3.0233084066762865,2.975326761821896,3.1115438557314583,2.5316679406746387,3.0134170856079363,3.28983047729458,2.1066408800991754,3.536181452428482,2.0808620557850257,2.769773206333495,2.146531926816055,3.266730418483035,2.270376012773398,2.1918030314649157,2.823494737839077,2.28776984138363,2.3535312598698765,2.2456421325649725,2.1656251103330773,2.1264170017837385,2.146617016547932,2.0850465362868618
362,3.98331344353015,4.005262027930501,3.7206924669708505,3.656036685773323,3.695532001206346,3.9112830837887422,2.0874338466836218,3.8927366351216124,3.4837110415239647,3.023392463155037,2.975208748304913,3.110538191914433,2.5303673039519596,3.0147991537635943,3.2885552377257845,2.1054820934460583,3.5359593392203355,2.0800171935257885,2.7709956228622312,2.144448892908971,3.268364187996319,2.2686008313091186,2.190789136331574,2.8235971641902573,2.28693678663243,2.355491631901464,2.2450685770073786,2.1651207701077313,2.125829576859165,2.14673596675305,2.0848439899960742
363,3.982915066321141,4.00601564187773,3.7197546635122754,3.655134205184274,3.696490583185593,3.910722317651857,2.0869131425173,3.892212744393918,3.4847741322194006,3.0234898858557173,2.975058493229152,3.1096443811962393,2.5291424534838276,3.016122086066907,3.287236469672223,2.104353192780631,3.535742367509346,2.079184031604228,2.7722550911285504,2.1424182143102195,3.269889260986049,2.2668877055764174,2.18980730034304,2.823649339507182,2.2860958196929992,2.3574704162709037,2.2444785171827597,2.164611834495759,2.125242004843959,2.146857714138887,2.0846408429994567
364,3.9824031845945753,4.0067383452464025,3.71875246477807,3.6541942220563257,3.697587400655316,3.9101318683148656,2.0863997634377274,3.891727634334078,3.4857484101217073,3.0235998650840634,2.974863293188076,3.1088653466267924,2.5279965768106676,3.0173733012589197,3.285883319041913,2.1032528923911094,3.5355300089995976,2.0783623780746248,2.773538312884108,2.140438003360337,3.271318912861242,2.2652330644114835,2.188855544746628,2.823653572610093,2.2852465224692646,2.3594673206939065,2.2438729130631,2.16409897256453,2.1246546118416805,2.14698246271304,2.084437137157344
365,3.981788982354526,4.007433893078959,3.7176896587497357,3.6532190108990625,3.6988087570112733,3.909513319374752,2.0858934258187585,3.891282748873076,3.486627340934208,3.023725228652828,2.9746137371252463,3.108201733783786,2.5269324775019073,3.018542443409094,3.2845052066191776,2.102179971876001,3.535321469433835,2.0775520241220615,2.774829527339717,2.1385064103729796,3.272665285699836,2.263633483063984,2.1879319839233236,2.823611822910137,2.2843884076249372,2.3614818936485995,2.24325261552918,2.1635828131841235,2.1240677061324984,2.147110421915598,2.084232925778204
366,3.981083924477813,4.008106269770755,3.7165709512651537,3.652210897764939,3.700141402658764,3.908868499240866,2.0853938479605523,3.8908772706158734,3.4874060559752738,3.023872245836121,2.9743035845866252,3.1076520407204558,2.525952697654298,3.019621598014918,3.2831116275946997,2.1011332730002183,3.535115740781636,2.076752749310063,2.776111944120328,2.1366216551003014,3.273939745622747,2.2620856896408106,2.187034809989183,2.8235256755884914,2.283520943512051,2.363513558879532,2.2426183669449085,2.163063942474489,2.123481575760814,2.1472417976828275,2.08402827032583
367,3.9802992534916903,4.008759493148571,3.7154016753461265,3.6511718907974138,3.7015719065131383,3.908198563050246,2.0849007509205566,3.890508081122097,3.488081182903378,3.024050071985988,2.973929384358968,3.1072124839346538,2.525059617001397,3.0206052197378144,3.281711556912609,2.10011169442142,3.534911825307553,2.0759643271148063,2.7773696589517383,2.134782064357932,3.275153622062155,2.2605866017999654,2.186162290603182,2.8233965269947534,2.2826436261990617,2.3655616904216914,2.2419708090900703,2.1625429053585283,2.122896489225488,2.1473767857676993,2.0838232374145336
368,3.9794456130430795,4.009397364011686,3.714187323616117,3.6501033536680993,3.7030864945646003,3.9075039686469903,2.084413860779439,3.890170044856668,3.488650546496166,3.0242695419160572,2.973489379949144,3.106875922588673,2.5242552038544837,3.0214891586271166,3.2803125697907207,2.099114188127756,3.5347095919900506,2.0751865372203446,2.7785894565436724,2.1329860917249674,3.276318747128478,2.25913337482523,2.1853127920043938,2.8232259164721754,2.2817560543952333,2.367625697846766,2.2413105122830888,2.1620202106908297,2.122312698185295,2.147515574067622,2.0836178975468322
369,3.9785330450222833,4.010023156600682,3.7129329269470275,3.649006016014185,3.7046719003322996,3.9067860760855972,2.083932914130427,3.889857060136933,3.489113161170496,3.024541490174699,2.9729817306755195,3.1066298587762353,2.5235402764499733,3.022268685318265,3.278920027439578,2.098139760349554,3.5345110693313964,2.0744191861067884,2.7797618450210395,2.131232303002018,3.2774471893566375,2.2577234226676257,2.18448482126429,2.8230157469936734,2.280857932351026,2.369705072958258,2.2406380277046605,2.1614963370445754,2.1217304387634295,2.147658354256434,2.083412325719567
370,3.9775712894885737,4.010639456405427,3.7116427227349806,3.6478804151908255,3.70631668101948,3.9060491635616605,2.083457665373051,3.889563533529843,3.489469776994576,3.024875643072483,2.9724032908155307,3.1064556910323153,2.5229139922244928,3.022937339650108,3.2775373225944033,2.0971874757519635,3.534320681776726,2.0736621193060967,2.780880628218437,2.1295193354113806,3.2785500334884032,2.2563543686271386,2.1836770386602327,2.8227680397239667,2.2799489740921395,2.3717993533656125,2.2399539213253075,2.1609717305093294,2.1211499267423526,2.1478053262117247,2.08320660061831
371,3.9765699979796434,4.011248279438647,3.7103204719350535,3.6467274463786854,3.7080118253192547,3.9053010040409326,2.0829878918652454,3.889285333878795,3.489723541685037,3.0252808300800456,2.9717501473508885,3.1063313157364596,2.5223744182273293,3.023488611803372,3.276167669481354,2.0962564602653435,3.53414333254492,2.072915209505916,2.7819409374833914,2.127845853050811,3.279635595341274,2.255023914409469,2.1828882012672626,2.822484292507529,2.2790288041109057,2.373908047651716,2.2392587616552344,2.1604467938667304,2.120571347270884,2.147956681630047,2.083000800212518
372,3.975538611311763,4.01185127160615,3.708970054111779,3.6455484630734754,3.709750124124097,3.904551581927745,2.082523393573183,3.8890196595586306,3.489880079184892,3.025765968842128,2.971019497966909,3.106236006010028,2.521919921829202,3.0239196582755157,3.2748163864629474,2.0953458995183345,3.5339814453973517,2.0721783306743684,2.7829371164191636,2.126210523155877,3.280707960282379,2.2537296880555644,2.182117074103329,2.8221650202329256,2.2780969690940327,2.3760306330179986,2.2385530920853984,2.1599218780331424,2.119994845817421,2.1481125762118567,2.0827949961711614
373,3.974485947922429,4.012449711646938,3.707595660350956,3.6443446616512145,3.7115246242361626,3.9038106105125556,2.082063985957056,3.8887639552316613,3.489946705404967,3.0263405390596594,2.9702112540813577,3.106154358637802,2.5215503419421763,3.02423421740732,3.2734919433077074,2.0944550309906025,3.533832960120826,2.0714513411372035,2.7838623691966218,2.124612029432612,3.2817669830739207,2.2524691936434937,2.1813623892535063,2.82181001811224,2.2771530916233087,2.378166704976346,2.2378374347389456,2.159397285500452,2.1194205272482525,2.1482731118927827,2.082589251269492
374,3.9734197590772853,4.013044365367355,3.7062015041795004,3.643116213581211,3.7133270485432206,3.9030847890471874,2.0816094866075345,3.8885142830797856,3.48993081488244,3.0270135786984183,2.969328122029589,3.1060770677471936,2.5212672418914126,3.0244426877303683,3.2722047203093982,2.093583127471834,3.533691166722725,2.0707340868605932,2.784710655852977,2.123049112306144,3.28281013646576,2.25123993444988,2.180622887818817,2.8214193615564356,2.276197112974804,2.3803162644071985,2.2371123378870355,2.158873288592209,2.118848466597483,2.1484383419726347,2.082383622068106
375,3.9723465455594575,4.013635398604643,3.704791325509892,3.64186179037498,3.7151471108357446,3.9023759030064413,2.0811596997802075,3.8882638095393167,3.4898379965438635,3.0277913479738596,2.968373938183081,3.105998231889953,2.5210731189214233,3.024558858863392,3.27096367785323,2.0927294764899385,3.533546460154133,2.070026422328664,2.785479884456713,2.121520612062121,3.283835524819855,2.2500396723464875,2.1798974268102134,2.8209947137318956,2.2752295028705043,2.3824800044268866,2.2363784369180757,2.1583501548575406,2.1182787292469083,2.148608297787313,2.082178165456492
376,3.9712716047085728,4.014222239271901,3.703367620521204,3.640578730272115,3.7169734520376068,3.9016816466954745,2.080714414098588,3.8880030504656915,3.4896716511637367,3.0286755293229,2.96735115726825,3.105910297667694,2.5209697291403543,3.0245941174481485,3.269772806068805,2.091893373329255,3.5333898084586917,2.0693282356899774,2.786174703506244,2.120025493269125,3.2848443498982545,2.2488666550446816,2.179185094481574,2.8205400592506047,2.274251236306152,2.3846593381389916,2.2356364754625657,2.1578281563946153,2.117711387315483,2.148783022458093,2.0819729432202645
377,3.970199379762993,4.014803473713021,3.701931152151977,3.639264135760966,3.7187964086556247,3.901000441107254,2.080273426431057,3.8877230383763752,3.4894353200388792,3.029663733848958,2.966259212221376,3.105799933593042,2.52095639965538,3.024552077306608,3.2686298252395973,2.0910741344378536,3.5332157535499764,2.068639458589432,2.786806423429743,2.11856282395632,3.285840455083288,2.247719581388206,2.1784852288617502,2.8200608397754365,2.273263433569331,2.3868559893902646,2.2348872436199145,2.1573075421937107,2.1171465135625565,2.1489625854905996,2.081768019607429
378,3.9691344574899547,4.0153775525568465,3.70048221534869,3.6379167775358825,3.7206107122029044,3.900336627105244,2.0798365721156595,3.8874189072067207,3.4891356626970125,3.0307518868053362,2.965095718335464,3.105650344772646,2.5210303190917744,3.0244287728908317,3.26752829314738,2.0902711099566855,3.533021290354012,2.0679600462027325,2.7873886605607354,2.1171317035481043,3.2868262968317494,2.2465972423639107,2.177797249811682,2.8195615607525113,2.2722669045943844,2.3890713600734257,2.234131437122129,2.1567884897459244,2.1165841529258875,2.1491470556475587,2.0815634543927297
379,3.9680825682748635,4.015944243307402,3.6990232928444287,3.6365386294211466,3.7224155777077166,3.8997006794713096,2.0794037307179867,3.887090119205989,3.4887827974587142,3.0319369372316967,2.9638606588762806,3.105450388633232,2.521189389553409,3.0242200899157003,3.266462521101624,2.089483684686234,3.532801665050993,2.0672899346353995,2.787931184986911,2.1157311864128405,3.287798348209641,2.2454980679535943,2.177120373230006,2.8190433806822393,2.2712619302388526,2.391306123122276,2.2333695079917506,2.1562710755531467,2.116024298743419,2.149336445313661,2.081359296337655
380,3.967050336353802,4.016505221777481,3.697560157684439,3.6351343934288622,3.724212067129007,3.899104317990886,2.0789748039859406,3.8867374072443797,3.4883875769433774,3.0332180127560027,2.9625598762618908,3.1052019003474953,2.5214349148141713,3.0239296310915016,3.2654316434518256,2.0887112762812254,3.53254841671611,2.06662901279745,2.788437438027045,2.1143602712021643,3.28874654005585,2.244419991986907,2.176453473193634,2.818503883040235,2.270248424171114,2.393560363448962,2.2326016431580653,2.15575529197436,2.115466898437773,2.1495306807107872,2.081155580395011
381,3.966043732034826,4.01706282435423,3.6960996101576664,3.6337087059598625,3.7259998167335056,3.898554806991346,2.0785496851047056,3.8863593061394037,3.487958346181283,3.0345947011865864,2.961203714695502,3.1049169794681237,2.5217711679583816,3.0235685275044784,3.264438150998406,2.0879533311390137,3.5322520821033723,2.0659771398606006,2.788908800855241,2.113017978592881,3.2896595499175167,2.2433608460028904,2.175795284168254,2.8179399994819168,2.2692264068318275,2.3958342351887802,2.231827934646078,2.155241108854028,2.114911888386381,2.149729636155034,2.0809523316861203
382,3.96506654282393,4.0176179801564444,3.694645510914576,3.63226310083981,3.7277757490665233,3.898052865144896,2.0781282419209304,3.885950852111884,3.487499705227987,3.0360632077801575,2.9598008882329547,3.1046063145408036,2.522201938669134,3.023146885349952,3.2634815285226195,2.087209317646519,3.5319072177135586,2.0653341962892244,2.7893520505769787,2.1117034515723474,3.290532199332178,2.242319018603118,2.175144815613405,2.8173521209156585,2.2681964656776024,2.3981286989460022,2.2310486315917797,2.1547285413880477,2.114359234505646,2.1499332126589827,2.0807495749510334
383,3.9641202644532285,4.018169322082028,3.693196820930462,3.6307953671941395,3.729535618910556,3.8975955519240966,2.0777103257899427,3.8855054328263314,3.487013824053952,3.03761418800723,2.9583536676012274,3.104270047464669,2.522727568365016,3.022666094650366,3.2625538825433016,2.0864787237531135,3.531515145278875,2.064700116682243,2.7897822556631127,2.1104159745701265,3.2913680399582175,2.241293741685084,2.1745015744676035,2.816745545721548,2.2671597807698882,2.4004456713197873,2.230264248031059,2.154217666936611,2.1138089452460926,2.150141389375927,2.080547340313367
384,3.9632053482568423,4.018714265842506,3.6917495781964327,3.6293019185651016,3.73127664296162,3.897180964544641,2.0772957956371387,3.8850178375661386,3.4865029652102972,3.039235472951108,2.956860070137499,3.1039012383711078,2.5233457510383355,3.022120742539718,3.261642987904787,2.0857610627877827,3.531081572986514,2.0640748656872048,2.7902173377230497,2.1091548854213977,3.2921744598384546,2.2402846682477557,2.1738653491495556,2.8161277118766375,2.2661176524301863,2.4027873722240485,2.229475411981476,2.1537085786261976,2.113261046845336,2.150354193312715,2.080345658625994
385,3.962322552443962,4.019250819537826,3.690300649347118,3.6277810101624617,3.7329991379239194,3.896810752188099,2.0768845363543282,3.884486085451733,3.4859714207427013,3.0409174939203956,2.9553203890633206,3.103497262651313,2.5240549017503096,3.0215074348332394,3.2607399730219013,2.0850558837184727,3.5306113635746295,2.0634583833772493,2.7906690580451077,2.10791946341938,3.2929551401397945,2.2392911854770743,2.17323579564136,2.815503926826075,2.2650709264609694,2.405155443045823,2.2286826113810614,2.153201324821633,2.112715547143319,2.150571623109788,2.0801445511571317
386,3.961473383015055,4.0197785411299,3.68884983271416,3.6262340979421213,3.73470640007514,3.8964894754520234,2.0764764599877017,3.8839113379974153,3.485425757929362,3.0426565794646834,2.953741419477704,3.1030670346072773,2.5248565039269293,3.0208310609078337,3.259844228517006,2.0843627748457103,3.5301053471887753,2.062850554569554,2.7911384355533624,2.1067088900458453,3.293706566682873,2.238312085547701,2.1726122088640607,2.8148752569308613,2.2640197647444165,2.407550550748562,2.2278860682575656,2.152695886494816,2.1121724210623225,2.1507936037556568,2.0799440234044346
387,3.960659404514884,4.020297989665189,3.6873988489694076,3.624664528221224,3.7364031928065424,3.896222045280105,2.0760714919089938,3.8832961394322947,3.484873279419766,3.0444534932135356,2.952134815055248,3.1026277436715457,2.5257544711662425,3.0201028241342005,3.258961002152503,2.083681353609655,3.529561565601486,2.0622512250105767,2.791619417104072,2.10552231113728,3.294421507404386,2.2373458359208747,2.17199365246379,2.8142401166724786,2.2629639143677074,2.409972735192063,2.227085821294723,2.152192206525509,2.1116316273283946,2.151020009273505,2.079744068965849
388,3.959881086030275,4.020809242479155,3.6859482711411347,3.6230748046569907,3.7380941724753987,3.8960113685697597,2.0756695534867076,3.8826424269069038,3.484319866021737,3.046308561064332,2.9505110503581697,3.102193782977665,2.5267521363812797,3.019331904456924,3.258093896017871,2.083011250211635,3.528979431235421,2.0616602468091,2.7921074866336273,2.104358941245087,3.2950964065182453,2.236391200526575,2.171379326074081,2.8135980737381856,2.2619032251942577,2.4124221831487436,2.2262819383902133,2.1516902484947904,2.111093143291677,2.151250736323917,2.079544681127737
389,3.9591372018129305,4.021310829743857,3.684495137461425,3.621464772699104,3.739783428558524,3.8958579254823915,2.0752705539410345,3.8819509096049267,3.4837688970111405,3.0482177786283504,2.948874330594644,3.101767285605975,2.527849503749473,3.018518115465602,3.257239111182537,2.0823520990408277,3.528363252904842,2.0610775132701744,2.7926057195454344,2.1032181194098065,3.2957361601492265,2.2354476598865314,2.1707688358885173,2.812952420835691,2.260837959308596,2.414899778777948,2.2254746833855514,2.15119004031169,2.1105569921241605,2.1514857714826108,2.079345862895367
390,3.9584252708413965,4.021800010407903,3.683033486403507,3.6198323173550584,3.7414752246525467,3.8957611490823876,2.074874395709265,3.881221971492692,3.4832220067232336,3.0501735256541695,2.9472231263488564,3.1013389615828024,2.529043371294268,3.0176524808621403,3.2563867453987276,2.0817035430766806,3.5277217671026397,2.0605029531767673,2.793123086365179,2.102099272743142,3.2963520778973248,2.234515255503741,2.1701621227254533,2.8123092187712677,2.2597686375506543,2.41740696125903,2.224664496434232,2.150691669302846,2.110023239439517,2.15172519249997,2.0791476270856575
391,3.957742726755895,4.0222741050386395,3.6815572422550455,3.618175769172659,3.7431751579822303,3.8957212140804454,2.074480986173171,3.8804571434121904,3.4826807250649128,3.052169076349137,2.9455557165602677,3.10089834897717,2.5303302236886545,3.0167255380863196,3.255528237095421,2.0810652473081617,3.5270639251862272,2.059936493198345,2.7936666054752424,2.101001820627166,3.2969547485414155,2.233594001669497,2.1695591275807486,2.811673802801282,2.2586955876705543,2.4199450377685943,2.2238518266926457,2.1501952385144416,2.109491963500094,2.1519691043351887,2.0789499874092843
392,3.9570878919269736,4.022731694080353,3.680062790148912,3.616495785040845,3.744890522100561,3.895739631967111,2.0740902436883486,3.8796597198046596,3.482147335453819,3.0542025266684405,2.943875489091562,3.1004439382862596,2.5317092140669266,3.0157357595565104,3.2546633636036493,2.080436909122673,3.526394993225999,2.0593780255566827,2.7942345471798777,2.0999251032150608,3.2975479559833136,2.2326833853201373,2.1689594969772426,2.8110478457459713,2.2576186155694407,2.422514617406754,2.2230369905902516,2.1497008309188503,2.1089632302322423,2.152217577141365,2.0787529505053675
393,3.9564599555618347,4.023172726590141,3.678549219799676,3.6147951064447756,3.7466293131515607,3.8958177973453783,2.073702091453757,3.878833734995613,3.481624195455786,3.0562767411413487,2.9421914637859077,3.0999845041597385,2.533182699209191,3.0146906777330926,3.25380047391579,2.0798182530826086,3.525715995038279,2.0588274084605693,2.794816922762751,2.0988683968322954,3.298128845364185,2.231782373103196,2.168362572039292,2.810429458601359,2.256537096743063,2.4251156944455863,2.2222201797941574,2.1492085162498182,2.1084370959966803,2.1524706440534667,2.078556517340605
394,3.955858040365543,4.023597576561693,3.67701630452685,3.61307640073666,3.748398485926529,3.8959543809366894,2.0733164436404596,3.877981942624068,3.481111976203507,3.058395509958928,2.9405139352308893,3.0995312862501327,2.5347541267740947,3.013600362876743,3.2529499769035204,2.0792090133155283,3.5250263478194093,2.058284495733725,2.7954028608663166,2.097830999554173,3.2986939613806086,2.2308898917887956,2.1677676520581524,2.8098161696170947,2.255450416399063,2.427748328653444,2.2214015990195524,2.148718391136639,2.1079136321061367,2.15272835532844,2.078360692459556
395,3.955280271259799,4.02400594569397,3.6754621950130426,3.611340169640681,3.7502028706164987,3.896143889562361,2.0729331965053617,3.8771044565252364,3.4806082563778524,3.0605593571195513,2.9388493482549363,3.099088521849005,2.5364253396278853,3.0124695082712885,3.2521171726580835,2.0786089195806516,3.524327222814451,2.057749167582299,2.795988378127827,2.0968123086216677,3.299245546399328,2.2300053325028046,2.167174282207847,2.8092079906136185,2.254358364624281,2.4304133132789953,2.2205815964063564,2.148230610914287,2.107392945781232,2.152990836313358,2.078165492476505
396,3.9547237753328797,4.02439661412221,3.673883006617766,3.609584709460831,3.7520457730697805,3.896378047458892,2.072552234189033,3.8761994805346234,3.480108077476226,3.0627647831179954,2.9371988972710716,3.0986504845043163,2.5381955710187203,3.0112944615942503,3.251300198666187,2.078017696336928,3.5236226254591845,2.057221336613546,2.796578102685125,2.0958118258566447,3.2997923543885586,2.2291286244984603,2.1665823060833507,2.8086077180162006,2.2532611276157324,2.433112208473867,2.2197606657656896,2.1477453820704304,2.106875177356815,2.153258299326762,2.077970947137805
397,3.9541857573367105,4.02476827539796,3.6722746642154975,3.6078081911516136,3.7539308598786305,3.896649229778042,2.072173445594711,3.8752657367813703,3.479606279792721,3.0650072254057186,2.9355614644583463,3.098206748921938,2.5400627062294365,3.0100665692255943,3.2504938170566025,2.0774350715324656,3.522917235045446,2.0567009283083313,2.7971801175788493,2.0948290941812227,3.300344386145717,2.2282598488024026,2.1659916612148558,2.8080183322475643,2.252158904116979,2.435846709827658,2.218939323424169,2.147262920806882,2.106360475247467,2.153531002989035,2.0777770930654063
398,3.9536647601185537,4.025120681870764,3.6706352812000986,3.6060109744029756,3.7558637735918907,3.8969533613310756,2.071796738492771,3.8743046032778636,3.479099658321043,3.0672847302678234,2.933937691835231,3.097750280388826,2.542025484486368,3.0087782681590576,3.2496952494021887,2.076860786728891,3.522213051657161,2.0561878564629756,2.797798828556945,2.093863623179665,3.3009063139606836,2.2273987623881277,2.165402120762796,2.807439969884568,2.2510515106799107,2.4386179204610308,2.2181179715209343,2.1467834124193534,2.1058489692666553,2.153809196313084,2.077583965909425
399,3.9531610090306346,4.025455023144543,3.6689659294323036,3.6041960701479643,3.7578520543093314,3.897290089385119,2.0714220398746424,3.873320280870375,3.4785872856630187,3.069599275062177,2.932331658529632,3.097281480776515,2.544084734341968,3.007426818038884,3.2489071419572024,2.076294601248642,3.5215078858303097,2.0556820142103303,2.7984318794564444,2.0929148639059934,3.301475080813259,2.2265446283062564,2.164813202538925,2.806869119251526,2.249938317907259,2.4414261624045626,2.2172968669668247,2.146307004018678,2.105340762928349,2.154093093689719,2.0773915971676384
400,3.9526755430944625,4.025773151850225,3.6672691180552106,3.6023672300945733,3.7599032630031375,3.89766009213354,2.0710492829975857,3.8723178320559573,3.47806884094486,3.0719548323749737,2.9307490498443887,3.096805615591255,2.5462427915422037,3.006013328935854,3.248135649446662,2.075736288535096,3.520796921902788,2.055183285539493,2.799073298555936,2.0919822478465186,3.3020433980481525,2.225696464900675,2.1642243114777626,2.8063007248950544,2.2488185685305475,2.4442714952754057,2.216476217492939,2.1458338329636404,2.104835947966946,2.154382897142175,2.0772000170998335
401,3.9522088071808508,4.026076294368528,3.6655462709945485,3.6005261217747933,3.7620226253750846,3.898061532516869,2.070678391378504,3.871300571010442,3.4775423359151962,3.0743539625096172,2.929193575273633,3.096326592354156,2.548501830315773,3.0045388740668875,3.2473858693950377,2.0751856289746313,3.520075804587284,2.054691564981823,2.799719746824543,2.0910652516718122,3.3026060134833775,2.2248534852072943,2.1636349879548105,2.8057315040179622,2.247691824335724,2.4471545327315245,2.2156563199394155,2.145364065331107,2.10433462692998,2.1546788431929595,2.0770092603029933
402,3.9517598512996877,4.02636432984311,3.663796330281982,3.5986708742048346,3.7642120000874866,3.898488502471581,2.070309272331008,3.87026885314629,3.477003139273455,3.0767958945908864,2.9276647222203325,3.095842775792312,2.55086266206023,3.0030015302116695,3.246658766744149,2.0746424056092216,3.5193425689756936,2.0542067679783282,2.8003743293867758,2.0901634315572153,3.3031634640649887,2.2240153507827483,2.163045049374904,2.805161766353605,2.2465581829946366,2.450076884937012,2.2148376228223525,2.1448979110791098,2.1038369236591024,2.15498123138467,2.0768193687102867
403,3.9513268055718958,4.026636220711058,3.662016596809883,3.5967971582094744,3.7664710179586507,3.898932860953093,2.0699418253450372,3.8692212047614856,3.4764451382013584,3.0792777380613687,2.926158684211348,3.095348357470444,2.5533250109762173,3.0013968531258435,3.245952068876592,2.0741064063748835,3.518596990181547,2.053728823899893,2.8010447830108824,2.089276401356637,3.3037204191874423,2.2231820395125705,2.1624545121792287,2.8045942886127397,2.2454180888697834,2.4530408281181315,2.2140206557265896,2.144435600985309,2.1033429721871206,2.1552904077979482,2.076630388871108
404,3.9509081472663485,4.026891187283672,3.660204950429989,3.5949008416193897,3.76879949879131,3.8993880963305347,2.069575958484728,3.8681568455571727,3.4758631391657744,3.0817977858307413,2.9246713836420084,3.094838448148116,2.55588883305035,2.9997207392378638,3.2452638755906857,2.0735774308556993,3.5178383966066855,2.053257659148161,2.801737964561319,2.0884037790955268,3.3042805530726476,2.2223534714404116,2.16186337526874,2.8040313112299535,2.2442719018529056,2.4560484478598297,2.213205880684438,2.1439773434375615,2.1028528947597662,2.155606719851276,2.0764423657035933
405,3.950503592017136,4.027129640362147,3.6583615066804365,3.5929800257541245,3.7711992685031035,3.89985230761033,2.069211599774877,3.8670775768200114,3.475254621882435,3.084358237612685,2.923200821139144,3.0943128825829636,2.558555329546537,2.9979714974926566,3.244595433165096,2.073055295804256,3.5170644647091196,2.052793185662575,2.802455714591887,2.0875451506934457,3.304842762417543,2.2215292254488035,2.1612714515750078,2.80347218319201,2.243119568836417,2.4591009167046596,2.2123935782178106,2.1435232938552637,2.1023667889530673,2.1559304839895828,2.0762553378565936
406,3.9501136815168096,4.027353087316586,3.6564883347826633,3.5910347740988744,3.7736737657859236,3.900327840387411,2.0688486938917934,3.865987301615382,3.4746194564610056,3.0869655649484855,2.9217471716510217,3.093775722534678,2.561326813691374,2.9961495567903738,3.2439509999628537,2.0725398338681997,3.5162725882049,2.0523353041346537,2.803195780945854,2.0867000821046893,3.3054022410124695,2.2207085668685753,2.160678374081314,2.8029135439634496,2.241960633614217,2.4621984363348526,2.2115838421995067,2.1430735562523613,2.1018847343339195,2.156261990073669,2.0760693377002553
407,3.9497383236212396,4.027562944974344,3.6545876047126153,3.589064628284679,3.7762252512698837,3.9008169282528975,2.06848718464266,3.8648889047870445,3.473957777556246,3.0896284587463603,2.9203113683727535,3.093232240766328,2.5642060089391463,2.9942567880752793,3.2433360812711296,2.0720308824001434,3.515462256679172,2.0518839172986465,2.8039568718522565,2.0858681677991924,3.3059554479203976,2.2198907502246503,2.1600837655144796,2.8023520906331445,2.2407945886599507,2.4653409543933646,2.210776686276067,2.142628207794425,2.101406803505663,2.1566015182503393,2.0758843946414682
408,3.949376608311284,4.027759253798792,3.6526601897195166,3.587066445119054,3.778852773394546,3.9013172891281136,2.068126998810492,3.8637812247836836,3.473268060666756,3.0923533115597874,2.918892800788483,3.0926861840139925,2.5671954657986022,2.992296330378881,3.2427553579194024,2.07152826658439,3.5146337668926995,2.051438940745036,2.8047422672221596,2.085049058393784,3.306503530181121,2.219075402303051,2.1594874738761916,2.801787919284389,2.23962134451543,2.4685292585965817,2.209972220209131,2.1421873195582175,2.1009330489479083,2.1569493324188747,2.0757005392723458
409,3.949029067944118,4.027940934469512,3.6507062755958035,3.5850360110965704,3.7815557193867257,3.901825717258474,2.0677680526604902,3.8626607653169898,3.472547704352345,3.095139589347367,2.9174858175295437,3.092135334871088,2.570295707607513,2.990267131553762,3.2422084556431514,2.071031793938355,3.513784064186703,2.0510003092990363,2.8055580300281315,2.084242425081054,3.307050246982034,2.218262683679409,2.1588897132541165,2.8012250455144168,2.238441312802836,2.471765336705636,2.209170752870399,2.1417509596706013,2.1004634928246984,2.1573057047203146,2.075517810076383
410,3.948698845081803,4.028107522894476,3.648726820918205,3.5829717848211575,3.7843391091564844,3.9023466939136657,2.0674102743368254,3.8615267024328186,3.4717952404776047,3.0979819989097903,2.916079298671689,3.091569176863061,2.5735034583521923,2.9881574086088496,3.241687862775585,2.0705412711987723,3.5129082071516686,2.0505679770443708,2.8064083076915303,2.0834479076165904,3.307596975636494,2.2174529109428627,2.1582909101568224,2.8006677202888284,2.237254848727349,2.4750512704947663,2.2083726714728806,2.14131919540029,2.099998164378419,2.1576710012050637,2.07533625936081
411,3.948390544789309,4.028260056971993,3.646723957312454,3.580875084530657,3.7872113148916196,3.9028917919440524,2.0670536094934153,3.860381998574096,3.4710108716436743,3.100877782207939,2.9146623584616367,3.0909784049795177,2.576815032129009,2.9859539131859787,3.241187851989024,2.070056530598481,3.5120035070141267,2.0501418966468785,2.807291010209937,2.0826650985651884,3.3081392089736297,2.216645932078989,2.1576912979935745,2.8001161903882377,2.23606179197558,2.4783881534580803,2.2075782984234764,2.140892114396614,2.0995371192923766,2.1580456685422402,2.0751559441673355
412,3.948108096440551,4.028400458705791,3.6447014123720165,3.578747346791715,3.7901757926974247,3.903467909573305,2.0666980018636605,3.8592282557177113,3.4701941641946323,3.1038316045041165,2.9132321244221933,3.090370225128951,2.580233026869797,2.98366021784224,3.2407158826141185,2.0695774391478623,3.511068247777262,2.0497219869261247,2.808198172845733,2.081893582379676,3.3086683504371734,2.215840940244127,2.157090605949854,2.79956629552299,2.234861681433692,2.4817763344827766,2.206787817702705,2.1404698113942593,2.0990804023154173,2.158430062816072,2.074976904147961
413,3.947851906699786,4.028531056438575,3.642664563191148,3.576587202158363,3.793225331755626,3.9040649220979833,2.0663433714039696,3.85805796139841,3.4693410593562284,3.1068554055494078,2.9117959426767888,3.089769872101346,2.5837678477684083,2.9812966718048766,3.2402880593434684,2.069103869281291,3.5100986606428584,2.049308118630792,2.809125186538388,2.0811330435082134,3.3091807821923442,2.2150370650160283,2.156488271891088,2.7990141669393287,2.2336544356707853,2.485216401714301,2.2060011701988427,2.140052362280597,2.098628037690954,2.15882437287792,2.074799156241503
414,3.947618871461529,4.028653771357764,3.640617215196554,3.574389781595343,3.7963476022080274,3.90466398251909,2.0659896284138948,3.856856667545933,3.468444493742939,3.1099598710400587,2.9103591251507193,3.0891958945099587,2.587428502971772,2.9788747584855626,3.239910089724704,2.0686356734942577,3.509092719165549,2.048900160067762,2.810080815523779,2.080383315767897,3.3096855231089095,2.2142341251343085,2.155884033171148,2.7984604715171115,2.2324406246961623,2.4887098621908357,2.205218204401409,2.1396398548591162,2.0981800824331884,2.1592288470845036,2.0746227200013956
415,3.9474066279289555,4.028769111028941,3.6385597947630335,3.5721516164480462,3.799537442087339,3.905259520988464,2.065636704730811,3.855615563064671,3.467499187860561,3.1131458819772204,2.9089127576325593,3.0886405288834156,2.5912143004288817,2.9763830505857722,3.2395723984399143,2.0681727000811456,3.508055630592598,2.0484980422044545,2.8110823011790895,2.079644250718579,3.31019731270473,2.2134324595435846,2.155278022318612,2.797907199257873,2.2312207197432934,2.4922587158090685,2.204439033563059,2.1392324138021603,2.097736633002658,2.1596439526226527,2.074447637473651
416,3.947217002662028,4.028877424719945,3.63649278966651,3.569874395063958,3.8027990652881614,3.9058601987836097,2.065284556109179,3.8543349396155233,3.4665052942967174,3.116409210803779,2.9074404737480775,3.088083185080545,2.595118748387995,2.9737995921823908,3.239260952195583,2.0677147878041353,3.506993652631418,2.0481017406168,2.8121424553636256,2.078915602708426,3.310723376178422,2.212632324689852,2.154670460127569,2.7973540466288114,2.2299946123594214,2.4958645834341566,2.2036640183327156,2.1388301873586744,2.0972977691469383,2.160070231428036,2.07427396556983
417,3.9470538823394725,4.028979704006733,3.634418581413221,3.567562432848373,3.8061383768590646,3.9064781244527333,2.064933162019376,3.8530188068385627,3.46546797361709,3.119751668509209,2.905931313333777,3.0875118927192915,2.599137202032523,2.9711068005178776,3.2389685038143394,2.067261781185131,3.505907602074167,2.047711203767381,2.8132633991580036,2.078197062893483,3.3112601787904854,2.2118335178766455,2.1540614049103612,2.796798248872774,2.228761885971794,2.499528334664703,2.202893468320198,2.1384333107909312,2.096863533613187,2.160508161154184,2.074101753977051
418,3.9469192497525603,4.029077158986903,3.6323398622141863,3.5652203999143066,3.809559518751483,3.9071278758270225,2.064582534360224,3.85167446979587,3.4643965752238444,3.1231862543550197,2.90438249388224,3.0869293387236194,2.6032698604503635,2.968299077863148,3.2387019164347275,2.066813577472475,3.504794885359751,2.047326326042599,2.8144360771506594,2.0774882969422985,3.3117966973731976,2.2110351037752918,2.15345054377135,2.796233100184084,2.2275217635957087,2.5032495852512886,2.2021274912786133,2.1380418877222835,2.096433959406134,2.160958129251346,2.073931023792322
419,3.9468128672107885,4.029170551314936,3.630258095444529,3.562851664836588,3.8130640641067095,3.9078209843962215,2.0642326792311767,3.8503088554398617,3.4632984375241733,3.1267276977403093,2.902794119864528,3.0863474633382095,2.607520643676863,2.9653831279390332,3.238478459699257,2.066370103149265,3.503650977893261,2.0469469881643745,2.8156442099027315,2.0767889468341485,3.3123191447784053,2.2102357885798027,2.152837397748142,2.795651168410667,2.2262735066072326,2.5070281305518476,2.2013662792011437,2.1376560856754008,2.0960091032241945,2.161420509920287,2.073761780996931
420,3.946733271508772,4.029259057109924,3.6281721258816733,3.560454395946992,3.8166465959292526,3.9085530009836567,2.063883541398725,3.848918628971255,3.462170441191435,3.130377319170857,2.901161695433996,3.0857775100211433,2.611894074768735,2.9623706877740066,3.23831424446945,2.0659312586500564,3.502467595952356,2.046573099065515,2.8168759136579657,2.0760986927959646,3.312820257516811,2.2094349667006767,2.1522219344866755,2.7950530155958186,2.225017556550787,2.5108671023643065,2.2006104691032076,2.1372762079696286,2.0955890524928744,2.161895755748217,2.073594047726612
421,3.9466778154605198,4.029339274432008,3.626076114425204,3.5580199903718697,3.8202947750636134,3.909306441149252,2.063535018717682,3.8474905385298745,3.4610019069000364,3.1341237442570726,2.8994727663218907,3.0852185614009158,2.6163902402727697,2.959264538996257,3.2382149400938363,2.065496924326887,3.501238577039511,2.0462046037165895,2.818135563283554,2.0754173312314084,3.3133083535559584,2.208633179374095,2.1516048154743443,2.794448568563041,2.2237554878888837,2.5147729181455656,2.199861007476954,2.1369025941641224,2.095173911007511,2.162384425307942,2.073427864500461
422,3.9466430073843948,4.029407829300399,3.623963088303356,3.5555408167173153,3.823999247603399,3.9100703883820893,2.0631870307880527,3.8460133387211997,3.45978373919801,3.1379565068632655,2.897711884585049,3.084657865252078,2.6210044665160446,2.9560555201090657,3.2381797486446624,2.0650669980197116,3.4999672342233556,2.0458414602991137,2.819436107698299,2.0747447135496446,3.313798961598894,2.2078311480686055,2.150986759219259,2.793846358337276,2.2224884606547652,2.5187510862253446,2.1991186499737227,2.1365355152184793,2.094763787076735,2.1628871285741873,2.0732632691742303
423,3.9466284029641394,4.029465612044616,3.6218324910789454,3.5530187092825454,3.8277589377581296,3.9108464490031416,2.062839546911757,3.84448444459658,3.458513175211829,3.141874069675098,2.8958695989789462,3.084090412319471,2.6257348696062994,2.9527363980972567,3.238212836005876,2.0646413914316795,3.4986557806433467,2.0454836053162504,2.820782625674184,2.074080639520511,3.314297950277939,2.2070287579826475,2.150367844852882,2.793244049475705,2.2212163043947455,2.522803210561847,2.198383645755091,2.1361751374719895,2.094358744944575,2.1634043652311314,2.073100283233171
424,3.946639632002752,4.029517954856909,3.6196921782397076,3.5504642916069753,3.831578268769326,3.9116422704657996,2.0624925697145793,3.842907286335149,3.457193880732752,3.14588223767315,2.8939448363709324,3.0835284816616357,2.630585606742229,2.949307967487796,3.238324148474269,2.0642200007340716,3.4972923472231625,2.0451309444321373,2.8221681685387723,2.073424852528664,3.3147986626313743,2.2062252142446854,2.1497476349422953,2.7926303894072277,2.2199379885349506,2.5269279341338677,2.197655849581718,2.1358215083756047,2.093958755602138,2.1639364167231205,2.0729389131455043
425,3.9466844092623203,4.029571060136956,3.6175514923752896,3.547890344537419,3.835463183240397,3.912468495082851,2.062146114718887,3.8412871584186625,3.4558329407768604,3.149989599810233,2.8919376705578825,3.082983981465375,2.635559687597431,2.945767182454157,3.238520747008922,2.06380271401212,3.495862806139242,2.0447833859092075,2.8235852084115063,2.0727771054507524,3.3152932469138716,2.2054197211534112,2.149125701864588,2.791992665350446,2.218652323940065,2.531123287860531,2.196935061723937,2.13547463437457,2.0935637572133143,2.164483508263906,2.072779164098332
426,3.9467666463487707,4.0296286143899565,3.615413679350615,3.545304430435492,3.839416268273215,3.9133333366320624,2.0618001856323795,3.8396274308706606,3.454435212149675,3.1542008166887125,2.889841597577238,3.082452687179169,2.6406533182058527,2.9420991634094262,3.238802061223182,2.063389434624746,3.4943664424617493,2.0444408730639085,2.825038360215281,2.072137220015827,3.3157842927797305,2.2046120108471468,2.148501982450925,2.7913231292697724,2.2173585745725566,2.535388827549106,2.1962213095296788,2.135134593614582,2.093173746798948,2.1650460309831945,2.0726210516857635
427,3.9468861887327225,4.029691765746827,3.6132766063724597,3.5427071710751674,3.8434327773499186,3.9142343072977566,2.0614547579202247,3.837925627056914,3.452999075538033,3.1585138938003237,2.8876460829546646,3.08192547872003,2.645861147148235,2.938289452058347,3.2391659438771088,2.0629800753323053,3.4928084528294976,2.0441033632230856,2.8265397267519847,2.071505073458168,3.316283368769551,2.203802341942585,2.147876778507073,2.7906208995632746,2.216056842275606,2.5397266166956367,2.1955148982263424,2.1348015662235493,2.09278876474741,2.1656244664164803,2.072464592485831
428,3.9470418372454636,4.029760786099178,3.611137355740287,3.5400958325302647,3.8475018122228852,3.915158302869833,2.0611097896580532,3.83617421790586,3.4515177833980695,3.162925191845491,2.885344876862405,3.0814062432911937,2.6511831642545918,2.9343366080369897,3.2396175214375926,2.0625745528801755,3.49118762753086,2.043770791508296,2.8280951643054224,2.0708805358527487,3.3168003161531012,2.202990990350961,2.147250467572161,2.7898886984444786,2.214747835292014,2.5441405278550375,2.194816283743046,2.134475785704717,2.09240883566142,2.166219204157717,2.0723097893968996
429,3.9472323426342513,4.029836755894686,3.6089942668779416,3.537468406688635,3.8516115547443266,3.9160919386534503,2.0607652481168572,3.8343659701900497,3.4499840957786088,3.1674339456795564,2.882936103773895,3.0809074099157336,2.656622701139567,2.9302458100471562,3.2401683703835062,2.06217279905701,3.4895013584828463,2.043443076777619,2.8297028389258525,2.0702634488524385,3.3173390561598097,2.202177875834695,2.1466232589532313,2.78912809385869,2.213432244580404,2.5486344707629605,2.1941258861495196,2.1341574891243162,2.092033972043971,2.1668305596619324,2.0721566317601083
430,3.9474568032352693,4.029922074240312,3.6068468298890144,3.5348260717083715,3.855754003194157,3.9170308946352015,2.060421134578411,3.8324996303046186,3.4483958005926953,3.172043830103797,2.8804183395021656,3.080439203795241,2.662182091587158,2.9260186880514576,3.2408299022064933,2.0617747550724244,3.4877495632532813,2.0431201358952746,2.8313572346742735,2.0696536366296585,3.3178988255549604,2.2013625796146883,2.145995180700238,2.788336875978664,2.2121102725430224,2.5532109182267275,2.1934439933400465,2.133846890296496,2.091664180313778,2.1674588209365586,2.0720050980529257
431,3.947715857874249,4.030019622804591,3.604696078273035,3.532173563062273,3.8599265862563765,3.9179807080469624,2.060077486171029,3.8305808393681993,3.4467568036525402,3.176760973120761,2.8777897365596017,3.0800080399444516,2.6678619728430926,2.9216520002975295,3.2416090581736903,2.06138035218294,3.4859288800268025,2.0428018863988573,2.833049687224941,2.069050910931766,3.318474999101714,2.200544588293903,2.145366239648994,2.787510368702893,2.2107816974167487,2.5578710538482903,2.1927708065029243,2.133544149705943,2.09129942986147,2.1681041929747416,2.0718551564977252
432,3.948011345499847,4.0301320554292035,3.6025437664673787,3.5295167130921827,3.8641294672747435,3.918950656945661,2.0597343519788476,3.828617778597634,3.445072507773527,3.181588489910485,2.875046012550663,3.0796133007863578,2.6736602438933708,2.917136767111521,3.2425055256441224,2.060989507340579,3.4840336559662894,2.0424882581374253,2.8347735645887138,2.068455096036399,3.3190632189558213,2.1997236130745166,2.1447366262704577,2.786644864463886,2.2094463264876003,2.562616340377155,2.1921065695921413,2.1332493950054308,2.0909396580046753,2.168766833710636,2.0717067755581864
433,3.9483446524295736,4.03026186764554,3.6003904354106826,3.5268592094147984,3.8683616272012844,3.9199488337353765,2.059391775194318,3.8266167640491706,3.4433450902098657,3.1865230142731833,2.872178295994316,3.0792447351441243,2.6795714382014504,2.9124576733662444,3.2435116948242766,2.0606021378366197,3.482063873416749,2.042179202526032,2.8365299221462767,2.0678660554453865,3.319664433060553,2.1988997114718405,2.1441067642693827,2.7857395563095855,2.208104300590734,2.5674494244398174,2.191451608083446,2.1329627667195865,2.0905848085975562,2.1694469449041014,2.07155992796208
434,3.9487157841746368,4.030411969152084,3.5982356221255953,3.524202532557713,3.8726196147311214,3.9209807482460635,2.059049792305869,3.824581273161261,3.441572280933829,3.1915573319231836,2.8691764691458994,3.0788909692196214,2.685590647651847,2.9076016363957784,3.2446210607485977,2.0602181761845237,3.480025259857086,2.041874677556326,2.838322730366544,2.067283672545755,3.3202833793999647,2.198073037227183,2.1434771287789642,2.7847949862542816,2.2067559348331764,2.5723733510844786,2.1908062271620055,2.1326844194371253,2.090234837664616,2.170144716561335,2.071414577308983
435,3.949123670636122,4.0305857475799955,3.5960795690790883,3.5215477045671357,3.8768977413115264,3.9220475369701995,2.0587084398005615,3.822514018456965,3.439750403956673,3.1966867745613388,2.8660360413157533,3.0785533516511423,2.691719176742488,2.9025679607903605,3.2458369241488074,2.059837570648224,3.477919355475962,2.041574621115237,2.840149478638019,2.0667078176974965,3.320922792461804,2.197243522167309,2.1428480369789975,2.783810413512288,2.2054014731636173,2.5773906102235262,2.1901706219104433,2.1324144981740414,2.08988968277254,2.1708601790475357,2.071270663786302
436,3.949567034388467,4.03078710287156,3.593923645709989,3.518895751237487,3.8811879144661274,3.9231446706823343,2.058367756268029,3.820417870753361,3.43787697720939,3.2019113412729068,2.8627593405458986,3.0782470717986565,2.6979646716485455,2.897365872578095,3.247170285753664,2.059460280140457,3.4757399460182494,2.041278948040171,2.8420013668779074,2.0661383581678487,3.3215829548233673,2.196410912251054,2.1422196515297744,2.7827832128877343,2.2040410831504227,2.5825031139123547,2.1895448748059483,2.132153133197696,2.0895492509795397,2.1715931875047474,2.0711281080061896
437,3.950044374063917,4.031020460732725,3.5917691909081855,3.51624711066928,3.8854807365788573,3.9242649742388194,2.0580277793794703,3.818294991709279,3.435949986472977,3.2072321215039894,2.859349451707256,3.077985867269809,2.704334539212966,2.8920020174150505,3.2486293270378335,2.0590862661792797,3.4734811760573834,2.040987577084255,2.843873371462939,2.065575191586331,3.3222677748145273,2.195575095110012,2.1415921736912398,2.7817107474544,2.2026749408748225,2.5877127384187313,2.188929006293613,2.1319004463673834,2.08921344245708,2.172343551653409,2.070986826044095
438,3.95055329852016,4.031290254736248,3.5896169947559655,3.51360214290012,3.8897677857702138,3.925403102036928,2.0576885463926335,3.8161471667754743,3.4339678840384744,3.212648279920585,2.8558057796162317,3.077769983433351,2.710830595961794,2.8864730397068157,3.2502134958411553,2.0587154830501797,3.4711440297227147,2.0407004544133467,2.845770102110903,2.0650182488534026,3.3229877071454874,2.1947362558240404,2.1409659393191918,2.7805914244590193,2.2013031563677297,2.593021556879626,2.188323047656473,2.131656551544878,2.088882170239788,2.1731111318413023,2.0708467389489384
439,3.9510917253046145,4.031601203711061,3.5874689523142655,3.5109633304537193,3.8940435461152467,3.9265575238630857,2.057350105408113,3.813978594487839,3.4319328934813766,3.2181584781035433,2.8521267809453636,3.077592986181865,2.7174517822188653,2.8807696783294703,3.251916259402412,2.058347872746845,3.4687298484896703,2.0404175391465444,2.8476988597213824,2.0644674644879575,3.323753620526363,2.193894633310312,2.1403412959399613,2.779422261768658,2.1999255823255073,2.598431220867016,2.187727030765172,2.13142154881482,2.088555346548951,2.1738957822270644,2.070707767282889
440,3.9516592769362453,4.031959383727784,3.58533011446232,3.5083366476130537,3.898305056010944,3.927729229129797,2.057012522964402,3.811796323231688,3.4298514608597057,3.2237645909732056,2.848315904687736,3.07745551999567,2.7242003638872188,2.8748849146702735,3.2537308626928354,2.0579833730510586,3.4662328227596597,2.040138770178404,2.8496590306677416,2.063922748562246,3.324568589591748,2.193050167187982,2.1397184369393725,2.7781965352370626,2.198541822851074,2.60394253500773,2.187140924824135,2.1311955390992416,2.0882328725075125,2.1746972437050256,2.0705698214880903
441,3.95225510458197,4.0323723469168735,3.583207796218557,3.505728928503112,3.902548564213598,3.9289184447162127,2.0566758724892864,3.809605706896274,3.427726569443898,3.2294674778966086,2.844380877099101,3.077365919055565,2.731083719938609,2.868818047672063,3.255654319794382,2.0576219356123135,3.4636480366895475,2.03986406576803,2.8516437165041553,2.063383992956154,3.325429293479462,2.192202487507454,2.139097400900998,2.7769060526403204,2.1971515756360267,2.609556374944237,2.1865646417921942,2.130978662782159,2.087914662862745,2.1755151679521942,2.070432798927971
442,3.9528751858887308,4.032847763645465,3.5811080678434806,3.503143067182729,3.9067661625109222,3.9301215612303313,2.056340218007965,3.807407381114301,3.4255523910589716,3.235258477912366,2.840326594549648,3.0773288792844564,2.738110418573726,2.8625708623832997,3.2576849000671495,2.0572635300301583,3.460982187697355,2.0395933534864628,2.853651825198189,2.062851108082193,3.3263351521842144,2.191351299860977,2.138478277766446,2.775545699093141,2.1957549728631074,2.6152751365295406,2.18599813693516,2.13077112407997,2.0876006688026014,2.176349242383625,2.0702965914236673
443,3.9535137635167406,4.033391593094231,3.579033147718321,3.50057789217384,3.910948184088233,3.931334774643334,2.0560056225632177,3.805202337677811,3.423323286501168,3.2411251190880757,2.8361534760677047,3.0773366950247296,2.745283437192083,2.856137053412348,3.2598138127533725,2.056908127720505,3.4582480812959204,2.039326580125683,2.855689621354987,2.062324030516864,3.327290746089377,2.1904966565648314,2.1378614225267896,2.7741139697566384,2.1943523602376076,2.6211026339528036,2.1854415270459553,2.130573194291679,2.0872908706414925,2.1771992587625504,2.0701611003913114
444,3.9541659326019682,4.034007656327099,3.576981883580696,3.4980316022398528,3.9150886185074407,3.9325618941358247,2.055672170519195,3.8029997309216497,3.4210441314565028,3.247060968154033,2.831860389491432,3.0773712858802993,2.752598586255786,2.8494998205836346,3.2620247826392585,2.0565556962954274,3.455453272906494,2.039063697733895,2.857759709813637,2.0618026824270665,3.3282989572137027,2.189638765223031,2.1372474122639082,2.7726097226961315,2.1929438325562236,2.6270426178899373,2.1848950936942733,2.1303851864136982,2.0869852571772025,2.1780650799728836,2.0700262341326314
445,3.9548274175640827,4.034699186729322,3.5749517859640862,3.4955022558884954,3.919184121360407,3.9338117070213867,2.055339958588202,3.80081490397601,3.4187255542027537,3.25306208044268,2.827447233997069,3.077416804890724,2.76005190046853,2.8426443946065145,3.264306527796413,2.05620621791697,3.452599570583537,2.0388046568386544,2.8598550286523454,2.0612869427518015,3.3293563064834815,2.1887776247646435,2.1366368061851713,2.7710302233292583,2.191529219736986,2.6330980922942198,2.184359169452769,2.130207438572426,2.08668381982403,2.1789465572375453,2.0698918912693895
446,3.955493941080662,4.035470177818217,3.57294098320057,3.49298696994387,3.9232291087405855,3.9350880512518804,2.055009073506848,3.798662568500449,3.4163763860487673,3.2591245052169513,2.8229200470289277,3.077474693064226,2.7676478079089053,2.835569521654921,3.2666627583786534,2.0558596955372597,3.449682470104664,2.038549394159842,2.861957793982624,2.0607766553224245,3.330453505188298,2.187912873859005,2.1360299845135424,2.769370843779476,2.190108253732459,2.639271240451615,2.1838340132031018,2.1300403100587726,2.0863865510257535,2.179843422966655,2.069757952707133
447,3.9561607427036924,4.036325156340243,3.5709482599476594,3.490480887573849,3.9272139606281513,3.9363856253892897,2.0546795857265656,3.7965530423373206,3.414002360429439,3.2652447027610454,2.818290730340264,3.0775589519725406,2.7753966497189597,2.828281682722352,3.2691048773613045,2.0555161400145847,3.446691383629418,2.0382978322663075,2.864047554591702,2.060271674582599,3.331583050005492,2.1870441820808257,2.135427317280616,2.767627165254319,2.18868071890164,2.645563792592535,2.1833197585491173,2.1298841626619702,2.0860934482326075,2.18075530428335,2.0696242896155264
448,3.9568227667713947,4.037269570969634,3.5689726438726854,3.4879760780241336,3.9311264587438934,3.937693033578416,2.054351545635876,3.7944891549622284,3.4116020654120396,3.2714090674232787,2.8135673408123942,3.0776747586498288,2.7833055065683867,2.8207818222371124,3.271637753585161,2.055175563092304,3.443621058141929,2.0380499125690816,2.866118354191504,2.0597719127732526,3.332749458771153,2.1861717809184826,2.1348294532814487,2.7657983012275764,2.187246640990167,2.651977867876401,2.1828164175477016,2.129739331654612,2.0858045270488623,2.181681889571506,2.069490781265383
449,3.9574767536934896,4.038311388076067,3.5670157751203764,3.4854649936561253,3.9349555597208377,3.9389995222269603,2.05402498982452,3.792467468239325,3.409167315608353,3.2775913198688986,2.808750961948439,3.0778121853896847,2.791375544280987,2.81306207463294,3.274255381685098,2.0548379689735086,3.44047492618263,2.03780560921919,2.8681802916589407,2.059277324339149,3.3339673781506796,2.185296345165073,2.134237228993096,2.7638849442715445,2.1858060853094394,2.6585151869720236,2.1823238551221324,2.1296061044617383,2.0855198183112282,2.182622986904547,2.0693573221160397
450,3.958122086413963,4.039461039153377,3.5650844202558405,3.482946607393247,3.9386957672728444,3.9403008080593125,2.053699966845671,3.790486833154768,3.406694223924793,3.2837698992691857,2.803845686310999,3.0779616534248886,2.799607750777475,2.80511300382134,3.2769489329435304,2.054503352208888,3.437252234850914,2.0375648936789785,2.870241859356852,2.058787851368811,3.3352489363953537,2.1844183381367808,2.1336512570504507,2.761882177195348,2.184358540038698,2.6651744123036574,2.1818416862263255,2.12948469964913,2.085239345446703,2.1835783728052798,2.069223805653827
451,3.9587580642639844,4.0407293340042525,3.5631898931627255,3.480427298066998,3.9423471272824986,3.9415982023623344,2.0533765530210952,3.7885533501083444,3.4041883689726498,3.289939354489679,2.798867233697209,3.078129726064662,2.8080101114165448,2.7969326698612953,3.279717152604253,2.05417171444762,3.4339398769618854,2.037327696153495,2.872297402676428,2.0583034001818947,3.3365958426011977,2.1835376326609546,2.1330717029724795,2.7597767207138784,2.1829027894215005,2.6719503739347976,2.181369225282529,2.1293752624715,2.0849631087235703,2.1845476308305027,2.0690900976126927
452,3.9593821642290297,4.04212760960822,3.5613464452549777,3.4779158211984496,3.9459090630653924,3.9428889505089995,2.0530548265961,3.786671220185472,3.401653629569311,3.2960976842583576,2.793837517906331,3.078333881230809,2.816596735979525,2.7885262309579066,3.282563259558787,2.0538430618705057,3.4305210558409405,2.037093920965281,2.8743362263120424,2.0578238719879898,3.3380055835352795,2.1826538925466243,2.1324984891320793,2.7575530906782646,2.1814376545291534,2.678837279995074,2.1809056420728012,2.1292779557001884,2.0846911207468106,2.185530263015041,2.0689560483490332
453,3.959988696412914,4.043666372038295,3.5595659174871317,3.4754155837348444,3.949374295332309,3.9441626594535784,2.052734847140801,3.784836471894314,3.399086521454534,3.3022342781657867,2.7887729912778,3.0785774196246924,2.8253745556812313,2.7798923281225294,3.28548068041665,2.053517395252376,3.4269941430142676,2.0368634962034893,2.8763636072696093,2.057349214733624,3.339483070712272,2.1817671809554384,2.131931757721178,2.755201838112603,2.1799626082617465,2.6858325303909574,2.180450269553738,2.1291930636297938,2.084423467771398,2.1865260305642757,2.0688215330667816
454,3.960568145205229,4.045351073412361,3.557851862227104,3.4729212691203433,3.952731250613845,3.945411792542571,2.052416679141948,3.783047136809187,3.396486707544378,3.3083350743343862,2.7836816076645015,3.078837022026396,2.834333783072893,2.7710146824982376,3.2884474152950465,2.0531947183888644,3.4233734084819987,2.0366363837573234,2.878401179875359,2.0568794139581925,3.34103920151464,2.1808780438802127,2.1313721549107876,2.7527214409482132,2.1784776011044524,2.6929371158974043,2.180002814450662,2.1291209864764853,2.084160308604133,2.187535082685429,2.068686458205428
455,3.9611114092363486,4.0471835481296985,3.5562025212412185,3.4704252259310615,3.9559714692923458,3.9466387987617297,2.052100406584681,3.781311392485075,3.393862815673894,3.31438846903822,2.7785683572603435,3.0790812087140207,2.843456652170137,2.7618732027474335,3.2914387885381817,2.052875040816973,3.419672614835749,2.036412552552142,2.8804610608536314,2.0564144081716664,3.342674709819282,2.1799869227198636,2.1308204917016353,2.750111634296202,2.1769825439594173,2.7001529880868262,2.179563321802628,2.1290622430149058,2.0839018392453323,2.1885578074628826,2.068550745622202
456,3.9616114793348416,4.049164639653554,3.5546144575956182,3.4679218384425856,3.9590905013286415,3.9478532176934964,2.0517861279822514,3.7796470864578815,3.3912306101416614,3.3203892505202224,2.7734433289282396,3.079294700018483,2.852730512315094,2.752458716989643,3.2944459861015094,2.052558388704578,3.4158977744018246,2.0361919548511027,2.8825295428558735,2.0559540483279113,3.344371477010637,2.1790935775460065,2.1302772788783533,2.7473670854042664,2.1754769788174446,2.7074804733800155,2.1791319825563793,2.129017456120602,2.0836482721834724,2.1895946298705815,2.0684143089502802
457,3.9620610623231935,4.051294118470486,3.5530827910216845,3.465403752703617,3.962081608212512,3.949060490113356,2.0514739365584136,3.778072877830086,3.3886056641785305,3.326334005827139,2.7683235141635416,3.079482997813882,2.8621505200440414,2.7427745885259163,3.2974781846890124,2.0522448092274503,3.412047673506919,2.035974525249762,2.884578127376176,2.0554981553869074,3.3461041363581687,2.178197452932348,2.1297428906011087,2.7444811837086713,2.1739603697341523,2.714918532041189,2.178708954904007,2.1289872701008186,2.08339982766973,2.19064593876556,2.068277043874439
458,3.962452425986046,4.053572290067027,3.5516038381014776,3.462859520345533,3.964930542443425,3.9502501139418316,2.0511638879096386,3.7765930693391017,3.385989205241745,3.332204340422438,2.763225912131001,3.0796614273497944,2.871715692499404,2.732830882072512,3.300550232329539,2.0519343493297764,3.4081182877699105,2.0357602021101715,2.8865855298559575,2.05504659581518,3.3478581659491553,2.1772985127691107,2.1292179535046944,2.741453292191254,2.1724326949140687,2.7224667775993234,2.178294251845271,2.1289722835953255,2.0831567377583435,2.1917121772905115,2.0681388485029526
459,3.9627780046046084,4.056001662354868,3.55017831814499,3.4602777025105578,3.9676193156495243,3.951400532989779,2.0508560056755196,3.77519587274086,3.3833650513729285,3.337963687894745,2.7581637341418768,3.0798444643384024,2.8814248312373527,2.7226394925466826,3.303673152492651,2.0516270457774657,3.404109217840276,2.0355489374276377,2.8885482652195993,2.0545993038444883,3.3496367314088182,2.176397448736345,2.1287033426801636,2.7382875799127406,2.170894289480525,2.7301239931042827,2.177887543921629,2.1289729587348214,2.0829192297549426,2.1927938434963465,2.067999628458922
460,3.9630315420913877,4.0585870304929905,3.5488148644430395,3.4576557002430124,3.9701366925666983,3.9524962942276085,2.050550325247453,3.7738672481461095,3.380714399277707,3.34357584230228,2.753149733344649,3.080041511590443,2.8912735095269273,2.712210233906096,3.306846836209921,2.051322912024421,3.4000153921752454,2.0353406766770843,2.8904723667630483,2.054156256784642,3.3514544311792553,2.1754953584048695,2.128199929330764,2.7349856387800013,2.1693450926431797,2.737883510666527,2.1774879355765004,2.128989521881766,2.082687487407709,2.193891370947937,2.0678592870795685
461,3.9632100345785606,4.061335531710308,3.547532296594388,3.4550060390400468,3.9724845731236726,3.95353875579689,2.050246927459598,3.7726057553088292,3.3780358341944487,3.3490274397117084,2.748201217999454,3.0802578582665765,2.9012525710817303,2.7015492921599646,3.3100550976495606,2.051021924217033,3.395818375386691,2.0351353479106593,2.892361489893685,2.053717440458172,3.353324742726471,2.174593187875915,2.1277081968865263,2.731539074607154,2.1677841343234574,2.74573010383195,2.177093944137469,2.1290219637648646,2.082461622568831,2.1950050186303915,2.067717725578389
462,3.9633109907042625,4.064254845586914,3.5463528066310017,3.452348149794041,3.9746714191742165,3.954539633005033,2.049945925073002,3.7714216815860087,3.375346289967611,3.354325183519487,2.743337492128247,3.0804889560507984,2.9113436563383397,2.6906596452876648,3.313269593241046,2.0507240506332907,3.391506883642653,2.0349328897225725,2.894224673274202,2.0532828525748226,3.3552577181496273,2.173691610214953,2.127228271157939,2.7279325679310586,2.166209927139892,2.7536430587652214,2.176703821300924,2.1290701725569816,2.0822417136719014,2.1961350186579076,2.067574851692768
463,3.963327669497915,4.0673484454907225,3.545291327079411,3.4496927887612463,3.9766976871580213,3.9555029570517584,2.049647413341544,3.77031945341262,3.372658368290126,3.35946938330972,2.73857295364948,3.0807188585181864,2.921516744941809,2.6795444177123287,3.3164601671200185,2.050429278601193,3.387093983778235,2.034733267418126,2.8960837957866428,2.0528525189086366,3.3572668184732137,2.17279161149484,2.126760546177203,2.724158092822276,2.1646216359571464,2.7616047156564285,2.1763161231060337,2.129134137194415,2.082027899434552,2.197282004238208,2.067430601876563
464,3.963248692811553,4.0706130463481,3.5443516074055488,3.44703858052361,3.978552365504935,3.9564194757031883,2.0493514611547683,3.7692962554044662,3.3699760912636183,3.3644495314680585,2.733920496677608,3.0809388207295303,2.931738199693369,2.6682140982277325,3.319609234136886,2.0501376184420304,3.382607325371967,2.0345364513608803,2.897954316267667,2.052426450607762,3.359359052521826,2.171894346907364,2.1263057193649395,2.7202167207135375,2.1630193180268007,2.769603139303398,2.1759300280061726,2.1292140867069174,2.0818204094131625,2.1984470657330117,2.0672849371001143
465,3.96305958659762,4.074039508139032,3.5435277055668837,3.444376497801927,3.9802189773801766,3.957274331513055,2.049058135388405,3.7683532775045614,3.3673069318727498,3.3692555974984906,2.7293974497050293,3.0811606415848747,2.941977955844517,2.656689982440394,3.3227212403932707,2.049849110040206,3.378080634506056,2.0343424015217,2.899828581563919,2.0520046035079353,3.36152177305153,2.171000514254601,2.1258643980930945,2.716110860560666,2.1614033407623983,2.777628423772043,2.175545248190655,2.1293104798291873,2.081619530885002,2.199631515233501,2.067137821339369
466,3.962746478730019,4.0776158212030955,3.5428105818156546,3.441695881069312,3.981681418072444,3.958054544409664,2.0487675070420135,3.7674947325611643,3.3646608507258167,3.3738764666343712,2.7250221113268487,3.081407407334515,2.952206244684049,2.644999373218128,3.3258118779267565,2.0495637997386247,3.3735460263503025,2.0341510701282868,2.9016799352081475,2.051586897505303,3.363727715021838,2.170110566866945,2.1254371885551606,2.711844103745366,2.15977421325076,2.7856698526072394,2.1751617523386235,2.129423861284775,2.081425561090362,2.200836798848222,2.066989229321291
467,3.9622984273621267,4.081329298585807,3.542194736764902,3.4389902668279566,3.982929366931458,3.9587547339253013,2.0484796529960443,3.766723789753784,3.362046498790244,3.3782980255694985,2.720807979128563,3.081695923234464,2.9623847144543567,2.6331679157712404,3.328885556567393,2.0492817042891565,3.3690222589293803,2.033962407324189,2.9034783549607424,2.0511732697992406,3.3659506743179444,2.1692254343710924,2.125025038570817,2.707424892798567,2.1581326018772256,2.793713753411228,2.174779419721684,2.129554635818158,2.081238743515918,2.2020644199149686,2.066839154321813
468,3.961706654703656,4.085167497199889,3.5416810627989728,3.436260021827519,3.9839599874766405,3.9593777616767567,2.0481946530537622,3.766038789871642,3.359466954947799,3.3825010654878547,2.7167612298490216,3.0820295380467915,2.9724631943797917,2.6212179569278766,3.3319272869190026,2.049002804375966,3.364514936465855,2.0337763666537354,2.9052041611603654,2.050763712697652,3.3681778944395058,2.1683468968287647,2.124629344087186,2.7028675848261488,2.156479291859704,2.801741553616892,2.174397766556271,2.129702901363183,2.0810592309252964,2.2033158535016177,2.0666876047036733
469,3.960963556186419,4.0891192977132835,3.5412775068604576,3.4335123427438825,3.98477557881477,3.95992917972582,2.0479125851112685,3.7654326450893323,3.356920454700147,3.386464049672352,2.7128845978520233,3.0824084625899313,2.982386532103682,2.609173137221734,3.334912870272422,2.0487270608117893,3.3600240040606963,2.033592905259816,2.9068490591260367,2.0503582719586135,3.370409886950134,2.1674772920860947,2.1242516676005696,2.6981887344990803,2.1548150250694333,2.8097273503423708,2.174015798047461,2.129868419955308,2.0808870777681348,2.204592387209133,2.0665345931670855
470,3.960061166301224,4.093174897634236,3.5409970845358267,3.4307584553662753,3.985379488097391,3.960409368778733,2.047633528193006,3.7648983755798975,3.3544090804115982,3.390174353054986,2.709185974691665,3.0828485014327756,2.992105363715341,2.5970632526965645,3.3378235883107465,2.0484544363625115,3.3555470936042533,2.033411976639579,2.9084088684677565,2.0499570269278697,3.372651497274577,2.166618954268992,2.123893362366666,2.6934022408642457,2.1531403303616212,2.8176359147514582,2.1736320024580604,2.130050666396894,2.0807222349970638,2.205894857071184,2.0663801136786724
471,3.9589885401825096,4.097324187224594,3.5408537933177535,3.4280090657406026,3.985771599800189,3.9608070724007938,2.0473575551613767,3.764427781858572,3.351937309042768,3.3936265745771417,2.705679680310471,3.0833866739734566,3.0015805088843868,2.584925447626115,3.3406554476871406,2.0481849133754904,3.351088971626017,2.033233529790928,2.9098805670097843,2.04956007799036,3.3749065054056357,2.165774012562691,2.123555472854705,2.6885197587590195,2.151455742011197,2.8254250938156504,2.173244583677924,2.1302489411026055,2.0805645836534237,2.207223685188377,2.0662241372690104
472,3.957728598787697,4.10155362480222,3.540857501133851,3.425270509644057,3.985947792869737,3.961102537578828,2.047084728816871,3.7640083692010218,3.3495058534105553,3.3968130898173436,2.702379302407862,3.084066465789369,3.0107757240808755,2.5728002026422483,3.343415672053751,2.0479184993621073,3.346672996644124,2.03305751654399,2.91126683924245,2.0491675466212085,3.3771779858889865,2.1649445628191253,2.1232389368265956,2.6835551199794763,2.1497621435941263,2.8330509892108466,2.1728518193671245,2.1304624716188516,2.0804139821705006,2.208579196832578,2.0660666275799384
473,3.9562600442435367,4.105845141289626,3.5410129857487367,3.422546415429198,3.985906960841791,3.961283078400183,2.04681511913662,3.763630299529087,3.347117726846635,3.399728107693281,2.6992906476013814,3.084915319668297,3.019643993740851,2.560724330526607,3.3461040647823053,2.0476552026941253,3.3423331552711777,2.0328838964956915,2.912575230565974,2.048779563943293,3.3794646513201667,2.164132793455234,2.1229448242711295,2.6785269315576707,2.148060803325063,2.8404703852934046,2.1724522978677756,2.13069045139437,2.080270265586678,2.209961812502096,2.065907563784249
474,3.9545623580679887,4.11017709252796,3.541321355615727,3.419840519080276,3.9856571328034884,3.961355358530531,2.046548816067818,3.763293816088328,3.3447859976586214,3.4023746540975006,2.6964090885451832,3.0859331800564376,3.0281204374253683,2.5487277889854294,3.348701799040386,2.0473950131292127,3.3380999359439834,2.03271263514681,2.913809014287943,2.0483962456424973,3.3817533399436184,2.1633408724966086,2.1226744360609056,2.6734585770473687,2.146353281341591,2.8476411932497823,2.1720450492516807,2.1309320741487485,2.0801332315424155,2.211372091984131,2.0657469589900965
475,3.952616537570682,4.114524557772404,3.5417782821748736,3.417154246559079,3.9852128721125926,3.9613385787732343,2.046285917912862,3.7630084402061326,3.342530868218444,3.404759903159726,2.6937230720547563,3.0871076056769313,3.036133729999885,2.536838231877547,3.3511859782050215,2.0471379167810038,3.333995265846319,2.032543693539014,2.914956109138352,2.048017671562562,3.384014230816253,2.162570689215623,2.1224291792654566,2.668376768108587,2.144641443281504,2.8545237542530755,2.171629665288925,2.131186607253253,2.080002648577939,2.2128106259441327,2.0655848442619806
476,3.950403408400538,4.118859677194727,3.5423720842343833,3.4144818253921185,3.9845862892038295,3.961244364565462,2.046026501350815,3.7627827939710463,3.340367418107067,3.4068831180163293,2.691219479625449,3.0884383679595855,3.0436245975510925,2.525086486558405,3.353549207213792,2.0468839133564227,3.3300309616171266,2.032377019086069,2.9159869099518705,2.047643893850175,3.386206342521084,2.1618238925244255,2.1222104793898713,2.6633119034346144,2.142927642499306,2.8610831789661377,2.17120631101356,2.1314534242059366,2.079878263223308,2.2142778321718715,2.065421239761403
477,3.9479036800697296,4.123153920141025,3.5430860739791155,3.411808502848145,3.9837805213233697,3.961063131656911,2.045770597514586,3.7626124215901333,3.3382936244061465,3.408725872373764,2.68888425328254,3.0899416336222094,3.0505521659095374,2.5135065577745115,3.355802667578902,2.046633020911765,3.326212854806974,2.032212552377515,2.9168699963039773,2.047274976896909,3.3882937402565823,2.161102253383188,2.122019866410516,2.6582997944862576,2.1412148061225857,2.8672899783413834,2.1707754633011733,2.1317318734222783,2.079759775058991,2.2157737811625804,2.065256144136612
478,3.945101851969564,4.127382953459427,3.5439084157414826,3.4091214136015244,3.982797711005434,3.9607744264694382,2.0455182100361617,3.7624856317511575,3.336297912150859,3.4102656185877684,2.6867044619548324,3.0916433079046963,3.056894298802478,2.5021328270164647,3.357965853026694,2.0463852603240964,3.322534733576584,2.032050225643368,2.9175784258073003,2.046911007606363,3.390251612604698,2.1604075767156035,2.121858725686785,2.6533754683890223,2.1395059260202802,2.873113597812432,2.1703373422224326,2.132021003238895,2.07964675498903,2.2172977930503563,2.0650895215937193
479,3.941989293478936,4.1315300435341396,3.5448408518055476,3.4064229135453328,3.9816523127078276,3.960366872181638,2.045269348946813,3.7623983177695424,3.3343741984354294,3.4114960350551677,2.6846699572433743,3.0935680993917485,3.06264456232167,2.490996954502018,3.3600528044951483,2.046140636975301,3.3189719582144503,2.031889957007184,2.9180889098072824,2.0465520838307802,3.392064433189475,2.159741385537689,2.1217279271322904,2.648564820443981,2.1378034853114896,2.878515858593848,2.1698914730089878,2.1323193337681,2.079538574268262,2.218848085791843,2.0649212896309486
480,3.9385619273610035,4.1355843972456805,3.5458943765212148,3.4037270012038023,3.9803693791443124,3.959839198766576,2.045024026915028,3.762352415444687,3.3325193631161305,3.4124219795059747,2.6827672679813093,3.095721232052645,3.0678016265396275,2.4801254442875798,3.3620648825734034,2.0458991490461416,3.315502367167475,2.031731669895342,2.9183983175491477,2.0461983285620775,3.3937325245592387,2.159105063117901,2.121627909618796,2.643886515525667,2.136109625301097,2.883455944107014,2.169436864778506,2.132624890506042,2.0794344334577217,2.2204219926418496,2.064751336786461
481,3.9348169825784183,4.139537058942012,3.5470774273146244,3.4010456130283098,3.978973091804947,3.959188670202161,2.0447822380080547,3.7623478526478857,3.330726281677358,3.4130478456891313,2.6809753136616097,3.09808150888295,3.0723627576410086,2.4695394072583716,3.363993986223679,2.0456608048548977,3.312128225367612,2.031575310888718,2.91853308141242,2.0458498930645193,3.3952740050340355,2.158500014422347,2.1215589213900463,2.6393580393226195,2.134426630751867,2.8879016691970043,2.168972577291477,2.132935466236572,2.079333447053235,2.2220163651790963,2.064579548413524
482,3.930753970236979,4.14337844879108,3.5483896410087423,3.398383599581689,3.9774838819141403,3.958411516524608,2.0445439637297453,3.762388470868766,3.3289914649611925,3.4133850374720547,2.6792713089260314,3.100614337092812,3.076329664850343,2.4592560813394484,3.3658306415630843,2.0454256219700486,3.30886483018794,2.0314208314159403,2.918524673264908,2.0455069099375303,3.3967079796376938,2.157927275598057,2.1215209326099838,2.6349950661436594,2.1327570167971945,2.891835602624279,2.168498153613473,2.1332488763096262,2.079234693769142,2.22362763249192,2.064405805069658
483,3.926378132296363,4.147098275789686,3.549822209400469,3.395742088950384,3.975922090348766,3.957510719595576,2.044309188042267,3.762490910321441,3.327323776102458,3.413462497292154,2.6776385214502674,3.1032883401213778,3.079718108133495,2.449290517207707,3.367571728071828,2.0451936172683265,3.30571635282812,2.0312681583254446,2.9183772733755595,2.0451694391913096,3.3980349273083768,2.1573869953806732,2.121513386188384,2.6308075048817323,2.1311034006847156,2.895256783978114,2.168013822131824,2.1335631135101454,2.079137235667003,2.2252516933398026,2.064229970077207
484,3.9217008401546267,4.150685849364551,3.551356985723621,3.3931162787802753,3.974304194168933,3.9564901098304652,2.0440778809631754,3.7626750918791627,3.3257326964823597,3.413311212264909,2.6760642750519406,3.106077739495528,3.0825588653278198,2.439656099508117,3.3692246411264453,2.0449648109255403,3.3026784379788023,2.0311171989076726,2.9180719961504527,2.0448374763135653,3.3992399194879805,2.1568785889394237,2.121535316153589,2.6268022969556695,2.1294686481661143,2.898184781432742,2.167520610673778,2.1338764189465005,2.079040146605612,2.226884048456895,2.064051895611769
485,3.9167400802617602,4.154131779571918,3.5529690000188383,3.3904949195908465,3.9726392635010206,3.9553473425634658,2.043849977827821,3.7629492480632294,3.3242114062165156,3.4129426177773765,2.6745336495681347,3.1089545293065055,3.084892440135917,2.4303637185318827,3.3708033352913156,2.044739226723608,3.299750361076536,2.0309678611216144,2.917591679707523,2.044510994176372,3.4003095923927313,2.1564012426532773,2.121585631273982,2.6229877465621314,2.12785594216656,2.9006602692509245,2.167020148479151,2.1341871785090976,2.0789425120301117,2.2285199375093647,2.063871437899866
486,3.9115252194194787,4.157432606816825,3.5546380715687533,3.3878736718875,3.9709389397001087,3.9540866495320723,2.0436253978210117,3.7633145023179093,3.3227422911536086,3.412358229044081,2.6730311341297757,3.1118854012040904,3.0867671653978705,2.421420753498065,3.3723187857534187,2.044516873817623,3.2969260809518337,2.0308200520373534,2.916927186352507,2.0441899543929125,3.401238080860852,2.155953938051433,2.121662964716165,2.6193683318976815,2.1262682754055944,2.9027339055870454,2.1665139724305673,2.1344935991550273,2.078843353848503,2.230153992851105,2.063688450992038
487,3.906099854187313,4.160593776214541,3.556356196314992,3.3852653298015016,3.969225634365716,3.9527295742858266,2.0434040676266023,3.763775505851152,3.321311705347524,3.4115722549185943,2.6715466962741408,3.1148351934434038,3.088239251161012,2.4128308960505658,3.373773854411701,2.0442977378864713,3.2941883884785,2.030673674104734,2.916078006821549,2.0438743096937237,3.402028834183828,2.1555353356727136,2.1217653898109528,2.6159377301798203,2.124707937085929,2.9044540767179594,2.1660028895367547,2.1347934308810377,2.0787415616758556,2.231779799692142,2.0635027725071686
488,3.9005175133542935,4.163626612218172,3.558119360158541,3.3826898359802335,3.967522333236168,3.951300933398577,2.0431859082871817,3.764334534445662,3.319909074198232,3.4106123175848797,2.670076382257825,3.117769713762054,3.089368880556874,2.4045947237765706,3.375166217939845,2.044081796336043,3.2915295126665765,2.030528642482446,2.9150680750803732,2.0435640314017176,3.4027052853846245,2.1551441260193918,2.121890597081388,2.6126821810414307,2.1231766505586966,2.9058669066047176,2.1654869882576904,2.1350840166892557,2.0786359283159697,2.233390036021504,2.0633142353629537
489,3.894836312849318,4.166543239767031,3.5599161814452436,3.3801608103160894,3.965840631041461,3.949814111218678,2.0429708206327617,3.764984320743757,3.31852321034699,3.4095136309983527,2.6686215831705664,3.120659694477438,3.090216628267502,2.396710471696963,3.37649372163809,2.0438690315180215,3.2889648381356906,2.0303848938956097,2.9139502551014775,2.043259118484805,3.4033123059371837,2.15477927901046,2.12203619396318,2.6095866494440374,2.121675896174758,2.907021494084484,2.164966032910198,2.1353625524981528,2.0785252370874,2.234976905501991,2.0631226871745967
490,3.88911941669976,4.169355066515363,3.561728273858561,3.3776883947735596,3.9641861108970238,3.9482811601096293,2.0427587035202297,3.765716371838743,3.317151122757654,3.4083261421262847,2.667191468956949,3.1234863151436527,3.0908440141561986,2.389174430157469,3.3777556574518277,2.0436594198786033,3.28651249719797,2.0302423656814343,2.912779029058168,2.042959554035231,3.4038942370662526,2.1544396441402394,2.122199642037881,2.606633917044886,2.120206887565535,2.907969735762882,2.164439763547428,2.135626321997258,2.0784083207288755,2.236532398808386,2.062927994840411
491,3.883435927770024,4.172072372928462,3.5635335893600066,3.375284843901246,3.962566681974166,3.946726620897957,2.0425494681400296,3.7665255511738756,3.3157999673375067,3.4071099429074927,2.6658001899342105,3.1262382337153647,3.0913105097112457,2.381980643771701,3.3789510037064385,2.043452919241189,3.2841746525261537,2.0301009810014756,2.911589117393688,2.0426652689417217,3.404474484603,2.15412361214839,2.1223782620404252,2.6038048233495026,2.1187705860419195,2.90876686812371,2.163908203521891,2.1358729158689163,2.07828412488987,2.2380487418578787,2.062730058219549
492,3.877857084498129,4.1747023614776815,3.5653036293133553,3.372959299424365,3.960988931282662,3.945182312132922,2.042343021509087,3.767398061736756,3.314472046203951,3.4059090790212476,2.6644571621210082,3.1289006287101158,3.091665293314641,2.375120579292702,3.3800784199297924,2.043249474910181,3.281948273422446,2.02996066325051,2.9104060096592255,2.0423761564083533,3.4050572546579043,2.153829381565312,2.122569601031598,2.601084925119829,2.1173679793069398,2.9094764194204634,2.163371992235517,2.1361004389853915,2.0781517915055603,2.2395191458562755,2.0625288410269356
493,3.8724527036746976,4.177249168422748,3.567004488773066,3.370716148328302,3.959455748508975,3.9436802364234076,2.0421392577628485,3.7683057370776565,3.313158371797942,3.404741972636174,2.6631641903149923,3.131453325787552,3.091945949794155,2.3685838370489556,3.381139586608604,2.043049028783915,3.279835235039566,2.029821346974812,2.909256320434342,2.0420920931817363,3.405634999443518,2.1535551745773573,2.1227715595939505,2.5984660291365675,2.1160000756889468,2.9101675409546965,2.162832269950359,2.1363075006423693,2.0780106749935965,2.2409380580310305,2.062324376530394
494,3.8672905949306426,4.1797166663932375,3.5686054815927557,3.3685636202943674,3.9579728490706407,3.9422560919714202,2.0419380772434472,3.7692183047963344,3.3118526861117688,3.4036243878981125,2.6619239697925163,3.133882717952273,3.092186976305814,2.3623595725030606,3.3821426033333535,2.0428515184013127,3.277833359990426,2.029682968416263,2.908159929614996,2.041812941437334,3.4061901018954024,2.1532990768995357,2.1229820667006933,2.595938730431547,2.1146674669715524,2.9109011799649545,2.162290061506804,2.1364929554955965,2.077860269501266,2.242300638514274,2.0621167348250475
495,3.8624332855331045,4.182109054732079,3.5700817828759845,3.3665146385716023,3.956548656365889,3.940943998050985,2.041739391787298,3.7701092196132926,3.310559042926573,3.4025843981728396,2.660744888037791,3.1361884516406295,3.0924239739765618,2.356437290101942,3.3831025658636467,2.0426568805106355,3.2759386191280386,2.0295454681023255,2.9071343415206057,2.041538568740277,3.4067057594606402,2.153059218542836,2.1231990193716754,2.5934895874606605,2.113370131878695,2.911720922909189,2.1617458415616455,2.1366557005151128,2.0777001581862606,2.243602414329093,2.0619060015711064
496,3.857931594806405,4.1844283425608255,3.571409414586179,3.364577909481268,3.95518667382476,3.9397628371721023,2.0415431091045804,3.7709483660080445,3.3092838460709,3.4016531008492326,2.65963609055588,3.1383762267095365,3.09268861502715,2.350806542848198,3.384037762719089,2.0424650583751953,3.274159915205522,2.029408808381296,2.906213400033873,2.0412688819717157,3.407182740961165,2.1528343328795607,2.1234206740645054,2.5911066014701998,2.1121076497843996,2.9126547485191843,2.1611995829441772,2.1367946795703494,2.0775300301902053,2.244839548900407,2.0616922869359153
497,3.8538225503441215,4.186673699166088,3.5725668888896873,3.362758648033261,3.953888427480179,3.938720178965396,2.041349137279319,3.7717039900258573,3.3080346689504196,3.400860739489217,2.658603729278852,3.1404500754322635,3.093005068991051,2.345456219516229,3.3849613281660034,2.0422759907047614,3.2725089262653153,2.0292729696561675,2.9054425661244823,2.0410038213151696,3.4076363427621064,2.1526238240792863,2.1236458408621846,2.58878157957718,2.110879313259777,2.913716869096434,2.160650923719776,2.1369089576765696,2.077349698634947,2.24600909401632,2.0614757309089935
498,3.8501305047254184,4.188842573259453,3.5735413504513693,3.361065470191062,3.9526621273636486,3.937825742662082,2.0411574009236015,3.7723513275792335,3.306824312704289,3.4002382573204897,2.6576507006481096,3.142410764972971,3.0933914208764475,2.3403743509170583,3.385876254405724,2.042089595977007,3.2709771791325926,2.0291379317730285,2.904855533875975,2.0407433248349176,3.4080777508329962,2.1524273666635736,2.1238737939061316,2.5865087448568067,2.1096841462215123,2.9149088241089602,2.160099389075536,2.136997850333981,2.0771591167844776,2.2471091283576015,2.0612564999689327
499,3.84686464512817,4.19092958453204,3.5743261211145594,3.3595058324805476,3.95151906233364,3.9370870226677845,2.0409678332446113,3.7728690934311584,3.30566350529203,3.399804089089005,2.6567740129699424,3.1442555758035104,3.0938604863248553,2.335548685580603,3.3867802747630096,2.0419057798436686,3.269540532745345,2.0290036729028413,2.904466684566893,2.040487315366904,3.4085052958538995,2.152244759759871,2.12410432358305,2.584287103007526,2.108521138272892,2.916226517654434,2.159544813235745,2.1370611685725187,2.0769584324654544,2.2481391626804204,2.0610347944573397
500,3.844015830393963,4.192925113951261,3.574915183045591,3.3580777472527554,3.9504652281368244,3.9364975014967336,2.0407803620129625,3.773233518931895,3.3045534365428013,3.3995535378991857,2.65596356798556,3.1459801055320913,3.0944206332534883,2.3309675087858195,3.3876742968364666,2.04172445350401,3.26817921111053,2.0288701781524616,2.9042748251046584,2.040235705286667,3.4089060399670603,2.1520759551507513,2.1243377740319125,2.5821223037368863,2.107389426153416,2.9176658414725614,2.1589875902109688,2.137099365728091,2.0767480190189245,2.2491003896769253,2.060810852477736
501,3.8415588707521833,4.194817364940618,3.575306196547895,3.3567732899416907,3.9495039365551468,3.936040847166576,2.040594919669194,3.773426290226058,3.3034936211016497,3.399472299602516,2.6552070933649974,3.1475831750748027,3.095079136740442,2.326620031962581,3.388564688624822,2.041545538886499,3.26688272628013,2.028737437647329,2.9042595330103715,2.039988393183785,3.4092560901386095,2.1519208680394386,2.124574753197062,2.5800215353431653,2.1062881033240632,2.9192176433254002,2.1584283890202562,2.1371133664268953,2.0765284128842305,2.249995244866181,2.0605849311226194
502,3.8394570019065704,4.196595129828319,3.5755050254942646,3.3555847164500903,3.9486410776360943,3.935699301451133,2.040411455267081,3.773442511817917,3.302490153498196,3.399551224427384,2.6544935344706544,3.149066704538913,3.095842443437736,2.3224960555229477,3.3894584931740277,2.0413689657733567,3.265650021009386,2.028605446785701,2.9043848014293023,2.0397452701821623,3.409527136480591,2.151779355334876,2.1248159239229336,2.5779889082633374,2.1052160039040713,2.920860885246542,2.157867711253261,2.1371042591336895,2.0763002207202765,2.2508268119239045,2.0603572879594725
503,3.837664249494341,4.198247995427005,3.57552333746572,3.3545020533128542,3.947882013250291,3.9354502419016937,2.040229924917682,3.7732846412851764,3.3015497382165777,3.399780153127953,2.6538096184224047,3.1504284918306475,3.09671111667586,2.3185852777956333,3.3903569008984342,2.041194671346703,3.2644968490964854,2.0284742177601753,2.904618922031414,2.039506245692221,3.4097027181385546,2.1516516224184996,2.1250622160541113,2.5760280916637166,2.104171790136197,2.922564120669681,2.1573057542544083,2.137073118676144,2.07606407308791,2.2515986511022152,2.0601281823071824
504,3.8361294275388977,4.199766741176842,3.5753776668637895,3.3535130691951993,3.9472300137723177,3.9352651096518905,2.04005028521116,3.7729576603305723,3.3006746491225942,3.400141894981395,2.653138486677298,3.1516608024596677,3.0976785641895055,2.3148769790357555,3.391250926911912,2.0410225926186865,3.263446728500126,2.0283437781293108,2.9049411554685163,2.039271254096348,3.40978389683057,2.1515384086723945,2.125314976738608,2.574144746150879,2.1031540744785273,2.9242891451976742,2.156742441319315,2.137020937265076,2.0758205956257743,2.2523146268560965,2.0598978722778405
505,3.8348023351517453,4.201144977679142,3.5750925115800825,3.3526091295302383,3.946689858396946,3.935116250852454,2.0398725001223177,3.7724729416395526,3.2998665034498043,3.400617652748416,2.6524641951944337,3.152758835311618,3.098736274890123,2.3113603391498296,3.3921224190902253,2.0408526546692656,3.2625057479282864,2.028214152394681,2.9053265637757018,2.039040232447766,3.4097782009245496,2.1514406837337963,2.125575792514689,2.5723447491529523,2.102161433233687,2.925992900568944,2.1561774917716026,2.1369486201531918,2.0755703805913908,2.2529785279451953,2.059666598416979
506,3.8336359726394527,4.202378500701885,3.574696480478747,3.351782879508984,3.9462642138618182,3.9349744153877215,2.0396965363769786,3.771845966626622,3.299124612248788,3.401184339384529,2.6517737024618544,3.1537262645465214,3.0998762421970047,2.3080249562126864,3.3929517346681877,2.0406847756135167,3.2616595225592553,2.0280853561047505,2.9057397553564166,2.038813107832495,3.409691845836476,2.151359433728485,2.1258463827391436,2.5706346428363007,2.1011925389313784,2.927633960704325,2.1556106910063257,2.13685711249763,2.0753140004956667,2.253594016150525,2.059434580723479
507,3.83258575236896,4.203463371271363,3.574214260566314,3.351021319867329,3.945947010868185,3.9348029375510225,2.039522353893064,3.7710908558217593,3.298441677622058,3.4018082296642005,2.6510554611271244,3.1545726363672846,3.1010881625902944,2.3048610441226027,3.393726124274667,2.040518883040983,3.260892273125746,2.0279574043115773,2.906142160618602,2.0385897992830126,3.4095294580747355,2.1512956031332293,2.12612855575713,2.5690229973076217,2.100246296673981,2.929179836707885,2.155042145166883,2.136747515021749,2.0750520322875885,2.254164786957104,2.0592020274815415
508,3.831611752295733,4.204396766326353,3.5736666793307554,3.350309487146599,3.945727987887654,3.934567936604909,2.0393499162795137,3.770226252999324,3.2978105809143514,3.4024547491357873,2.6503007191878307,3.1553088871804578,3.1023573273626877,2.3018591908482984,3.3944415385161184,2.040354919432253,3.2601952313782827,2.02783031288654,2.906492929388734,2.0383702113134237,3.4092902408526387,2.1512498180144757,2.126423902199296,2.5675164591465514,2.0993217152168446,2.9306056632024067,2.154472160123355,2.136620977870929,2.0747850252228215,2.254694340837513,2.058969131556469
509,3.8306815756903996,4.205178590009917,3.573073574959058,3.349636707197779,3.9455993504850433,3.934250027580331,2.0391792016554926,3.769280703257636,3.2972304405980504,3.403098199452754,2.6495043739097985,3.155942321608345,3.1036631933541496,2.2990099690151813,3.395099590682106,2.0401928398205627,3.2595674970846686,2.027704098648466,2.906752294249624,2.0381542332250606,3.4089678000463777,2.1512222268698036,2.126733555416904,2.5661161943773614,2.0984177593988234,2.9318906380598833,2.1539009993290725,2.136478511675128,2.0745134526720292,2.2551856512116197,2.0587360639864785
510,3.8297699608930427,4.205810928977074,3.572451313144977,3.3489942043922674,3.9455527959669405,3.9338399200941314,2.0390101930804856,3.7682851583019397,3.2967000917278098,3.4037148664499695,2.6486624285610425,3.1564730567073247,3.1049783468150567,2.296303828969289,3.395705100029594,2.0400326114739666,3.2590203762581003,2.0275787861495105,2.9068959715969003,2.037941756170305,3.4085597912377903,2.1512127584681964,2.127058336228414,2.5648204649785478,2.0975334307206897,2.933020295492876,2.1533288566578648,2.136320923728912,2.07423770287161,2.2556411304640784,2.058502977214236
511,3.8288591225987876,4.206298026746444,3.571812840521645,3.3483746740182254,3.9455772654947587,3.9333334075381,2.038842871963211,3.767267754533224,3.296214062852735,3.404280397917554,2.647773138216582,3.1568997493670157,3.1062735139031936,2.293731442157126,3.396264641295754,2.0398742065332542,3.2585662102746404,2.027454403225921,2.906917301067753,2.0377326793313983,3.4080716206962784,2.151221265556195,2.1273988502807386,2.56362650711867,2.0966678312725104,2.9339877277471222,2.152755852200281,2.1361488016700796,2.0739580724433604,2.25606246670533,2.058269998765854
512,3.827940369483199,4.206647313100602,3.571171475613968,3.3477763543145214,3.945661234434075,3.9327326763397705,2.0386772220686673,3.76625599081458,3.2957660907850688,3.4047774200224836,2.646841770355281,3.1572301475522613,3.10752598235919,2.2912841885990245,3.396785582954834,2.0397175905066054,3.258197699583435,2.0273309672801276,2.906815302350182,2.037526900417532,3.407510850648796,2.1512473965605534,2.1277553831072016,2.562529314143676,2.095820126464078,2.9347915665008464,2.152181982823431,2.135962506229725,2.073674755145672,2.2564503196714223,2.058037217317982
513,3.8270120569452883,4.206868314716925,3.570538681432968,3.3471998823542095,3.9457899453936807,3.9320414625823275,2.0385132244983755,3.7652732798261326,3.29534726758479,3.4051937065298867,2.645880194333375,3.15748224570947,3.1087213369170916,2.28895431634435,3.397276292628525,2.0395627232553832,3.257890526129158,2.027208485797674,2.9065942235342335,2.0373243168860493,3.406886694185575,2.151290642351483,2.1281279580693857,2.5615230782586056,2.094989602333775,2.935437815071908,2.1516072385803504,2.1357622693731315,2.073387870007835,2.256804473946382,2.05780468764074
514,3.8260763284459234,4.20697113163722,3.56992056013957,3.3466440858311897,3.9459436910439205,3.9312628536719867,2.0383508538909068,3.7643358328430505,3.2949442068861194,3.4055182245306095,2.6449030064087644,3.157676336238749,3.1098494976643685,2.2867346709999965,3.3977452308260623,2.039409565917496,3.257620239702569,2.0270869647660477,2.9062688195371154,2.037124830099459,3.4062109155184745,2.1513503984484994,2.128516405299868,2.560602476946821,2.0941756979676147,2.9359415085534764,2.151031720041466,2.1355482957276886,2.0730974999378295,2.25712423449255,2.057572446383617
515,3.82513887301065,4.206967139503664,3.5693208989180634,3.3461099611581955,3.946104526817287,3.93040905860235,2.0381900888410716,3.763458736063487,3.294545733093378,3.405748309711951,2.643926250822925,3.157827894785764,3.1109022177969434,2.2846183324176996,3.398198176279072,2.039258081054631,3.2573685445288887,2.0269664087421457,2.9058588366925813,2.0369283366344866,3.405491632578503,2.1514257573044135,2.1289201847335804,2.559759714361464,2.093377877696829,2.9363224777407826,2.1504555597169506,2.135320757717028,2.0728037003947866,2.2574085792917638,2.0573405186241236
516,3.824207957635274,4.206869074015943,3.568742522504837,3.3456015129538814,3.9462589205612133,3.9295037348966737,2.038030913965416,3.7626571685145414,3.2941449169615247,3.405890614337411,2.642965740006895,3.1579436473589926,3.1118718443380926,2.282598526757117,3.3986378515428854,2.0391082341285625,3.257128718421682,2.0268468220080726,2.9053862957254295,2.036734726056594,3.404731109890843,2.1515154572632005,2.1293383445589797,2.558983630637576,2.09259558136418,2.9366028443827092,2.149878904727602,2.13507982887884,2.0725065177533857,2.257656371585479,2.057108924872511
517,3.8232919091006337,4.2066897304388045,3.568184841901875,3.3451207908340086,3.9463931725137606,3.9285719341736356,2.0378733091835532,3.761939755655588,3.2937338273794863,3.405952584412823,2.6420348303770833,3.158022580606727,3.112751846585839,2.280668884115213,3.3990665315175486,2.03895999667952,3.256909715827581,2.02672821161243,2.904878035604793,2.0365438888676675,3.4039300899866665,2.1516180984318174,2.129769722685115,2.5582624627537855,2.091828301280067,2.9368082345731956,2.149302020767454,2.134825788453104,2.0722060236839352,2.25786666512189,2.056877688950355
518,3.8223993351648757,4.206442197731625,3.567646215657337,3.344668846315638,3.9464935796680782,3.9276360404084336,2.03771724830623,3.7613083755446546,3.293304446590776,3.405943231533647,2.6411461677434236,3.1580634283473277,3.113541531223936,2.278823774874991,3.399486992533005,2.0388133399936534,3.2567218454322058,2.0266105799657916,2.9043578752195627,2.0363557152951364,3.4030875142133397,2.151732214800994,2.1302130226825713,2.5575842240342603,2.0910755682241886,2.9369651931011513,2.1487252607749117,2.1345590446304326,2.071902319813167,2.2580386718562817,2.05664683245091
519,3.821539679334255,4.206140199539165,3.567126679954453,3.344247845732081,3.9465484426443176,3.9267151963447082,2.0375627011787234,3.760760316964935,3.2928512503306315,3.4058758066133796,2.6403128282243196,3.1580691499512783,3.114248688261311,2.2770583465451057,3.399900809284731,2.038668227669694,3.256562617978204,2.02649391891578,2.9038405298408767,2.036170094882493,3.4022010112061736,2.1518563543787863,2.130666891234721,2.556936688328081,2.0903369115173374,2.9370977133002194,2.1481489853298106,2.134280111397071,2.0715955320238777,2.2581716960604954,2.0564163698719615
520,3.820720991390536,4.205796659354613,3.5666252286124642,3.3438573448881788,3.9465461373967123,3.9258207335052995,2.037409629332505,3.7602859121499543,3.2923685465941874,3.4057620024046877,2.639544755486412,3.1580420782969316,3.114885511022739,2.2753681759459456,3.4003059494078656,2.038524617383572,3.25642201946196,2.0263782164042143,2.9033390977145865,2.0359869272178313,3.401274082631887,2.15198935690646,2.131130170969424,2.5563098535402955,2.089611893883908,2.9372273336249677,2.14757358213067,2.133989620436035,2.0712858223635573,2.258265378221507,2.056186317555048
521,3.819948662027446,4.205423140827264,3.5661393581873244,3.343494041653698,3.9464773691935813,3.924959005655972,2.0372579901939347,3.7598724407332274,3.2918528610541236,3.4056131497927318,2.6388466558665655,3.157978208592671,3.1154642549035785,2.273748857753951,3.400694504860027,2.0383824634054175,3.256288288506595,2.026263460799041,2.902866975845211,2.0358061237829816,3.4003178655551562,2.1521304132511725,2.1316019657939593,2.555695747239638,2.0889000715810586,2.9373710566272226,2.146999423692585,2.133688289543947,2.070973386423056,2.2583198145027383,2.0559566989350593
522,3.819225625278147,4.205030446217627,3.5656673949589863,3.343155199282325,3.9463400629052487,3.9241384140990085,2.0371077462531426,3.7595120763369407,3.2913090062225105,3.4054465602406125,2.6382191133215533,3.157866825888287,3.1159962247816653,2.2721959111777217,3.401054372082945,2.038241719090077,3.2561481228439924,2.0261496394035357,2.9024305578537395,2.0356275984562027,3.3993451520860947,2.152278843330852,2.1320814715969494,2.5550857375729747,2.0882009094914777,2.937537996948185,2.146426814698396,2.133376890043081,2.070658442144837,2.2583354917239875,2.0557275426046457
523,3.818552776334603,4.204628870989813,3.5652081259615747,3.342840199106519,3.946139124737784,3.923369969424269,2.036958862233223,3.759199212506096,3.290748798853289,3.40527786572573,2.6376595536863263,3.157696605613634,3.1164923484097953,2.2707052448770506,3.40138202407484,2.0381023452375007,3.2559934304204137,2.026036739482663,2.9020265057525156,2.035451257502031,3.3983613623535907,2.1524337515398044,2.1325677104131864,2.5544688420552317,2.0875137758653306,2.9377306071019813,2.1458561043757145,2.133056340725966,2.0703412535964048,2.258313460001262,2.0554988895457007
524,3.8179315745398497,4.204227601763583,3.5647575468815886,3.3425508581079386,3.9458809373402457,3.922664534976301,2.0368112913336636,3.758913745992988,3.290179884570621,3.4050972193315507,2.637162357739925,3.1574684936360953,3.1169641805956054,2.269273890487546,3.4017012760854217,2.0379643178458386,3.2558397272001276,2.0259247512830645,2.9016505139533075,2.035276995376606,3.397355735249544,2.1525937202573178,2.133059275644377,2.553831583005522,2.086838003978779,2.937949539834885,2.1452878187720237,2.1327278516187054,2.070022185743809,2.2582558594669595,2.055270817048896
525,3.817360283584794,4.203830093737674,3.5643006276369067,3.342279713238869,3.9455617151523317,3.922020119173265,2.036664969825582,3.75861330728001,3.2895958452359366,3.4048673426020164,2.636717949822366,3.1571958503651905,3.1174228433278257,2.267899503400679,3.4020458831539653,2.037827616879654,3.2557342980704416,2.025813669973617,2.901319679435061,2.035104726831473,3.3963193883195775,2.1527576027586113,2.1335550208419383,2.5531660735799298,2.0861731004069184,2.9381995750348144,2.1447225605647793,2.1323928055087094,2.069701683658546,2.2581659100332865,2.0550434387795726
526,3.8168302945359383,4.2034349646373705,3.5638223405093017,3.3420129691939886,3.945180622807613,3.921431301252856,2.0365198655039762,3.75827973540947,3.289006945283119,3.4045976107868143,2.636320377628841,3.156887385708361,3.117883140619072,2.266578732152425,3.402405608708344,2.0376921787188707,3.255675489096676,2.025703466679897,2.901049938015511,2.0349344004772814,3.395260439193897,2.1529252506405276,2.134054713469743,2.5524718224080276,2.085518667117744,2.9384790161291754,2.144160454838609,2.1320522469763072,2.0693800869429113,2.258046012144866,2.0548168249309557
527,3.8163328806400347,4.2030419351964365,3.5633230378320846,3.3417470285603437,3.9447546523489403,3.9209027782602615,2.0363759839194104,3.757931362510962,3.2884482594641593,3.4043459399409155,2.635966053823621,3.156544869778391,3.11836432984268,2.265307326544523,3.4027345812375964,2.037557896239793,3.2555788945701787,2.02559407910263,2.900827049132746,2.0347659646646874,3.394188974308545,2.1530969408480143,2.1345586644531194,2.551749198933879,2.0848741938074986,2.9387721565675182,2.1436011999785722,2.131706923160041,2.069057627380262,2.2578975702707673,2.0545909915649507
528,3.8158564955551855,4.2026504630996335,3.5628070451926743,3.3414817895965827,3.9442929018503223,3.920417746216598,2.036233281104649,3.7575520094286277,3.28792853395427,3.404112212210455,2.6356401132829053,3.156173197242572,3.118879513364061,2.2640816570979836,3.4030104349892962,2.0374246810685466,3.255366549329201,2.025485455150128,2.9006244548165814,2.0345993479098614,3.3931076132662805,2.1532729520076654,2.135067519760161,2.5510045665448264,2.0842393201365668,2.939072983947103,2.143045336437105,2.1313581483292205,2.068734710887979,2.257723685038754,2.0543659930973357
529,3.815382391677314,4.202256466717649,3.5622704668450753,3.3412054706836765,3.9437874579271663,3.9199329965685528,2.0360916632392336,3.757088694203537,3.2874276582100097,3.4038510723960345,2.6353179845204657,3.1557652051707326,3.1194217801362836,2.2628982632455656,3.403232744170472,2.0372924822003196,3.2550350269210506,2.0253775830698455,2.9004292458604786,2.0344344804617527,3.3920198052726276,2.1534536689759083,2.1355821657381107,2.550250396391053,2.083613899150624,2.9393907956977565,2.1424941932096764,2.1310077068663755,2.0684118925759383,2.2575291473665318,2.0541419466930284
530,3.81489641437209,4.201858989913579,3.5617133683317137,3.3409110809996108,3.943254051689294,3.91944879953286,2.035951102394636,3.7565429091597213,3.2869594657641894,3.4035792242567275,2.634979515965819,3.1552870625097915,3.11996784613579,2.2617529649409125,3.4034007037186527,2.037161287195274,3.254665129219845,2.025270473521747,2.900241173352594,2.034271301482672,3.390929483178852,2.153638783350034,2.136102347345214,2.549480944019995,2.082997306117137,2.9397094296956587,2.141947872103027,2.1306564770105254,2.068089502192989,2.2573173954462646,2.0539189592887084
531,3.814397779831123,4.201464637078774,3.5611497483227814,3.3406174469252297,3.9427404094445424,3.9190221015118296,2.035811635042181,3.75596924328606,3.2865672954847422,3.403356279708046,2.6346175653737784,3.1547155342334956,3.120502784185781,2.260642585420861,3.403542739908307,2.037031114417259,3.2543631593480504,2.0251641262625157,2.900040376815417,2.034109719415795,3.3898191437239102,2.153826352971612,2.136625924128936,2.5486660562512546,2.0823883380189936,2.9399849297030185,2.141405323556692,2.130304500064995,2.0677676604545194,2.2570902378968305,2.0536971021719532
532,3.81388429974168,4.201069704891776,3.5605680182987323,3.3403151849731314,3.9422478877565936,3.918636683553144,2.0356732076709654,3.7553604723919354,3.2862326670219746,3.403155082738414,2.6342235455339273,3.1540758200265038,3.121023122401346,2.2595655974622995,3.403712711172289,2.0369019763106198,3.2542047171083697,2.025058541191018,2.8998178713373397,2.0339496580050107,3.3886846290541963,2.1540155940321304,2.1371523151914813,2.5478003772525604,2.0817865673811977,2.940209871636708,2.1408669073699365,2.1299526601147996,2.0674466733125993,2.256850941766274,2.0534764849853095
533,3.8133503548004746,4.2006625686376236,3.559949283664944,3.3399753440561017,3.941744210214271,3.9182150094838906,2.0355357133939025,3.7546676498517244,3.285898425851281,3.4029057845259794,2.6337869741371485,3.153419509386514,3.1215376002037276,2.2585193480519927,3.403904024208305,2.0367737881768546,3.254106486518923,2.0249536856901766,2.899555314900137,2.033791070073947,3.387540607921748,2.154208014033938,2.137683942951681,2.5469150720767457,2.0811925020588182,2.9404146700364877,2.1403342145479485,2.1296024337499584,2.0671269044326475,2.256602813244514,2.0532571971191906
534,3.8128048702441495,4.200244386750587,3.5593211673365364,3.339622935391331,3.9412521275686023,3.9177610311738365,2.035399148730597,3.7539140649527245,3.2855665781318475,3.402630483647356,2.633315697014174,3.152794604927667,3.1220693910039405,2.2574994281475633,3.404050427106777,2.0366463922682523,3.2538535225448677,2.0248494743396406,2.899191769917734,2.0336338819894992,3.3863777494025418,2.1544041898609443,2.1382223767677053,2.546024465922398,2.0806060625042617,2.940597503748406,2.139807347448905,2.1292540699637788,2.066808379350158,2.2563457023969202,2.053039217499943
535,3.8122465405654817,4.199813718828775,3.5586916070026864,3.3392698649727075,3.9407878521232065,3.9172864336299766,2.0352635179036693,3.753125768571539,3.2852388393436986,3.402348680609071,2.632809692423244,3.152214396660319,3.1226158775287307,2.2565021512440127,3.404128361812117,2.0365197361821816,3.2534245406636426,2.02474589378403,2.898757642194828,2.033478074789337,3.3852183609838287,2.154604211882161,2.1387678726780495,2.545128639234207,2.080026819107894,2.9407440445901463,2.139285557027356,2.1289072219715526,2.066491069708332,2.2560797365254115,2.0528225640118123
536,3.811660723541605,4.19936191807677,3.558032793216104,3.3388900962065193,3.9403329501803066,3.9167682410356126,2.0351287845224197,3.752298430558909,3.284896389366239,3.402059394052314,2.6322603770794366,3.1516645070708833,3.123146002665288,2.255525096859019,3.404166615472934,2.036393867800273,3.252999756327136,2.024643000680325,2.8983473892853797,2.033323663946696,3.3841040961656064,2.1548081009655804,2.1393200003268613,2.544224921960573,2.079454453177577,2.9408520594518257,2.138768410232988,2.1285618738475973,2.0661750785708373,2.2558068233202855,2.0526073323150014
537,3.8110521089007334,4.198893629924655,3.5573562908418257,3.3385028081610026,3.9399131708604487,3.916247766806041,2.034994972111425,3.7514779170429007,3.284560204825631,3.401819433976571,2.6316749103863573,3.1511321965553547,3.1236426992198405,2.2545659074134368,3.404189037511383,2.0362688018773802,3.252670291435199,2.0245407982134953,2.8979597324061745,2.033170571295882,3.383006693177591,2.1550137803303007,2.139876594499077,2.543290959603496,2.078888294125588,2.9409056058597347,2.1382552868961575,2.1282178049701885,2.0658604049823728,2.255527452027676,2.052393559923328
538,3.81042879520923,4.198411858172443,3.556675995770381,3.33812765021756,3.939550003404014,3.9157597911187456,2.034862084365461,3.750691856974766,3.2842225388818367,3.401628418926837,2.6310490083700877,3.1506014478213036,3.1240931261356364,2.253621802531901,3.4042111624999913,2.0361445256819235,3.252439616511001,2.0244392698443305,2.8975723616379234,2.033018703575869,3.3818814157838593,2.155219338340473,2.1404365794803693,2.5423197929954124,2.078328144329842,2.9409149837959814,2.137746526626459,2.127875221069748,2.0655471083384978,2.2552426807027133,2.0521812861932878
539,3.8097923881659765,4.197909060835144,3.555981623485256,3.3377492537180578,3.939217450513894,3.915265347263756,2.034730059830979,3.7499116957897756,3.2838329407513545,3.401425960795403,2.6303759539589247,3.150088637887684,3.124495022265113,2.2526908653786566,3.4042445330764495,2.0360209975839236,3.252253221735427,2.0243383931923193,2.8971807024099334,2.0328680133884762,3.3807152649624546,2.155424752303733,2.1410011433176392,2.541332598368342,2.0777745303856974,2.940925072234003,2.13724345969044,2.1275349806943424,2.065235359604405,2.2549541550011933,2.0519705605485625
540,3.809152623496192,4.197383812196861,3.555281231211744,3.337367513961918,3.9388963083105506,3.914727076107359,2.0345988616152817,3.7491276648492433,3.283375419464488,3.4012170599406586,2.6296750375538056,3.1496501737661915,3.124874357941036,2.2517725566719013,3.4042872089141984,2.0358981396239817,3.2519870909111113,2.024238111139214,2.8967501577849673,2.0327184581528397,3.379502405626947,2.1556301332248937,2.141571034234168,2.5403419669456078,2.0772277059598294,2.9409603979552497,2.13674650397372,2.1271973968112743,2.0649251663574075,2.254661105416322,2.051761351200285
541,3.8085164363763924,4.196839821071467,3.55458565150254,3.3369890539949774,3.9385828959928952,3.914137634407038,2.0344684802668915,3.7483504923039987,3.282854020444932,3.4010405721844417,2.6289592510063375,3.149296976358686,3.125240719440396,2.250865662450401,3.404332157546749,2.035775924174417,3.2516247873753956,2.0241384112550245,2.896305228081439,2.0325700394465085,3.378277124664816,2.155835718692048,2.1421460196490125,2.5393444747481126,2.0766874068804704,2.9410151229740653,2.1362547717644986,2.126861838105071,2.064616395530976,2.2543621645964573,2.0515536241486707
542,3.807886933238742,4.19628202790328,3.5539005350194417,3.3366231919499807,3.9382875760821303,3.9135288776494885,2.034338927508777,3.747602685663538,3.282283236744617,3.400939723092882,2.628227018769202,3.1489901598677337,3.1255779709578837,2.2499675766885314,3.404369252085205,2.0356543621380183,3.2512523467314898,2.024039321894134,2.895910124609787,2.032422775476501,3.377092413872569,2.156041518080647,2.1427251172586717,2.538325633508326,2.0761530404658637,2.9410669373746963,2.135766880899245,2.1265273336254666,2.0643089027016415,2.2540567115913257,2.051347384592115
543,3.8072677883481836,4.195712918450695,3.5532323966694386,3.3362785559170005,3.9380201555296335,3.9129378220184896,2.0342102162466613,3.7469009947420417,3.281679730771481,3.4009337275856018,2.6274759932569367,3.1487068629473547,3.1258777923425463,2.2490758080354696,3.4043837893517352,2.0355334380209205,3.2509089093848518,2.023940846995191,2.8955776407896896,2.0322766425025742,3.375961437338636,2.156246968409243,2.1433075648120585,2.5372765470087115,2.075624263548034,2.9411088667542593,2.1352823548657334,2.126193612434157,2.064002654783379,2.2537448278724472,2.0511426403697084
544,3.8066550999819864,4.195128396726745,3.5525753474181254,3.3359398180616218,3.9377629709267836,3.9123521232837586,2.0340823131442596,3.7462187876166966,3.281021730076792,3.4009571195706245,2.626694851880447,3.1484445944396704,3.126144638413141,2.2481894944764416,3.4043811748634334,2.035413140530567,3.2505976539028087,2.0238429800806674,2.8952925292405713,2.032131597958287,3.374864399003194,2.1564516592980763,2.143893867197798,2.5362087778401623,2.07510140069752,2.9411723982918776,2.134802211726551,2.1258614401001035,2.0636978015078022,2.253428082099747,2.0509394129108185
545,3.8060557839559763,4.194532168137302,3.5519418006153773,3.3356146530735575,3.937517284352595,3.9117826116493917,2.033955216255642,3.7455574292065665,3.280317735546718,3.4009865803436887,2.6258922279592105,3.14822921881419,3.1264040225555334,2.247309236046485,3.404383824611295,2.035293450894326,3.2502726358597482,2.023745679998093,2.894980857237338,2.0319875540035968,3.373739092770754,2.15665381195791,2.144483208465249,2.53511894597373,2.0745844741921564,2.9412715915696825,2.1343271207745196,2.1255315198104285,2.0633944559104664,2.25310716735037,2.0507376884809934
546,3.805469074836438,4.193922863413566,3.5513223163787013,3.335291798781359,3.937268404699094,3.9112189274558835,2.033828915812286,3.744914732884435,3.2795871059709545,3.4010289888514884,2.6250767074018406,3.1480726047712344,3.12666393133272,2.2464349865330218,3.404406717947701,2.0351743658942807,3.2499440635162022,2.0236489339598607,2.8946213743437976,2.0318444776141145,3.372570366264128,2.1568528377075675,2.145075216655844,2.5340043052437236,2.0740733918234313,2.9414097722902897,2.1338572967172134,2.1252043504433606,2.0630927247233366,2.252782995290014,2.050537475416244
547,3.8048843200808284,4.1932953737564524,3.550692817651056,3.3349435983460474,3.9369908734765615,3.910632197866503,2.0337033788584593,3.744264993308499,3.278828836536997,3.4010672939941236,2.6242374318581234,3.147943952061843,3.1269067340712855,2.245564986805209,3.4044366143634166,2.035055891282918,3.249670412628795,2.0235527759767296,2.8942796895807286,2.0317024125236722,3.3714088988715107,2.1570501109095197,2.145670949619399,2.5328728384548906,2.0735681243886286,2.9415867990540487,2.133392556156396,2.1248800405014716,2.0627926806613868,2.2524570255806484,2.0503388143748875
548,3.8043163947665612,4.192664218886962,3.550085666433597,3.3346093736376714,3.9367228267022463,3.910080134971956,2.0335786425535023,3.7436393193746005,3.2780855482360653,3.401150174329305,2.6233817506336594,3.147825019750371,3.127137770578323,2.2446971752263454,3.404436287323902,2.0349379774344043,3.249389388171844,2.023457189860379,2.8939532404600485,2.031561345037767,3.3702631877549862,2.1572453162094334,2.146269650382088,2.5317086058788885,2.0730680158111676,2.9417603682211646,2.13293147670602,2.124557819711064,2.06249418648108,2.2521283405547705,2.0501416782227952
549,3.803765566134519,4.192032684103779,3.549501879129892,3.334288941288943,3.936460350422458,3.909554278549197,2.033454688372265,3.7430230605991714,3.277358334954423,3.4012680522337186,2.622507890380715,3.14770502252418,3.127357241137553,2.243830741224918,3.404397264061732,2.0348206039465264,3.2490807157505452,2.0233621765472067,2.8936636918701018,2.0314212859871073,3.36915502932035,2.157439082781928,2.1468718868339254,2.5305138994676506,2.0725729288489156,2.9419197692731216,2.1324736857724975,2.124237668508552,2.0621972714536194,2.2517976566430784,2.049946080732843
550,3.803765566134519,4.192032684103779,3.549501879129892,3.334288941288943,3.936460350422458,3.909554278549197,2.033454688372265,3.7430230605991714,3.277358334954423,3.4012680522337186,2.622507890380715,3.14770502252418,3.127357241137553,2.243830741224918,3.404397264061732,2.0348206039465264,3.2490807157505452,2.0233621765472067,2.8936636918701018,2.0314212859871073,3.36915502932035,2.157439082781928,2.1468718868339254,2.5305138994676506,2.0725729288489156,2.9419197692731216,2.1324736857724975,2.124237668508552,2.0621972714536194,2.2517976566430784,2.049946080732843
551,3.803765566134519,4.192032684103779,3.549501879129892,3.334288941288943,3.936460350422458,3.909554278549197,2.033454688372265,3.7430230605991714,3.277358334954423,3.4012680522337186,2.622507890380715,3.14770502252418,3.127357241137553,2.243830741224918,3.404397264061732,2.0348206039465264,3.2490807157505452,2.0233621765472067,2.8936636918701018,2.0314212859871073,3.36915502932035,2.157439082781928,2.1468718868339254,2.5305138994676506,2.0725729288489156,2.9419197692731216,2.1324736857724975,2.124237668508552,2.0621972714536194,2.2517976566430784,2.049946080732843
552,3.803765566134519,4.192032684103779,3.549501879129892,3.334288941288943,3.936460350422458,3.909554278549197,2.033454688372265,3.7430230605991714,3.277358334954423,3.4012680522337186,2.622507890380715,3.14770502252418,3.127357241137553,2.243830741224918,3.404397264061732,2.0348206039465264,3.2490807157505452,2.0233621765472067,2.8936636918701018,2.0314212859871073,3.36915502932035,2.157439082781928,2.1468718868339254,2.5305138994676506,2.0725729288489156,2.9419197692731216,2.1324736857724975,2.124237668508552,2.0621972714536194,2.2517976566430784,2.049946080732843
553,3.803765566134519,4.192032684103779,3.549501879129892,3.334288941288943,3.936460350422458,3.909554278549197,2.033454688372265,3.7430230605991714,3.277358334954423,3.4012680522337186,2.622507890380715,3.14770502252418,3.127357241137553,2.243830741224918,3.404397264061732,2.0348206039465264,3.2490807157505452,2.0233621765472067,2.8936636918701018,2.0314212859871073,3.36915502932035,2.157439082781928,2.1468718868339254,2.5305138994676506,2.0725729288489156,2.9419197692731216,2.1324736857724975,2.124237668508552,2.0621972714536194,2.2517976566430784,2.049946080732843
554,3.803765566134519,4.192032684103779,3.549501879129892,3.334288941288943,3.936460350422458,3.909554278549197,2.033454688372265,3.7430230605991714,3.277358334954423,3.4012680522337186,2.622507890380715,3.14770502252418,3.127357241137553,2.243830741224918,3.404397264061732,2.0348206039465264,3.2490807157505452,2.0233621765472067,2.8936636918701018,2.0314212859871073,3.36915502932035,2.157439082781928,2.1468718868339254,2.5305138994676506,2.0725729288489156,2.9419197692731216,2.1324736857724975,2.124237668508552,2.0621972714536194,2.2517976566430784,2.049946080732843
555,3.803765566134519,4.192032684103779,3.549501879129892,3.334288941288943,3.936460350422458,3.909554278549197,2.033454688372265,3.7430230605991714,3.277358334954423,3.4012680522337186,2.622507890380715,3.14770502252418,3.127357241137553,2.243830741224918,3.404397264061732,2.0348206039465264,3.2490807157505452,2.0233621765472067,2.8936636918701018,2.0314212859871073,3.36915502932035,2.157439082781928,2.1468718868339254,2.5305138994676506,2.0725729288489156,2.9419197692731216,2.1324736857724975,2.124237668508552,2.0621972714536194,2.2517976566430784,2.049946080732843
556,3.803765566134519,4.192032684103779,3.549501879129892,3.334288941288943,3.936460350422458,3.909554278549197,2.033454688372265,3.7430230605991714,3.277358334954423,3.4012680522337186,2.622507890380715,3.14770502252418,3.127357241137553,2.243830741224918,3.404397264061732,2.0348206039465264,3.2490807157505452,2.0233621765472067,2.8936636918701018,2.0314212859871073,3.36915502932035,2.157439082781928,2.1468718868339254,2.5305138994676506,2.0725729288489156,2.9419197692731216,2.1324736857724975,2.124237668508552,2.0621972714536194,2.2517976566430784,2.049946080732843
557,3.803765566134519,4.192032684103779,3.549501879129892,3.334288941288943,3.936460350422458,3.909554278549197,2.033454688372265,3.7430230605991714,3.277358334954423,3.4012680522337186,2.622507890380715,3.14770502252418,3.127357241137553,2.243830741224918,3.404397264061732,2.0348206039465264,3.2490807157505452,2.0233621765472067,2.8936636918701018,2.0314212859871073,3.36915502932035,2.157439082781928,2.1468718868339254,2.5305138994676506,2.0725729288489156,2.9419197692731216,2.1324736857724975,2.124237668508552,2.0621972714536194,2.2517976566430784,2.049946080732843
558,3.803765566134519,4.192032684103779,3.549501879129892,3.334288941288943,3.936460350422458,3.909554278549197,2.033454688372265,3.7430230605991714,3.277358334954423,3.4012680522337186,2.622507890380715,3.14770502252418,3.127357241137553,2.243830741224918,3.404397264061732,2.0348206039465264,3.2490807157505452,2.0233621765472067,2.8936636918701018,2.0314212859871073,3.36915502932035,2.157439082781928,2.1468718868339254,2.5305138994676506,2.0725729288489156,2.9419197692731216,2.1324736857724975,2.124237668508552,2.0621972714536194,2.2517976566430784,2.049946080732843
559,3.803765566134519,4.192032684103779,3.549501879129892,3.334288941288943,3.936460350422458,3.909554278549197,2.033454688372265,3.7430230605991714,3.277358334954423,3.4012680522337186,2.622507890380715,3.14770502252418,3.127357241137553,2.243830741224918,3.404397264061732,2.0348206039465264,3.2490807157505452,2.0233621765472067,2.8936636918701018,2.0314212859871073,3.36915502932035,2.157439082781928,2.1468718868339254,2.5305138994676506,2.0725729288489156,2.9419197692731216,2.1324736857724975,2.124237668508552,2.0621972714536194,2.2517976566430784,2.049946080732843
560,3.803765566134519,4.192032684103779,3.549501879129892,3.334288941288943,3.936460350422458,3.909554278549197,2.033454688372265,3.7430230605991714,3.277358334954423,3.4012680522337186,2.622507890380715,3.14770502252418,3.127357241137553,2.243830741224918,3.404397264061732,2.0348206039465264,3.2490807157505452,2.0233621765472067,2.8936636918701018,2.0314212859871073,3.36915502932035,2.157439082781928,2.1468718868339254,2.5305138994676506,2.0725729288489156,2.9419197692731216,2.1324736857724975,2.124237668508552,2.0621972714536194,2.2517976566430784,2.049946080732843
561,3.803765566134519,4.192032684103779,3.549501879129892,3.334288941288943,3.936460350422458,3.909554278549197,2.033454688372265,3.7430230605991714,3.277358334954423,3.4012680522337186,2.622507890380715,3.14770502252418,3.127357241137553,2.243830741224918,3.404397264061732,2.0348206039465264,3.2490807157505452,2.0233621765472067,2.8936636918701018,2.0314212859871073,3.36915502932035,2.157439082781928,2.1468718868339254,2.5305138994676506,2.0725729288489156,2.9419197692731216,2.1324736857724975,2.124237668508552,2.0621972714536194,2.2517976566430784,2.049946080732843
562,3.803765566134519,4.192032684103779,3.549501879129892,3.334288941288943,3.936460350422458,3.909554278549197,2.033454688372265,3.7430230605991714,3.277358334954423,3.4012680522337186,2.622507890380715,3.14770502252418,3.127357241137553,2.243830741224918,3.404397264061732,2.0348206039465264,3.2490807157505452,2.0233621765472067,2.8936636918701018,2.0314212859871073,3.36915502932035,2.157439082781928,2.1468718868339254,2.5305138994676506,2.0725729288489156,2.9419197692731216,2.1324736857724975,2.124237668508552,2.0621972714536194,2.2517976566430784,2.049946080732843
563,3.803765566134519,4.192032684103779,3.549501879129892,3.334288941288943,3.936460350422458,3.909554278549197,2.033454688372265,3.7430230605991714,3.277358334954423,3.4012680522337186,2.622507890380715,3.14770502252418,3.127357241137553,2.243830741224918,3.404397264061732,2.0348206039465264,3.2490807157505452,2.0233621765472067,2.8936636918701018,2.0314212859871073,3.36915502932035,2.157439082781928,2.1468718868339254,2.5305138994676506,2.0725729288489156,2.9419197692731216,2.1324736857724975,2.124237668508552,2.0621972714536194,2.2517976566430784,2.049946080732843
564,3.803765566134519,4.192032684103779,3.549501879129892,3.334288941288943,3.936460350422458,3.909554278549197,2.033454688372265,3.7430230605991714,3.277358334954423,3.4012680522337186,2.622507890380715,3.14770502252418,3.127357241137553,2.243830741224918,3.404397264061732,2.0348206039465264,3.2490807157505452,2.0233621765472067,2.8936636918701018,2.0314212859871073,3.36915502932035,2.157439082781928,2.1468718868339254,2.5305138994676506,2.0725729288489156,2.9419197692731216,2.1324736857724975,2.124237668508552,2.0621972714536194,2.2517976566430784,2.049946080732843
565,3.803765566134519,4.192032684103779,3.549501879129892,3.334288941288943,3.936460350422458,3.909554278549197,2.033454688372265,3.7430230605991714,3.277358334954423,3.4012680522337186,2.622507890380715,3.14770502252418,3.127357241137553,2.243830741224918,3.404397264061732,2.0348206039465264,3.2490807157505452,2.0233621765472067,2.8936636918701018,2.0314212859871073,3.36915502932035,2.157439082781928,2.1468718868339254,2.5305138994676506,2.0725729288489156,2.9419197692731216,2.1324736857724975,2.124237668508552,2.0621972714536194,2.2517976566430784,2.049946080732843
566,3.803765566134519,4.192032684103779,3.549501879129892,3.334288941288943,3.936460350422458,3.909554278549197,2.033454688372265,3.7430230605991714,3.277358334954423,3.4012680522337186,2.622507890380715,3.14770502252418,3.127357241137553,2.243830741224918,3.404397264061732,2.0348206039465264,3.2490807157505452,2.0233621765472067,2.8936636918701018,2.0314212859871073,3.36915502932035,2.157439082781928,2.1468718868339254,2.5305138994676506,2.0725729288489156,2.9419197692731216,2.1324736857724975,2.124237668508552,2.0621972714536194,2.2517976566430784,2.049946080732843
567,3.803765566134519,4.192032684103779,3.549501879129892,3.334288941288943,3.936460350422458,3.909554278549197,2.033454688372265,3.7430230605991714,3.277358334954423,3.4012680522337186,2.622507890380715,3.14770502252418,3.127357241137553,2.243830741224918,3.404397264061732,2.0348206039465264,3.2490807157505452,2.0233621765472067,2.8936636918701018,2.0314212859871073,3.36915502932035,2.157439082781928,2.1468718868339254,2.5305138994676506,2.0725729288489156,2.9419197692731216,2.1324736857724975,2.124237668508552,2.0621972714536194,2.2517976566430784,2.049946080732843
568,3.803765566134519,4.192032684103779,3.549501879129892,3.334288941288943,3.936460350422458,3.909554278549197,2.033454688372265,3.7430230605991714,3.277358334954423,3.4012680522337186,2.622507890380715,3.14770502252418,3.127357241137553,2.243830741224918,3.404397264061732,2.0348206039465264,3.2490807157505452,2.0233621765472067,2.8936636918701018,2.0314212859871073,3.36915502932035,2.157439082781928,2.1468718868339254,2.5305138994676506,2.0725729288489156,2.9419197692731216,2.1324736857724975,2.124237668508552,2.0621972714536194,2.2517976566430784,2.049946080732843
569,3.803765566134519,4.192032684103779,3.549501879129892,3.334288941288943,3.936460350422458,3.909554278549197,2.033454688372265,3.7430230605991714,3.277358334954423,3.4012680522337186,2.622507890380715,3.14770502252418,3.127357241137553,2.243830741224918,3.404397264061732,2.0348206039465264,3.2490807157505452,2.0233621765472067,2.8936636918701018,2.0314212859871073,3.36915502932035,2.157439082781928,2.1468718868339254,2.5305138994676506,2.0725729288489156,2.9419197692731216,2.1324736857724975,2.124237668508552,2.0621972714536194,2.2517976566430784,2.049946080732843
570,3.803765566134519,4.192032684103779,3.549501879129892,3.334288941288943,3.936460350422458,3.909554278549197,2.033454688372265,3.7430230605991714,3.277358334954423,3.4012680522337186,2.622507890380715,3.14770502252418,3.127357241137553,2.243830741224918,3.404397264061732,2.0348206039465264,3.2490807157505452,2.0233621765472067,2.8936636918701018,2.0314212859871073,3.36915502932035,2.157439082781928,2.1468718868339254,2.5305138994676506,2.0725729288489156,2.9419197692731216,2.1324736857724975,2.124237668508552,2.0621972714536194,2.2517976566430784,2.049946080732843
